0.0, 0.0, 0.0, 0.0, -69.69557584733964, 0.0, -6.972459419812653, 1.7453292519943298e-11, 0.0, 0.0, 1.0, 0.0, 0.0, 0.0, 1.0, 0.0, 0.0, 0.0, 1.0, 
0.01, -0.6969557584733964, 0.0, -0.06972459419812653, -69.69557584733964, 1.2169237383742436e-12, -6.972459419812653, 1.7453292519943298e-11, 0.0, 0.0, 1.0, 0.0, 0.0, 0.0, 1.0, 1.7453292519943298e-13, 0.0, -1.7453292519943298e-13, 1.0, 
0.02, -1.3939115169467928, 1.2169237383742437e-14, -0.13944918839625306, -69.69557584733964, 2.4338474767484873e-12, -6.972459419812653, 1.7453292519943298e-11, 0.0, 0.0, 1.0, 0.0, 0.0, 0.0, 1.0, 3.4906585039886597e-13, 0.0, -3.4906585039886597e-13, 1.0, 
0.03, -2.090867275420189, 3.650771215122731e-14, -0.20917378259437958, -69.69557584733964, 3.650771215122731e-12, -6.972459419812653, 1.7453292519943298e-11, 0.0, 0.0, 1.0, 0.0, 0.0, 0.0, 1.0, 5.23598775598299e-13, 0.0, -5.23598775598299e-13, 1.0, 
0.04, -2.7878230338935857, 7.301542430245461e-14, -0.2788983767925061, -69.69557584733964, 4.8676949534969746e-12, -6.972459419812653, 1.7453292519943298e-11, 0.0, 0.0, 1.0, 0.0, 0.0, 0.0, 1.0, 6.981317007977319e-13, 0.0, -6.981317007977319e-13, 1.0, 
0.05, -3.484778792366982, 1.2169237383742437e-13, -0.34862297099063266, -69.69557584733964, 6.084618691871218e-12, -6.972459419812653, 1.7453292519943298e-11, 0.0, 0.0, 1.0, 0.0, 0.0, 0.0, 1.0, 8.726646259971649e-13, 0.0, -8.726646259971649e-13, 1.0, 
0.06, -4.181734550840378, 1.8253856075613656e-13, -0.4183475651887592, -69.69557584733964, 7.301542430245462e-12, -6.972459419812653, 0.015514037812958435, 0.0, 0.0, 1.0, 0.0, 0.0, 0.0, 1.0, 1.047197551196598e-12, 0.0, -1.047197551196598e-12, 1.0, 
0.07, -4.878690309313774, 2.555539850585912e-13, -0.48807215938688575, -69.69557584733964, 0.0010817099851668714, -6.972459335904205, 0.0310280756084636, 0.0, 0.0, 1.0, 0.0, 0.0, 0.0, 0.999999987965732, 0.00015514037730978095, 0.0, -0.00015514037730978095, 0.9999999879657316, 
0.08, -5.57564606778717, 1.08171001072227e-05, -0.5577967527459278, -69.69557584733964, 0.0032451297834695573, -6.9724586646366635, 0.04654211340396875, 0.0, 0.0, 1.0, 0.0, 0.0, 0.0, 0.9999998916915904, 0.0004654211072564052, 0.0, -0.0004654211072564052, 0.9999998916915906, 
0.09, -6.2726018262605665, 4.326839794191827e-05, -0.6275213393922944, -69.69557584733964, 0.0064902586992599985, -6.972456399109012, 0.06205615119947389, 0.0, 0.0, 1.0, 0.0, 0.0, 0.0, 0.9999995667664079, 0.0009308420900690432, 0.0, -0.0009308420900690432, 0.9999995667664078, 
0.1, -6.969557584733963, 0.00010817098493451827, -0.6972459033833844, -69.69557584733964, 0.010817094701795538, -6.9724510289708315, 0.07757018899497904, 0.0, 0.0, 1.0, 0.0, 0.0, 0.0, 0.9999987965735881, 0.0015514030344957086, 0.0, -0.0015514030344957086, 0.9999987965735881, 
0.11, -7.666513343207359, 0.00021634193195247363, -0.7669704136730927, -69.69557584733964, 0.016225633260960652, -6.972440540424814, 0.0930842267904842, 0.0, 0.0, 1.0, 0.0, 0.0, 0.0, 0.999997292291471, 0.00232710329082082, 0.0, -0.00232710329082082, 0.999997292291471, 
0.12, -8.363469101680755, 0.00037859826456208015, -0.8366948190773409, -69.69557584733964, 0.022715865785165715, -6.972422416232096, 0.10859826458598933, 0.0, 0.0, 1.0, 0.0, 0.0, 0.0, 0.9999946928940953, 0.003257941626826432, 0.0, -0.003257941626826432, 0.9999946928940954, 
0.13, -9.060424860154152, 0.0006057569224137373, -0.9064190432396618, -69.69557584733964, 0.03028777766873245, -6.972393635722103, 0.1241123023814945, 0.0, 0.0, 1.0, 0.0, 0.0, 0.0, 0.9999905651526113, 0.00434391594774549, 0.0, -0.00434391594774549, 0.9999905651526113, 
0.14, -9.757380618627549, 0.0009086346991010618, -0.9761429795968829, -69.69557584733964, 0.038941345948780424, -6.972350674809027, 0.13962634017699965, 0.0, 0.0, 1.0, 0.0, 0.0, 0.0, 0.9999844036376437, 0.005585022960209177, 0.0, -0.005585022960209177, 0.9999844036376437, 
0.15, -10.454336377100946, 0.001298048158588866, -1.0458664863449731, -69.69557584733964, 0.04867653657163861, -6.972289506017488, 0.1551403779725048, 0.0, 0.0, 1.0, 0.0, 0.0, 0.0, 0.9999756307229724, 0.006981257780191789, 0.0, -0.006981257780191789, 0.9999756307229725, 
0.16, -11.151292135574343, 0.001784813524305252, -1.115589381405148, -69.69557584733964, 0.05949330126881873, -6.972205598520337, 0.17065441576800994, 0.0, 0.0, 1.0, 0.0, 0.0, 0.0, 0.9999635965909539, 0.00853261348495841, 0.0, -0.00853261348495841, 0.999963596590954, 
0.17, -11.84824789404774, 0.0023797465369934396, -1.1853114373903515, -69.69557584733964, 0.07139157404260447, -6.972093918192003, 0.1861684535635151, 0.0, 0.0, 1.0, 0.0, 0.0, 0.0, 0.9999475792401729, 0.01023908060902314, 0.0, -0.01023908060902314, 0.999947579240173, 
0.18, -12.545203652521137, 0.0030936622774194846, -1.2550323765722715, -69.69557584733964, 0.08437126726133218, -6.971948927681192, 0.20168249135902028, 0.0, 0.0, 1.0, 0.0, 0.0, 0.0, 0.9999267844958681, 0.012100646584128731, 0.0, -0.012100646584128731, 0.999926784495868, 
0.19, -13.242159410994534, 0.003937374950032806, -1.3247518658490833, -69.69557584733964, 0.09843226736446614, -6.9717645865071844, 0.2171965291545254, 0.0, 0.0, 1.0, 0.0, 0.0, 0.0, 0.9999003460237439, 0.014117295123262399, 0.0, -0.014117295123262399, 0.9999003460237439, 
0.2, -13.93911516946793, 0.004921697623677468, -1.3944695117141552, -69.69557584733964, 0.11357443017760466, -6.9715343511843955, 0.2327105669500306, 0.0, 0.0, 1.0, 0.0, 0.0, 0.0, 0.9998673253478352, 0.01628900554872736, 0.0, -0.01628900554872736, 0.9998673253478351, 
0.21, -14.636070927941327, 0.006057441925453514, -1.4641848552259993, -69.69557584733964, 0.12979757583759197, -6.971251175380276, 0.24822460474553568, 0.0, 0.0, 1.0, 0.0, 0.0, 0.0, 0.9998267118731528, 0.01861575206429521, 0.0, -0.01861575206429521, 0.9998267118731529, 
0.22, -15.333026686414724, 0.0073554176838294336, -1.533897366979802, -69.69557584733964, 0.14710148332795933, -6.970907510112073, 0.26373864254104085, 0.0, 0.0, 1.0, 0.0, 0.0, 0.0, 0.9997774229139047, 0.021097502971471133, 0.0, -0.021097502971471133, 0.9997774229139047, 
0.23, -16.02998244488812, 0.008826432517109028, -1.6036064420809226, -69.69557584733964, 0.16548588462497094, -6.970495303988383, 0.279252680336546, 0.0, 0.0, 1.0, 0.0, 0.0, 0.0, 0.9997183037281381, 0.023734219829911536, 0.0, -0.023734219829911536, 0.999718303728138, 
0.24, -16.726938203361517, 0.010481291363358737, -1.6733113951208065, -69.69557584733964, 0.1849504584546149, -6.970006003501835, 0.2947667181320512, 0.0, 0.0, 1.0, 0.0, 0.0, 0.0, 0.999648127559718, 0.026525856562042847, 0.0, -0.026525856562042847, 0.9996481275597179, 
0.25, -17.423893961834914, 0.012330795947904887, -1.743011455155825, -69.69557584733964, 0.20549482366095018, -6.96943055337972, 0.31028075592755633, 0.0, 0.0, 1.0, 0.0, 0.0, 0.0, 0.9995655956886138, 0.029472358501940445, 0.0, -0.029472358501940445, 0.9995655956886137, 
0.26, -18.12084972030831, 0.014385744184514389, -1.8127057606896222, -69.69557584733964, 0.22711853218630082, -6.968759396999708, 0.32579479372306147, 0.0, 0.0, 1.0, 0.0, 0.0, 0.0, 0.9994693374905232, 0.03257366138853819, 0.0, -0.03257366138853819, 0.9994693374905229, 
0.27, -18.817805478781708, 0.016656929506377396, -1.8823933546596192, -69.69557584733964, 0.24982106166388116, -6.967982476878319, 0.34130883151856667, 0.0, 0.0, 1.0, 0.0, 0.0, 0.0, 0.9993579105069279, 0.03582969030325224, 0.0, -0.03582969030325224, 0.9993579105069279, 
0.28, -19.514761237255104, 0.019155140123016206, -1.9520731794284023, -69.69557584733964, 0.2736018076235368, -6.967089235240161, 0.3568228693140718, 0.0, 0.0, 1.0, 0.0, 0.0, 0.0, 0.9992298005267364, 0.039240358552117376, 0.0, -0.039240358552117376, 0.9992298005267364, 
0.29, -20.2117169957285, 0.021891158199251574, -2.021744071780804, -69.69557584733964, 0.29846007531139707, -6.966068614676381, 0.37233690710957695, 0.0, 0.0, 1.0, 0.0, 0.0, 0.0, 0.9990834216807183, 0.04280556649255, 0.0, -0.04280556649255, 0.9990834216807183, 
0.3, -20.9086727542019, 0.024875758952365545, -2.0914047579275676, -69.69557584733964, 0.32439507112436494, -6.964909058901229, 0.3878509449050821, 0.0, 0.0, 1.0, 0.0, 0.0, 0.0, 0.9989171165500126, 0.04652520030487051, 0.0, -0.04652520030487051, 0.9989171165500127, 
0.31, -21.605628512675295, 0.028119709663609195, -2.16105384851658, -69.69557584733964, 0.35140589366049857, -6.963598513615993, 0.4033649827005873, 0.0, 0.0, 1.0, 0.0, 0.0, 0.0, 0.9987291562900342, 0.050399130708736445, 0.0, -0.050399130708736445, 0.9987291562900342, 
0.32, -22.302584271148692, 0.031633768600214184, -2.23068983365274, -69.69557584733964, 0.37949152438649864, -6.962124427490004, 0.4188790204960924, 0.0, 0.0, 1.0, 0.0, 0.0, 0.0, 0.9985177407711714, 0.05442721162466019, 0.0, -0.05442721162466019, 0.9985177407711715, 
0.33, -22.99954002962209, 0.03542868384407917, -2.30031107792764, -69.69557584733964, 0.4086508179236704, -6.960473753268847, 0.4343930582915975, 0.0, 0.0, 1.0, 0.0, 0.0, 0.0, 0.998280998737727, 0.058609278780807975, 0.0, -0.058609278780807975, 0.9982809987377269, 
0.34, -23.696495788095486, 0.039515192023315875, -2.3699158154603284, -69.69557584733964, 0.43888249195391177, -6.958632949020268, 0.4499070960871027, 0.0, 0.0, 1.0, 0.0, 0.0, 0.0, 0.998016987986607, 0.0629451482653024, 0.0, -0.0629451482653024, 0.9980169879866069, 
0.35000000000000003, -24.393451546568883, 0.04390401694285499, -2.439502144950531, -69.69557584733964, 0.47018511674747127, -6.956587979528711, 0.4654211338826079, 0.0, 0.0, 1.0, 0.0, 0.0, 0.0, 0.9977236955673285, 0.06743461502427861, 0.0, -0.06743461502427861, 0.9977236955673285, 
0.36, -25.09040730504228, 0.04860586811032971, -2.5090680247458184, -69.69557584733964, 0.5025571043144231, -6.954324317849815, 0.480935171678113, 0.0, 0.0, 1.0, 0.0, 0.0, 0.0, 0.9973990380049678, 0.07207745130597355, 0.0, -0.07207745130597355, 0.9973990380049677, 
0.37, -25.787363063515677, 0.05363143915347394, -2.5786112679243165, -69.69557584733964, 0.5359966971820326, -6.951826947036595, 0.49644920947361815, 0.0, 0.0, 1.0, 0.0, 0.0, 0.0, 0.9970408615477302, 0.07687340505115978, 0.0, -0.07687340505115978, 0.9970408615477303, 
0.38, -26.484318821989074, 0.058991406125294264, -2.6481295373946825, -69.69557584733964, 0.5705019568004266, -6.9490803620494335, 0.5119632472691232, 0.0, 0.0, 1.0, 0.0, 0.0, 0.0, 0.9966469424408857, 0.08182219823027034, 0.0, -0.08182219823027034, 0.9966469424408858, 
0.39, -27.18127458046247, 0.06469642569329853, -2.7176203410151767, -69.69557584733964, 0.6060707515792328, -6.946068571862386, 0.5274772850646284, 0.0, 0.0, 1.0, 0.0, 0.0, 0.0, 0.9962149872288573, 0.08692352512759662, 0.0, -0.08692352512759662, 0.9962149872288572, 
0.4, -27.878230338935868, 0.07075713320909086, -2.7870810267338006, -69.69557584733964, 0.642700744558134, -6.942775101778727, 0.5429913228601335, 0.0, 0.0, 1.0, 0.0, 0.0, 0.0, 0.9957426330873183, 0.09217705057298176, 0.0, -0.09217705057298176, 0.9957426330873184, 
0.41000000000000003, -28.575186097409265, 0.07718414065467219, -2.856508777751588, -69.69557584733964, 0.6803893807145684, -6.939182995968981, 0.5585053606556387, 0.0, 0.0, 1.0, 0.0, 0.0, 0.0, 0.9952274481872043, 0.09758240812147319, 0.0, -0.09758240812147319, 0.9952274481872042, 
0.42, -29.272141855882662, 0.08398803446181788, -2.9259006077112777, -69.69557584733964, 0.7191338739121179, -6.935274820245146, 0.5740193984511438, 0.0, 0.0, 1.0, 0.0, 0.0, 0.0, 0.9946669320925923, 0.1031391981814418, 0.0, -0.1031391981814418, 0.9946669320925922, 
0.43, -29.96909761435606, 0.09117937320093905, -2.995253355913729, -69.69557584733964, 0.7589311934934589, -6.931032665085109, 0.589533436246649, 0.0, 0.0, 1.0, 0.0, 0.0, 0.0, 0.9940585161944684, 0.10884698609172416, 0.0, -0.10884698609172416, 0.9940585161944683, 
0.44, -30.666053372829456, 0.09876868513587364, -3.06456368256458, -69.69557584733964, 0.7997780505220932, -6.926438148921657, 0.6050474740421542, 0.0, 0.0, 1.0, 0.0, 0.0, 0.0, 0.9933995641824425, 0.11470530014839195, 0.0, -0.11470530014839195, 0.9933995641824428, 
0.45, -31.363009131302853, 0.10676646564109457, -3.1338280640537968, -69.69557584733964, 0.8416708836774459, -6.921472421710847, 0.6205615118376593, 0.0, 0.0, 1.0, 0.0, 0.0, 0.0, 0.9926873725565295, 0.12071362958180706, 0.0, -0.12071362958180706, 0.9926873725565296, 
0.46, -32.059964889776246, 0.11518317447786904, -3.2030427882709054, -69.69557584733964, 0.8846058448083062, -6.916116168794823, 0.6360755496331645, 0.0, 0.0, 1.0, 0.0, 0.0, 0.0, 0.9919191711811577, 0.12687142248467545, 0.0, -0.12687142248467545, 0.9919191711811578, 
0.47000000000000003, -32.75692064824964, 0.1240292329259521, -3.2722039499588536, -69.69557584733964, 0.9285787841499972, -6.91034961507453, 0.6515895874286696, 0.0, 0.0, 1.0, 0.0, 0.0, 0.0, 0.9910921238836279, 0.13317808369187292, 0.0, -0.13317808369187292, 0.9910921238836279, 
0.48, -33.45387640672303, 0.13331502076745208, -3.341307446109599, -69.69557584733964, 0.9735852352110858, -6.904152529508106, 0.6671036252241747, 0.0, 0.0, 1.0, 0.0, 0.0, 0.0, 0.9902033290992773, 0.13963297261287547, 0.0, -0.13963297261287547, 0.9902033290992774, 
0.49, -34.15083216519643, 0.14305087311956294, -3.41034897140468, -69.69557584733964, 1.0196203993358999, -6.897504229951026, 0.6826176630196799, 0.0, 0.0, 1.0, 0.0, 0.0, 0.0, 0.9892498205656621, 0.1462354010176938, 0.0, -0.1462354010176938, 0.9892498205656619, 
0.5, -34.84778792366982, 0.15324707711292193, -3.4793240137041903, -69.69557584733964, 1.0666791299495912, -6.890383588354438, 0.698131700815185, 0.0, 0.0, 1.0, 0.0, 0.0, 0.0, 0.9882285680681062, 0.1529846307772778, 0.0, -0.1529846307772778, 0.9882285680681064, 
0.51, -35.54474368214321, 0.16391386841241784, -3.5482278495877346, -69.69557584733964, 1.114755916492982, -6.882769036338361, 0.698131700815185, 0.0, 0.0, 1.0, 0.0, 0.0, 0.0, 0.9871364782390226, 0.1598798715594296, 0.0, -0.1598798715594296, 0.9871364782390226, 
0.52, -36.24169944061661, 0.17506142757734766, -3.617055539951118, -69.69557584733964, 1.1627783731709846, -6.87481903876895, 0.698131700815185, 0.0, 0.0, 1.0, 0.0, 0.0, 0.0, 0.9859962783338327, 0.1667673202753797, 0.0, -0.1667673202753797, 0.9859962783338327, 
0.53, -36.93865519909, 0.1866892113090575, -3.6858037303388076, -69.69557584733964, 1.2107441595128576, -6.866533983105283, 0.698131700815185, 0.0, 0.0, 1.0, 0.0, 0.0, 0.0, 0.9848080239224661, 0.17364664125150114, 0.0, -0.17364664125150114, 0.984808023922466, 
0.54, -37.635610957563394, 0.19879665290418608, -3.7544690701698604, -69.69557584733964, 1.2586509378098014, -6.857914273136163, 0.698131700815185, 0.0, 0.0, 1.0, 0.0, 0.0, 0.0, 0.9835717729168845, 0.1805174992102888, 0.0, -0.1805174992102888, 0.9835717729168845, 
0.55, -38.33256671603679, 0.2113831622822841, -3.823048212901222, -69.69557584733964, 1.306496373228892, -6.848960328960444, 0.698131700815185, 0.0, 0.0, 1.0, 0.0, 0.0, 0.0, 0.9822875855682602, 0.18737955928669958, 0.0, -0.18737955928669958, 0.9822875855682602, 
0.56, -39.02952247451018, 0.224448126014573, -3.8915378161908265, -69.69557584733964, 1.3542781339268737, -6.839672586966553, 0.698131700815185, 0.0, 0.0, 1.0, 0.0, 0.0, 0.0, 0.9809555244640396, 0.19423248704447282, 0.0, -0.19423248704447282, 0.9809555244640394, 
0.5700000000000001, -39.726478232983574, 0.23799090735384174, -3.959934542060492, -69.69557584733964, 1.4019938911638055, -6.830051499811225, 0.698131700815185, 0.0, 0.0, 1.0, 0.0, 0.0, 0.0, 0.9795756545248917, 0.20107594849242974, 0.0, -0.20107594849242974, 0.9795756545248916, 
0.58, -40.42343399145697, 0.2520108462654798, -4.0282350570586045, -69.69557584733964, 1.4496413194165587, -6.820097536397439, 0.698131700815185, 0.0, 0.0, 1.0, 0.0, 0.0, 0.0, 0.9781480430015457, 0.2079096101007512, 0.0, -0.2079096101007512, 0.9781480430015457, 
0.59, -41.12038974993036, 0.26650725945964543, -4.096436032422579, -69.69557584733964, 1.497218096492153, -6.809811181851565, 0.698131700815185, 0.0, 0.0, 1.0, 0.0, 0.0, 0.0, 0.9766727594715123, 0.21473313881723283, 0.0, -0.21473313881723283, 0.9766727594715126, 
0.6, -41.817345508403754, 0.28147944042456696, -4.164534144241094, -69.69557584733964, 1.5447219036409372, -6.799192937499724, 0.698131700815185, 0.0, 0.0, 1.0, 0.0, 0.0, 0.0, 0.9751498758356938, 0.22154620208351722, 0.0, -0.22154620208351722, 0.975149875835694, 
0.61, -42.51430126687715, 0.29692665946097635, -4.232526073616092, -69.69557584733964, 1.5921504256695933, -6.788243320843348, 0.698131700815185, 0.0, 0.0, 1.0, 0.0, 0.0, 0.0, 0.9735794663148782, 0.22834846785130142, 0.0, -0.22834846785130142, 0.9735794663148782, 
0.62, -43.21125702535054, 0.31284816371767227, -4.3004085068245255, -69.69557584733964, 1.6395013510539758, -6.776962865533969, 0.698131700815185, 0.0, 0.0, 1.0, 0.0, 0.0, 0.0, 0.9719616074461233, 0.23513960459852035, 0.0, -0.23513960459852035, 0.9719616074461231, 
0.63, -43.908212783823934, 0.329243177228212, -4.368178135479865, -69.69557584733964, 1.6867723720517669, -6.7653521213472, 0.698131700815185, 0.0, 0.0, 1.0, 0.0, 0.0, 0.0, 0.970296378079025, 0.24191928134550403, 0.0, -0.24191928134550403, 0.9702963780790254, 
0.64, -44.60516854229733, 0.34611090094872965, -4.435831656693337, -69.69557584733964, 1.7339611848149512, -6.753411654155944, 0.698131700815185, 0.0, 0.0, 1.0, 0.0, 0.0, 0.0, 0.9685838593718776, 0.2486871676711088, 0.0, -0.2486871676711088, 0.968583859371878, 
0.65, -45.30212430077072, 0.3634505127968792, -4.503365773234897, -69.69557584733964, 1.781065489502094, -6.741142045902821, 0.698131700815185, 0.0, 0.0, 1.0, 0.0, 0.0, 0.0, 0.9668241347877149, 0.25544293372882054, 0.0, -0.25544293372882054, 0.9668241347877149, 
0.66, -45.999080059244115, 0.3812611676919001, -4.570777193693925, -69.69557584733964, 1.8280829903904312, -6.728543894571795, 0.698131700815185, 0.0, 0.0, 1.0, 0.0, 0.0, 0.0, 0.965017290090243, 0.26218625026283066, 0.0, -0.26218625026283066, 0.9650172900902431, 
0.67, -46.69603581771751, 0.39954199759580444, -4.6380626326396435, -69.69557584733964, 1.8750113959877583, -6.715617814159039, 0.698131700815185, 0.0, 0.0, 1.0, 0.0, 0.0, 0.0, 0.9631634133396629, 0.2689167886240834, 0.0, -0.2689167886240834, 0.9631634133396627, 
0.68, -47.3929915761909, 0.418292111555682, -4.705218810781234, -69.69557584733964, 1.921848419144107, -6.702364434643009, 0.698131700815185, 0.0, 0.0, 1.0, 0.0, 0.0, 0.0, 0.9612625948883757, 0.2756342207862927, 0.0, -0.2756342207862927, 0.9612625948883756, 
0.6900000000000001, -48.089947334664295, 0.4375105957471231, -4.772242455127664, -69.69557584733964, 1.9685917771632144, -6.6887844019537335, 0.698131700815185, 0.0, 0.0, 1.0, 0.0, 0.0, 0.0, 0.9593149273765811, 0.2823382193619292, 0.0, -0.2823382193619292, 0.9593149273765811, 
0.7000000000000001, -48.78690309313769, 0.45719651351875523, -4.839130299147201, -69.69557584733964, 2.0152391919137784, -6.674878377941346, 0.698131700815185, 0.0, 0.0, 1.0, 0.0, 0.0, 0.0, 0.9573205057277618, 0.28902845761817675, 0.0, -0.28902845761817675, 0.957320505727762, 
0.71, -49.48385885161108, 0.477348905437893, -4.905879082926615, -69.69557584733964, 2.0617883899404834, -6.660647040343815, 0.698131700815185, 0.0, 0.0, 1.0, 0.0, 0.0, 0.0, 0.955279427144057, 0.29570460949285565, 0.0, -0.29570460949285565, 0.955279427144057, 
0.72, -50.180814610084475, 0.4979667893372978, -4.972485553330053, -69.69557584733964, 2.1082371025748015, -6.646091082753922, 0.698131700815185, 0.0, 0.0, 1.0, 0.0, 0.0, 0.0, 0.9531917911015246, 0.3023663496103143, 0.0, -0.3023663496103143, 0.953191791101525, 
0.73, -50.87777036855787, 0.5190491603630458, -5.038946464157592, -69.69557584733964, 2.154583066045565, -6.631211214585454, 0.698131700815185, 0.0, 0.0, 1.0, 0.0, 0.0, 0.0, 0.9510576993452953, 0.3090133532972872, 0.0, -0.3090133532972872, 0.9510576993452953, 
0.74, -51.57472612703126, 0.5405949910235015, -5.105258576303446, -69.69557584733964, 2.2008240215892894, -6.616008161038629, 0.698131700815185, 0.0, 0.0, 1.0, 0.0, 0.0, 0.0, 0.9488772558846099, 0.31564529659871793, 0.0, -0.31564529659871793, 0.9488772558846099, 
0.75, -52.271681885504655, 0.5626032312393944, -5.171418657913832, -69.69557584733964, 2.246957715560264, -6.600482663064755, 0.698131700815185, 0.0, 0.0, 1.0, 0.0, 0.0, 0.0, 0.9466505669877541, 0.32226185629354853, 0.0, -0.32226185629354853, 0.9466505669877541, 
0.76, -52.96863764397805, 0.585072808394997, -5.23742348454448, -69.69557584733964, 2.292981899540385, -6.584635477330113, 0.698131700815185, 0.0, 0.0, 1.0, 0.0, 0.0, 0.0, 0.9443777411768772, 0.3288627099104718, 0.0, -0.3288627099104718, 0.9443777411768772, 
0.77, -53.66559340245144, 0.6080026273904008, -5.303269839317781, -69.69557584733964, 2.3388943304487384, -6.568467376179084, 0.698131700815185, 0.0, 0.0, 1.0, 0.0, 0.0, 0.0, 0.9420588892227035, 0.3354475357436478, 0.0, -0.3354475357436478, 0.9420588892227036, 
0.78, -54.362549160924836, 0.6313915706948882, -5.368954513079571, -69.69557584733964, 2.384692770650921, -6.551979147596505, 0.698131700815185, 0.0, 0.0, 1.0, 0.0, 0.0, 0.0, 0.9396941241391339, 0.3420160128683828, 0.0, -0.3420160128683828, 0.939694124139134, 
0.79, -55.05950491939823, 0.6552384984013974, -5.434474304555536, -69.69557584733964, 2.430374988068095, -6.535171595169265, 0.698131700815185, 0.0, 0.0, 1.0, 0.0, 0.0, 0.0, 0.9372835611777379, 0.34856782115677026, 0.0, -0.34856782115677026, 0.9372835611777376, 
0.8, -55.75646067787162, 0.6795422482820783, -5.4998260205072285, -69.69557584733964, 2.47593875628577, -6.518045538047143, 0.698131700815185, 0.0, 0.0, 1.0, 0.0, 0.0, 0.0, 0.9348273178221354, 0.35510264129329244, 0.0, -0.35510264129329244, 0.9348273178221351, 
0.81, -56.453416436345016, 0.704301635844936, -5.5650064758877, -69.69557584733964, 2.521381854662319, -6.50060181090288, 0.698131700815185, 0.0, 0.0, 1.0, 0.0, 0.0, 0.0, 0.9323255137822728, 0.3616201547903835, 0.0, -0.3616201547903835, 0.9323255137822729, 
0.8200000000000001, -57.15037219481841, 0.7295154543915592, -5.630012493996729, -69.69557584733964, 2.5667020684372006, -6.482841263891504, 0.698131700815185, 0.0, 0.0, 1.0, 0.0, 0.0, 0.0, 0.9297782709885885, 0.3681200440039516, 0.0, -0.3681200440039516, 0.9297782709885883, 
0.8300000000000001, -57.8473279532918, 0.7551824750759312, -5.694840906635644, -69.69557584733964, 2.6118971888389, -6.464764762608896, 0.698131700815185, 0.0, 0.0, 1.0, 0.0, 0.0, 0.0, 0.9271857135860679, 0.37460199214885936, 0.0, -0.37460199214885936, 0.9271857135860679, 
0.84, -58.544283711765196, 0.7813014469643201, -5.759488554261733, -69.69557584733964, 2.6569650131925786, -6.446373188049599, 0.698131700815185, 0.0, 0.0, 1.0, 0.0, 0.0, 0.0, 0.9245479679281963, 0.38106568331436347, 0.0, -0.38106568331436347, 0.9245479679281964, 
0.85, -59.24123947023859, 0.8078710970962459, -5.823952286142228, -69.69557584733964, 2.7019033450274286, -6.427667436563889, 0.698131700815185, 0.0, 0.0, 1.0, 0.0, 0.0, 0.0, 0.9218651625707985, 0.38751080247951125, 0.0, -0.38751080247951125, 0.9218651625707988, 
0.86, -59.93819522871198, 0.8348901305465202, -5.888228960507867, -69.69557584733964, 2.746709994183717, -6.408648419814078, 0.698131700815185, 0.0, 0.0, 1.0, 0.0, 0.0, 0.0, 0.9191374282657747, 0.39393703552849363, 0.0, -0.39393703552849363, 0.9191374282657748, 
0.87, -60.635150987185376, 0.8623572304883573, -5.952315444706008, -69.69557584733964, 2.7913827769195314, -6.389317064730096, 0.698131700815185, 0.0, 0.0, 1.0, 0.0, 0.0, 0.0, 0.9163648979547268, 0.40034406926595417, 0.0, -0.40034406926595417, 0.9163648979547269, 
0.88, -61.33210674565877, 0.8902710582575526, -6.0162086153533085, -69.69557584733964, 2.8359195160172064, -6.369674313464302, 0.698131700815185, 0.0, 0.0, 1.0, 0.0, 0.0, 0.0, 0.91354770676248, 0.4067315914322534, 0.0, -0.4067315914322534, 0.9135477067624802, 
0.89, -62.02906250413216, 0.9186302534177246, -6.079905358487951, -69.69557584733964, 2.88031804088944, -6.349721123345577, 0.698131700815185, 0.0, 0.0, 1.0, 0.0, 0.0, 0.0, 0.9106859919904977, 0.4130992907186878, 0.0, -0.4130992907186878, 0.9106859919904978, 
0.9, -62.72601826260556, 0.947433433826619, -6.143402569721407, -69.69557584733964, 2.924576187685074, -6.3294584668326594, 0.698131700815185, 0.0, 0.0, 1.0, 0.0, 0.0, 0.0, 0.907779893110189, 0.41944685678266114, 0.0, -0.41944685678266114, 0.9077798931101888, 
0.91, -63.42297402107895, 0.9766791957034698, -6.206697154389733, -69.69557584733964, 2.968691799394557, -6.308887331466754, 0.698131700815185, 0.0, 0.0, 1.0, 0.0, 0.0, 0.0, 0.9048295517561107, 0.4257739802628101, 0.0, -0.4257739802628101, 0.9048295517561107, 
0.92, -64.11992977955235, 1.0063661136974154, -6.2697860277044, -69.69557584733964, 3.012662725955074, -6.288008719823402, 0.698131700815185, 0.0, 0.0, 1.0, 0.0, 0.0, 0.0, 0.9018351117190666, 0.43208035279408236, 0.0, -0.43208035279408236, 0.9018351117190666, 
0.93, -64.81688553802574, 1.0364927409569662, -6.332666114902635, -69.69557584733964, 3.056486824355328, -6.266823649463616, 0.698131700815185, 0.0, 0.0, 1.0, 0.0, 0.0, 0.0, 0.8987967189390975, 0.4383656670227641, 0.0, -0.4383656670227641, 0.8987967189390975, 
0.9400000000000001, -65.51384129649914, 1.0670576092005195, -6.3953343513972705, -69.69557584733964, 3.1001619587399905, -6.24533315288429, 0.698131700815185, 0.0, 0.0, 1.0, 0.0, 0.0, 0.0, 0.8957145214983695, 0.44462961662146044, 0.0, -0.44462961662146044, 0.8957145214983695, 
0.9500000000000001, -66.21079705497253, 1.0980592287879194, -6.457787682926114, -69.69557584733964, 3.1436860005137888, -6.223538277467876, 0.698131700815185, 0.0, 0.0, 1.0, 0.0, 0.0, 0.0, 0.8925886696139567, 0.4508718963040244, 0.0, -0.4508718963040244, 0.8925886696139567, 
0.96, -66.90775281344592, 1.1294960887930572, -6.5200230657007925, -69.69557584733964, 3.1870568284452525, -6.201440085431342, 0.698131700815185, 0.0, 0.0, 1.0, 0.0, 0.0, 0.0, 0.8894193156305199, 0.45709220184043575, 0.0, -0.45709220184043575, 0.8894193156305199, 
0.97, -67.60470857191932, 1.1613666570775096, -6.582037466555106, -69.69557584733964, 3.230272328770098, -6.179039653774396, 0.698131700815185, 0.0, 0.0, 1.0, 0.0, 0.0, 0.0, 0.8862066140128819, 0.4632902300716286, 0.0, -0.4632902300716286, 0.8862066140128821, 
0.98, -68.30166433039271, 1.1936693803652105, -6.6438278630928504, -69.69557584733964, 3.2733303952942436, -6.156338074227001, 0.698131700815185, 0.0, 0.0, 1.0, 0.0, 0.0, 0.0, 0.8829507213385002, 0.4694656789242664, 0.0, -0.4694656789242664, 0.8829507213385, 
0.99, -68.9986200888661, 1.226402684318153, -6.705391243835121, -69.69557584733964, 3.3162289294964555, -6.133336453196171, 0.698131700815185, 0.0, 0.0, 1.0, 0.0, 0.0, 0.0, 0.8796517962898336, 0.47561824742546316, 0.0, -0.47561824742546316, 0.8796517962898336, 
1.0, -69.6955758473395, 1.2595649736131176, -6.766724608367082, -69.69557584733964, 3.3589658406306313, -6.110035911712037, 0.698131700815185, 0.0, 0.0, 1.0, 0.0, 0.0, 0.0, 0.8763099996466113, 0.48174763571745327, 0.0, -0.48174763571745327, 0.8763099996466113, 
1.01, -70.39253160581289, 1.2931546320194238, -6.827824967484203, -69.69557584733964, 3.401539045827692, -6.086437585373223, 0.698131700815185, 0.0, 0.0, 1.0, 0.0, 0.0, 0.0, 0.8729254942779949, 0.48785354507220496, 0.0, -0.48785354507220496, 0.8729254942779952, 
1.02, -71.08948736428628, 1.3271700224777008, -6.888689343337935, -69.69557584733964, 3.4439464701970968, -6.062542624291491, 0.698131700815185, 0.0, 0.0, 1.0, 0.0, 0.0, 0.0, 0.8694984451346419, 0.4939356779059797, 0.0, -0.4939356779059797, 0.8694984451346421, 
1.03, -71.78644312275968, 1.3616094871796718, -6.94931476958085, -69.69557584733964, 3.486186046927964, -6.038352193035693, 0.698131700815185, 0.0, 0.0, 1.0, 0.0, 0.0, 0.0, 0.8660290192406659, 0.49999373779383527, 0.0, -0.49999373779383527, 0.8660290192406658, 
1.04, -72.48339888123307, 1.3964713476489514, -7.0096982915112065, -69.69557584733964, 3.528255717389806, -6.013867470575017, 0.698131700815185, 0.0, 0.0, 1.0, 0.0, 0.0, 0.0, 0.8625173856854957, 0.5060274294840728, 0.0, -0.5060274294840728, 0.8625173856854955, 
1.05, -73.18035463970647, 1.4317539048228496, -7.069836966216957, -69.69557584733964, 3.5701534312328533, -5.9890896502215165, 0.698131700815185, 0.0, 0.0, 1.0, 0.0, 0.0, 0.0, 0.8589637156156358, 0.512036458912626, 0.0, -0.512036458912626, 0.8589637156156358, 
1.06, -73.87731039817986, 1.4674554391351782, -7.129727862719172, -69.69557584733964, 3.611877146487992, -5.964019939571963, 0.698131700815185, 0.0, 0.0, 1.0, 0.0, 0.0, 0.0, 0.8553681822263246, 0.518020533217394, 0.0, -0.518020533217394, 0.8553681822263246, 
1.07, -74.57426615665325, 1.503574210600058, -7.189368062114891, -69.69557584733964, 3.6534248296662772, -5.9386595604489845, 0.698131700815185, 0.0, 0.0, 1.0, 0.0, 0.0, 0.0, 0.851730960753093, 0.5239793607525138, 0.0, -0.5239793607525138, 0.8517309607530931, 
1.08, -75.27122191512665, 1.5401084588967209, -7.248754657719381, -69.69557584733964, 3.694794455858039, -5.913009748841523, 0.698131700815185, 0.0, 0.0, 1.0, 0.0, 0.0, 0.0, 0.8480522284632248, 0.5299126511025741, 0.0, -0.5299126511025741, 0.8480522284632247, 
1.09, -75.96817767360004, 1.5770564034553012, -7.307884755207796, -69.69557584733964, 3.7359840088315703, -5.887071754844592, 0.698131700815185, 0.0, 0.0, 1.0, 0.0, 0.0, 0.0, 0.8443321646471162, 0.5358201150967695, 0.0, -0.5358201150967695, 0.844332164647116, 
1.1, -76.66513343207343, 1.614416243543617, -7.3667554727562425, -69.69557584733964, 3.7769914811313976, -5.860846842598351, 0.698131700815185, 0.0, 0.0, 1.0, 0.0, 0.0, 0.0, 0.840570950609538, 0.5417014648229941, 0.0, -0.5417014648229941, 0.8405709506095381, 
1.11, -77.36208919054683, 1.6521861583549309, -7.425363941182226, -69.69557584733964, 3.8178148741761118, -5.834336290226493, 0.698131700815185, 0.0, 0.0, 1.0, 0.0, 0.0, 0.0, 0.8367687696608004, 0.5475564136418731, 0.0, -0.5475564136418731, 0.8367687696608006, 
1.12, -78.05904494902022, 1.690364307096692, -7.483707304084491, -69.69557584733964, 3.8584521983557782, -5.80754138977396, 0.698131700815185, 0.0, 0.0, 1.0, 0.0, 0.0, 0.0, 0.832925807107818, 0.5533846762007334, 0.0, -0.5533846762007334, 0.8329258071078177, 
1.1300000000000001, -78.75600070749361, 1.72894882908025, -7.5417827179822305, -69.69557584733964, 3.8989014731288933, -5.780463447143969, 0.698131700815185, 0.0, 0.0, 1.0, 0.0, 0.0, 0.0, 0.8290422502450774, 0.5591859684475088, 0.0, -0.5591859684475088, 0.8290422502450775, 
1.1400000000000001, -79.452956465967, 1.767937843811539, -7.59958735245367, -69.69557584733964, 3.9391607271189297, -5.75310378203436, 0.698131700815185, 0.0, 0.0, 1.0, 0.0, 0.0, 0.0, 0.8251182883455122, 0.5649600076445871, 0.0, -0.5649600076445871, 0.8251182883455124, 
1.1500000000000001, -80.1499122244404, 1.8073294510827282, -7.657118390274014, -69.69557584733964, 3.9792279982103986, -5.725463727873286, 0.698131700815185, 0.0, 0.0, 1.0, 0.0, 0.0, 0.0, 0.8211541126512756, 0.5707065123825875, 0.0, -0.5707065123825875, 0.8211541126512755, 
1.16, -80.84686798291379, 1.8471217310648322, -7.714373027552747, -69.69557584733964, 4.01910133364448, -5.697544631754223, 0.698131700815185, 0.0, 0.0, 1.0, 0.0, 0.0, 0.0, 0.8171499163644202, 0.5764252025940757, 0.0, -0.5764252025940757, 0.8171499163644201, 
1.17, -81.54382374138719, 1.887312744401277, -7.771348473870289, -69.69557584733964, 4.0587787901142, -5.669347854370315, 0.698131700815185, 0.0, 0.0, 1.0, 0.0, 0.0, 0.0, 0.8131058946374832, 0.5821157995672147, 0.0, -0.5821157995672147, 0.8131058946374834, 
1.18, -82.24077949986058, 1.927900532302419, -7.828041952413993, -69.69557584733964, 4.098258433859143, -5.640874769948062, 0.698131700815185, 0.0, 0.0, 1.0, 0.0, 0.0, 0.0, 0.8090222445639748, 0.5877780259593481, 0.0, -0.5877780259593481, 0.8090222445639748, 
1.19, -82.93773525833397, 1.9688831166410103, -7.884450700113473, -69.69557584733964, 4.1375383407596855, -5.612126766180339, 0.698131700815185, 0.0, 0.0, 1.0, 0.0, 0.0, 0.0, 0.8048991651687711, 0.5934116058105161, 0.0, -0.5934116058105161, 0.8048991651687711, 
1.2, -83.63469101680737, 2.0102585000486073, -7.940571967775276, -69.69557584733964, 4.176616596430784, -5.583105244158768, 0.698131700815185, 0.0, 0.0, 1.0, 0.0, 0.0, 0.0, 0.8007368573984162, 0.5990162645569055, 0.0, -0.5990162645569055, 0.8007368573984162, 
1.21, -84.33164677528076, 2.0520246660129153, -7.996403020216864, -69.69557584733964, 4.215491296315272, -5.5538116183054305, 0.698131700815185, 0.0, 0.0, 1.0, 0.0, 0.0, 0.0, 0.796535524111327, 0.6045917290442316, 0.0, -0.6045917290442316, 0.796535524111327, 
1.22, -85.02860253375415, 2.094179578976068, -8.051941136399918, -69.69557584733964, 4.254160545776681, -5.524247316303937, 0.698131700815185, 0.0, 0.0, 1.0, 0.0, 0.0, 0.0, 0.7922953700679078, 0.6101377275410502, 0.0, -0.6101377275410502, 0.792295370067908, 
1.23, -85.72555829222755, 2.136721184433835, -8.107183609562957, -69.69557584733964, 4.292622460191584, -5.494413779029838, 0.698131700815185, 0.0, 0.0, 1.0, 0.0, 0.0, 0.0, 0.7880166019205701, 0.6156539897520014, 0.0, -0.6156539897520014, 0.7880166019205703, 
1.24, -86.42251405070094, 2.1796474090357507, -8.162127747353257, -69.69557584733964, 4.330875165041442, -5.464312460480409, 0.698131700815185, 0.0, 0.0, 1.0, 0.0, 0.0, 0.0, 0.7836994282036616, 0.6211402468309827, 0.0, -0.6211402468309827, 0.7836994282036615, 
1.25, -87.11946980917433, 2.222956160686165, -8.21677087195806, -69.69557584733964, 4.368916796003957, -5.433944827703784, 0.698131700815185, 0.0, 0.0, 1.0, 0.0, 0.0, 0.0, 0.7793440593233014, 0.6265962313942515, 0.0, -0.6265962313942515, 0.7793440593233014, 
1.26, -87.81642556764773, 2.266645328646205, -8.271110320235097, -69.69557584733964, 4.406745499043952, -5.403312360727451, 0.698131700815185, 0.0, 0.0, 1.0, 0.0, 0.0, 0.0, 0.7749507075471276, 0.6320216775334577, 0.0, -0.6320216775334577, 0.7749507075471278, 
1.27, -88.51338132612112, 2.3107127836366446, -8.325143443842371, -69.69557584733964, 4.444359430503713, -5.372416552486126, 0.698131700815185, 0.0, 0.0, 1.0, 0.0, 0.0, 0.0, 0.7705195869939505, 0.6374163208286024, 0.0, -0.6374163208286024, 0.7705195869939506, 
1.28, -89.21033708459451, 2.3551563779416815, -8.378867609367234, -69.69557584733964, 4.481756757192849, -5.341258908748989, 0.698131700815185, 0.0, 0.0, 1.0, 0.0, 0.0, 0.0, 0.7660509136233173, 0.6427798983609246, 0.0, -0.6427798983609246, 0.7660509136233175, 
1.29, -89.9072928430679, 2.39997394551361, -8.432280198454723, -69.69557584733964, 4.518935656477638, -5.309840948046298, 0.698131700815185, 0.0, 0.0, 1.0, 0.0, 0.0, 0.0, 0.7615449052249876, 0.6481121487257161, 0.0, -0.6481121487257161, 0.7615449052249875, 
1.3, -90.6042486015413, 2.4451633020783867, -8.485378607935186, -69.69557584733964, 4.555894316369857, -5.278164201595384, 0.698131700815185, 0.0, 0.0, 1.0, 0.0, 0.0, 0.0, 0.7570017814083176, 0.6534128120450605, 0.0, -0.6534128120450605, 0.7570017814083178, 
1.31, -91.3012043600147, 2.490722245242085, -8.53816024995114, -69.69557584733964, 4.592630935615089, -5.2462302132260135, 0.698131700815185, 0.0, 0.0, 1.0, 0.0, 0.0, 0.0, 0.7524217635915589, 0.6586816299805, 0.0, -0.6586816299805, 0.7524217635915589, 
1.32, -91.99816011848809, 2.5366485545982362, -8.590622552083401, -69.69557584733964, 4.629143723780517, -5.21404053930516, 0.698131700815185, 0.0, 0.0, 1.0, 0.0, 0.0, 0.0, 0.7478050749910652, 0.663918345745625, 0.0, -0.663918345745625, 0.7478050749910653, 
1.33, -92.69511587696148, 2.5829399918360414, -8.642762957476453, -69.69557584733964, 4.665430901342177, -5.181596748661142, 0.698131700815185, 0.0, 0.0, 1.0, 0.0, 0.0, 0.0, 0.7431519406104152, 0.6691227041185899, 0.0, -0.6691227041185899, 0.7431519406104151, 
1.34, -93.39207163543487, 2.629594300849463, -8.694578924963064, -69.69557584733964, 4.701490699771689, -5.148900422507169, 0.698131700815185, 0.0, 0.0, 1.0, 0.0, 0.0, 0.0, 0.738462587229445, 0.6742944514545509, 0.0, -0.6742944514545509, 0.7384625872294454, 
1.35, -94.08902739390827, 2.67660920784718, -8.746067929188136, -69.69557584733964, 4.73732136162246, -5.115953154364269, 0.698131700815185, 0.0, 0.0, 1.0, 0.0, 0.0, 0.0, 0.7337372433931975, 0.6794333356980298, 0.0, -0.6794333356980298, 0.7337372433931976, 
1.36, -94.78598315238166, 2.7239824214634045, -8.79722746073178, -69.69557584733964, 4.772921140615316, -5.082756549983639, 0.698131700815185, 0.0, 0.0, 1.0, 0.0, 0.0, 0.0, 0.7289761394007812, 0.6845391063951954, 0.0, -0.6845391063951954, 0.7289761394007812, 
1.37, -95.48293891085505, 2.7717116328695575, -8.848055026231616, -69.69557584733964, 4.80828830172363, -5.049312227268372, 0.698131700815185, 0.0, 0.0, 1.0, 0.0, 0.0, 0.0, 0.7241795072941486, 0.689611514706073, 0.0, -0.689611514706073, 0.7241795072941486, 
1.3800000000000001, -96.17989466932845, 2.8197945158867936, -8.8985481485043, -69.69557584733964, 4.843421121257871, -5.015621816194614, 0.698131700815185, 0.0, 0.0, 1.0, 0.0, 0.0, 0.0, 0.7193475808467857, 0.6946503134166697, 0.0, -0.6946503134166697, 0.7193475808467855, 
1.3900000000000001, -96.87685042780184, 2.8682287270993725, -8.948704366666247, -69.69557584733964, 4.8783178869496115, -4.981686958732118, 0.698131700815185, 0.0, 0.0, 1.0, 0.0, 0.0, 0.0, 0.7144805955523186, 0.6996552569510244, 0.0, -0.6996552569510244, 0.7144805955523187, 
1.4000000000000001, -97.57380618627523, 2.9170119059688684, -8.998521236253568, -69.69557584733964, 4.9129768980349935, -4.947509308764224, 0.698131700815185, 0.0, 0.0, 1.0, 0.0, 0.0, 0.0, 0.7095787886130378, 0.7046261013831764, 0.0, -0.7046261013831764, 0.7095787886130375, 
1.41, -98.27076194474863, 2.966141674949218, -9.04799632934121, -69.69557584733964, 4.94739646533759, -4.913090532007253, 0.698131700815185, 0.0, 0.0, 1.0, 0.0, 0.0, 0.0, 0.704642398928335, 0.7095626044490517, 0.0, -0.7095626044490517, 0.7046423989283348, 
1.42, -98.96771770322202, 3.015615639602594, -9.097127234661283, -69.69557584733964, 4.98157491135076, -4.878432305929321, 0.698131700815185, 0.0, 0.0, 1.0, 0.0, 0.0, 0.0, 0.6996716670830625, 0.7144645255582732, 0.0, -0.7144645255582732, 0.6996716670830624, 
1.43, -99.66467346169541, 3.0654313887161013, -9.145911557720575, -69.69557584733964, 5.0155105703193845, -4.843536319668586, 0.698131700815185, 0.0, 0.0, 1.0, 0.0, 0.0, 0.0, 0.6946668353358059, 0.7193316258058837, 0.0, -0.7193316258058837, 0.6946668353358061, 
1.44, -100.36162922016881, 3.1155864944192952, -9.194346920917262, -69.69557584733964, 5.0492017883210645, -4.808404273950929, 0.698131700815185, 0.0, 0.0, 1.0, 0.0, 0.0, 0.0, 0.6896281476070789, 0.7241636679839916, 0.0, -0.7241636679839916, 0.689628147607079, 
1.45, -101.0585849786422, 3.166078512302506, -9.242430963656771, -69.69557584733964, 5.082646923346716, -4.77303788100706, 0.698131700815185, 0.0, 0.0, 1.0, 0.0, 0.0, 0.0, 0.6845558494674335, 0.7289604165933296, 0.0, -0.7289604165933296, 0.6845558494674335, 
1.46, -101.7555407371156, 3.216904981535973, -9.290161342466842, -69.69557584733964, 5.115844345380606, -4.73743886448907, 0.698131700815185, 0.0, 0.0, 1.0, 0.0, 0.0, 0.0, 0.6794501881254926, 0.7337216378547337, 0.0, -0.7337216378547337, 0.6794501881254925, 
1.47, -102.45249649558899, 3.268063424989779, -9.337535731111732, -69.69557584733964, 5.148792436479787, -4.701608959386428, 0.698131700815185, 0.0, 0.0, 1.0, 0.0, 0.0, 0.0, 0.6743114124159015, 0.7384470997205363, 0.0, -0.7384470997205363, 0.6743114124159016, 
1.48, -103.14945225406238, 3.319551349354577, -9.384551820705596, -69.69557584733964, 5.18148959085296, -4.665549911941423, 0.698131700815185, 0.0, 0.0, 1.0, 0.0, 0.0, 0.0, 0.6691397727872015, 0.7431365718858762, 0.0, -0.7431365718858762, 0.6691397727872017, 
1.49, -103.84640801253578, 3.3713662452631064, -9.43120731982501, -69.69557584733964, 5.213934214938726, -4.6292634795640515, 0.698131700815185, 0.0, 0.0, 1.0, 0.0, 0.0, 0.0, 0.6639355212896221, 0.7477898257999217, 0.0, -0.7477898257999217, 0.6639355212896224, 
1.5, -104.54336377100917, 3.423505587412494, -9.47749995462065, -69.69557584733964, 5.246124727483262, -4.5927514307463735, 0.698131700815185, 0.0, 0.0, 1.0, 0.0, 0.0, 0.0, 0.6586989115627979, 0.7524066346770109, 0.0, -0.7524066346770109, 0.6586989115627981, 
1.51, -105.24031952948256, 3.4759668346873265, -9.523427468928114, -69.69557584733964, 5.278059559617373, -4.556015544976319, 0.698131700815185, 0.0, 0.0, 1.0, 0.0, 0.0, 0.0, 0.653430198823407, 0.7569867735077033, 0.0, -0.7569867735077033, 0.653430198823407, 
1.52, -105.93727528795596, 3.5287474302835, -9.568987624377877, -69.69557584733964, 5.3097371549329635, -4.519057612650959, 0.698131700815185, 0.0, 0.0, 1.0, 0.0, 0.0, 0.0, 0.6481296398527314, 0.7615300190697466, 0.0, -0.7615300190697466, 0.6481296398527314, 
1.53, -106.63423104642935, 3.5818448018328297, -9.614178200504387, -69.69557584733964, 5.341155969558895, -4.481879434989251, 0.698131700815185, 0.0, 0.0, 1.0, 0.0, 0.0, 0.0, 0.6427974929841436, 0.7660361499389565, 0.0, -0.7660361499389565, 0.6427974929841438, 
1.54, -107.33118680490274, 3.635256361528419, -9.658996994854279, -69.69557584733964, 5.372314472236224, -4.444482823944247, 0.698131700815185, 0.0, 0.0, 1.0, 0.0, 0.0, 0.0, 0.637434018090516, 0.7705049465000078, 0.0, -0.7705049465000078, 0.6374340180905159, 
1.55, -108.02814256337614, 3.688979506250781, -9.703441823093721, -69.69557584733964, 5.403211144392823, -4.406869602114793, 0.698131700815185, 0.0, 0.0, 1.0, 0.0, 0.0, 0.0, 0.632039476571554, 0.7749361909571364, 0.0, -0.7749361909571364, 0.6320394765715545, 
1.56, -108.72509832184953, 3.7430116176947092, -9.747510519114869, -69.69557584733964, 5.433844480217415, -4.369041602656689, 0.698131700815185, 0.0, 0.0, 1.0, 0.0, 0.0, 0.0, 0.6266141313410591, 0.7793296673447574, 0.0, -0.7793296673447574, 0.6266141313410589, 
1.57, -109.42205408032292, 3.7973500624968834, -9.791200935141436, -69.69557584733964, 5.4642129867329325, -4.3310006691933625, 0.698131700815185, 0.0, 0.0, 1.0, 0.0, 0.0, 0.0, 0.6211582468141115, 0.7836851615379863, 0.0, -0.7836851615379863, 0.6211582468141112, 
1.58, -110.11900983879632, 3.8519921923642126, -9.83451094183337, -69.69557584733964, 5.494315183869306, -4.292748655726001, 0.698131700815185, 0.0, 0.0, 1.0, 0.0, 0.0, 0.0, 0.6156720888941862, 0.7880024612630784, 0.0, -0.7880024612630784, 0.6156720888941861, 
1.59, -110.81596559726971, 3.9069353442029056, -9.877438428390631, -69.69557584733964, 5.524149604535581, -4.254287426543201, 0.698131700815185, 0.0, 0.0, 1.0, 0.0, 0.0, 0.0, 0.6101559249601931, 0.7922813561077725, 0.0, -0.7922813561077725, 0.6101559249601932, 
1.6, -111.5129213557431, 3.9621768402482616, -9.919981302656064, -69.69557584733964, 5.553714794691431, -4.215618856130106, 0.698131700815185, 0.0, 0.0, 1.0, 0.0, 0.0, 0.0, 0.6046100238534449, 0.7965216375315466, 0.0, -0.7965216375315466, 0.6046100238534451, 
1.61, -112.2098771142165, 4.017713988195176, -9.962137491217364, -69.69557584733964, 5.583009313418019, -4.176744829077047, 0.698131700815185, 0.0, 0.0, 1.0, 0.0, 0.0, 0.0, 0.599034655864555, 0.8007230988757813, 0.0, -0.8007230988757813, 0.599034655864555, 
1.62, -112.90683287268989, 4.073544081329356, -10.003904939508134, -69.69557584733964, 5.612031732988219, -4.137667239987703, 0.698131700815185, 0.0, 0.0, 1.0, 0.0, 0.0, 0.0, 0.5934300927202645, 0.804885535373831, 0.0, -0.804885535373831, 0.5934300927202644, 
1.6300000000000001, -113.60378863116328, 4.129664398659238, -10.045281611908011, -69.69557584733964, 5.6407806389362, -4.098387993386754, 0.698131700815185, 0.0, 0.0, 1.0, 0.0, 0.0, 0.0, 0.5877966075701986, 0.8090087441610044, 0.0, -0.8090087441610044, 0.5877966075701988, 
1.6400000000000001, -114.30074438963668, 4.1860722050486, -10.086265491841878, -69.69557584733964, 5.669254630126377, -4.058909003627062, 0.698131700815185, 0.0, 0.0, 1.0, 0.0, 0.0, 0.0, 0.5821344749735555, 0.8130925242844522, 0.0, -0.8130925242844522, 0.5821344749735557, 
1.6500000000000001, -114.99770014811007, 4.242764751349863, -10.126854581878149, -69.69557584733964, 5.697452318821679, -4.019232194796372, 0.698131700815185, 0.0, 0.0, 1.0, 0.0, 0.0, 0.0, 0.576443970885723, 0.8171366767129592, 0.0, -0.8171366767129592, 0.5764439708857233, 
1.6600000000000001, -115.69465590658346, 4.29973927453808, -10.167046903826114, -69.69557584733964, 5.725372330751195, -3.9793595006235396, 0.698131700815185, 0.0, 0.0, 1.0, 0.0, 0.0, 0.0, 0.5707253726448311, 0.821141004346646, 0.0, -0.821141004346646, 0.5707253726448311, 
1.67, -116.39161166505686, 4.356992997845592, -10.20684049883235, -69.69557584733964, 5.7530133051771415, -3.9392928643842895, 0.698131700815185, 0.0, 0.0, 1.0, 0.0, 0.0, 0.0, 0.5649789589582348, 0.8251053120265737, 0.0, -0.8251053120265737, 0.5649789589582347, 
1.68, -117.08856742353025, 4.414523130897363, -10.246233427476191, -69.69557584733964, 5.780373894961194, -3.899034238806496, 0.698131700815185, 0.0, 0.0, 1.0, 0.0, 0.0, 0.0, 0.5592050098889294, 0.8290294065442564, 0.0, -0.8290294065442564, 0.5592050098889297, 
1.69, -117.78552318200364, 4.472326869846975, -10.285223769864256, -69.69557584733964, 5.807452766630136, -3.858585585975018, 0.698131700815185, 0.0, 0.0, 1.0, 0.0, 0.0, 0.0, 0.5534038068419043, 0.832913096651078, 0.0, -0.832913096651078, 0.5534038068419044, 
1.7, -118.48247894047704, 4.530401397513276, -10.323809625724007, -69.69557584733964, 5.8342486004408425, -3.8179488772360815, 0.698131700815185, 0.0, 0.0, 1.0, 0.0, 0.0, 0.0, 0.5475756325504246, 0.8367561930676115, 0.0, -0.8367561930676115, 0.5475756325504249, 
1.71, -119.17943469895043, 4.588743883517685, -10.361989114496367, -69.69557584733964, 5.860760090444614, -3.777126093101186, 0.698131700815185, 0.0, 0.0, 1.0, 0.0, 0.0, 0.0, 0.541720771062254, 0.8405585084928455, 0.0, -0.8405585084928455, 0.5417207710622539, 
1.72, -119.87639045742382, 4.647351484422131, -10.399760375427379, -69.69557584733964, 5.886985944550811, -3.7361192231505935, 0.698131700815185, 0.0, 0.0, 1.0, 0.0, 0.0, 0.0, 0.5358395077258093, 0.8443198576133114, 0.0, -0.8443198576133114, 0.5358395077258092, 
1.73, -120.57334621589722, 4.7062213438676395, -10.437121567658885, -69.69557584733964, 5.912924884589833, -3.6949302659363554, 0.698131700815185, 0.0, 0.0, 1.0, 0.0, 0.0, 0.0, 0.5299321291762551, 0.8480400571121159, 0.0, -0.8480400571121159, 0.5299321291762551, 
1.74, -121.27030197437061, 4.765350592713538, -10.474070870318249, -69.69557584733964, 5.938575646375413, -3.653561228884913, 0.698131700815185, 0.0, 0.0, 1.0, 0.0, 0.0, 0.0, 0.5239989233215332, 0.8517189256778751, 0.0, -0.8517189256778751, 0.5239989233215333, 
1.75, -121.967257732844, 4.824736349177292, -10.510606482607098, -69.69557584733964, 5.963936979766233, -3.612014128199256, 0.698131700815185, 0.0, 0.0, 1.0, 0.0, 0.0, 0.0, 0.5180401793283311, 0.8553562840135513, 0.0, -0.8553562840135513, 0.5180401793283308, 
1.76, -122.6642134913174, 4.884375718974955, -10.546726623889091, -69.69557584733964, 5.989007648726838, -3.5702909887606675, 0.698131700815185, 0.0, 0.0, 1.0, 0.0, 0.0, 0.0, 0.5120561876079877, 0.8589519548451902, 0.0, -0.8589519548451902, 0.5120561876079875, 
1.77, -123.36116924979079, 4.944265795462223, -10.582429533776697, -69.69557584733964, 6.0137864313878975, -3.528393844030029, 0.698131700815185, 0.0, 0.0, 1.0, 0.0, 0.0, 0.0, 0.5060472398023415, 0.8625057629305622, 0.0, -0.8625057629305622, 0.5060472398023416, 
1.78, -124.05812500826418, 5.004403659776102, -10.617713472216996, -69.69557584733964, 6.038272120105744, -3.486324735948716, 0.698131700815185, 0.0, 0.0, 1.0, 0.0, 0.0, 0.0, 0.5000136287695158, 0.8660175350677035, 0.0, -0.8660175350677035, 0.5000136287695156, 
1.79, -124.75508076673758, 5.06478638097716, -10.652576719576484, -69.69557584733964, 6.062463521521223, -3.444085714839091, 0.698131700815185, 0.0, 0.0, 1.0, 0.0, 0.0, 0.0, 0.49395564856964524, 0.8694871001033547, 0.0, -0.8694871001033547, 0.4939556485696452, 
1.8, -125.45203652521097, 5.1254110161923725, -10.687017576724875, -69.69557584733964, 6.086359456617869, -3.4016788393045623, 0.698131700815185, 0.0, 0.0, 1.0, 0.0, 0.0, 0.0, 0.48787359445054523, 0.8729142889413054, 0.0, -0.8729142889413054, 0.4878735944505453, 
1.81, -126.14899228368436, 5.186274610758551, -10.721034365117921, -69.69557584733964, 6.109958760779359, -3.3591061761292615, 0.698131700815185, 0.0, 0.0, 1.0, 0.0, 0.0, 0.0, 0.48176776283332146, 0.876298934550634, 0.0, -0.876298934550634, 0.4817677628333216, 
1.82, -126.84594804215776, 5.247374198366345, -10.754625426879214, -69.69557584733964, 6.1332602838462735, -3.316369800177313, 0.698131700815185, 0.0, 0.0, 1.0, 0.0, 0.0, 0.0, 0.4756384512979239, 0.8796408719738482, 0.0, -0.8796408719738482, 0.4756384512979242, 
1.83, -127.54290380063115, 5.308706801204808, -10.787789124880987, -69.69557584733964, 6.156262890172153, -3.273471794291712, 0.698131700815185, 0.0, 0.0, 1.0, 0.0, 0.0, 0.0, 0.4694859585686435, 0.8829399383349253, 0.0, -0.8829399383349253, 0.4694859585686436, 
1.84, -128.23985955910456, 5.3702694301065295, -10.820523842823905, -69.69557584733964, 6.1789654586788405, -3.2304142491928154, 0.698131700815185, 0.0, 0.0, 1.0, 0.0, 0.0, 0.0, 0.4633105844995531, 0.8861959728472492, 0.0, -0.8861959728472492, 0.46331058449955315, 
1.85, -128.93681531757795, 5.432059084693318, -10.852827985315832, -69.69557584733964, 6.2013668829111275, -3.1871992633764403, 0.698131700815185, 0.0, 0.0, 1.0, 0.0, 0.0, 0.0, 0.45711263005989355, 0.8894088168214475, 0.0, -0.8894088168214475, 0.45711263005989344, 
1.86, -129.63377107605135, 5.494072753522429, -10.884699977949596, -69.69557584733964, 6.223466071090674, -3.1438289430115964, 0.698131700815185, 0.0, 0.0, 1.0, 0.0, 0.0, 0.0, 0.45089239731940545, 0.8925783136731251, 0.0, -0.8925783136731251, 0.4508923973194052, 
1.87, -130.33072683452474, 5.556307414233336, -10.916138267379713, -69.69557584733964, 6.245261946169221, -3.10030540183783, 0.698131700815185, 0.0, 0.0, 1.0, 0.0, 0.0, 0.0, 0.44465018943360657, 0.8957043089304962, 0.0, -0.8957043089304962, 0.4446501894336065, 
1.8800000000000001, -131.02768259299813, 5.618760033695028, -10.94714132139809, -69.69557584733964, 6.266753445881084, -3.0566307610622125, 0.698131700815185, 0.0, 0.0, 1.0, 0.0, 0.0, 0.0, 0.4383863106290182, 0.8987866502419126, 0.0, -0.8987866502419126, 0.43838631062901806, 
1.8900000000000001, -131.72463835147153, 5.681427568153839, -10.977707629008712, -69.69557584733964, 6.287939522794918, -3.0128071492559574, 0.698131700815185, 0.0, 0.0, 1.0, 0.0, 0.0, 0.0, 0.43210106618833666, 0.9018251873832882, 0.0, -0.9018251873832882, 0.4321010661883365, 
1.9000000000000001, -132.42159410994492, 5.7443069633817885, -11.007835700501271, -69.69557584733964, 6.308819144364774, -2.968836702250683, 0.698131700815185, 0.0, 0.0, 1.0, 0.0, 0.0, 0.0, 0.4257947624355558, 0.904819772265421, 0.0, -0.904819772265421, 0.425794762435556, 
1.9100000000000001, -133.1185498684183, 5.807395154825437, -11.037524067523778, -69.69557584733964, 6.329391292980419, -2.924721563034309, 0.698131700815185, 0.0, 0.0, 1.0, 0.0, 0.0, 0.0, 0.4194677067210373, 0.9077702589412112, 0.0, -0.9077702589412112, 0.41946770672103745, 
1.92, -133.8155056268917, 5.870689067755241, -11.066771283154122, -69.69557584733964, 6.349654966016929, -2.8804638816466253, 0.698131700815185, 0.0, 0.0, 1.0, 0.0, 0.0, 0.0, 0.413120207406531, 0.9106765036127727, 0.0, -0.9106765036127727, 0.4131202074065312, 
1.93, -134.5124613853651, 5.934185617415411, -11.095575921970587, -69.69557584733964, 6.369609175883557, -2.8360658150745, 0.698131700815185, 0.0, 0.0, 1.0, 0.0, 0.0, 0.0, 0.40675257385014696, 0.9135383646384428, 0.0, -0.9135383646384428, 0.4067525738501471, 
1.94, -135.2094171438385, 5.997881709174246, -11.123936580121333, -69.69557584733964, 6.389252950071864, -2.791529527146754, 0.698131700815185, 0.0, 0.0, 1.0, 0.0, 0.0, 0.0, 0.4003651163912776, 0.9163557025396843, 0.0, -0.9163557025396843, 0.4003651163912778, 
1.95, -135.9063729023119, 6.061774238674965, -11.1518518753928, -69.69557584733964, 6.408585331203118, -2.7468571884287005, 0.698131700815185, 0.0, 0.0, 1.0, 0.0, 0.0, 0.0, 0.3939581463354733, 0.9191283800078845, 0.0, -0.9191283800078845, 0.39395814633547305, 
1.96, -136.60332866078528, 6.125860091986996, -11.179320447277087, -69.69557584733964, 6.427605377074946, -2.7020509761163702, 0.698131700815185, 0.0, 0.0, 1.0, 0.0, 0.0, 0.0, 0.38753197593926947, 0.9218562619110451, 0.0, -0.9218562619110451, 0.3875319759392695, 
1.97, -137.30028441925867, 6.190136145757745, -11.20634095703825, -69.69557584733964, 6.4463121607072695, -2.6571130739303808, 0.698131700815185, 0.0, 0.0, 1.0, 0.0, 0.0, 0.0, 0.3810869183949692, 0.924539215300371, 0.0, -0.924539215300371, 0.3810869183949695, 
1.98, -137.99724017773207, 6.254599267364818, -11.232912087777555, -69.69557584733964, 6.464704770387471, -2.6120456720095215, 0.698131700815185, 0.0, 0.0, 1.0, 0.0, 0.0, 0.0, 0.37462328781537857, 0.927177109416748, 0.0, -0.927177109416748, 0.37462328781537835, 
1.99, -138.69419593620546, 6.319246315068693, -11.25903254449765, -69.69557584733964, 6.482782309714823, -2.5668509668040205, 0.698131700815185, 0.0, 0.0, 1.0, 0.0, 0.0, 0.0, 0.368141399218497, 0.9297698156971149, 0.0, -0.9297698156971149, 0.3681413992184971, 
2.0, -139.39115169467885, 6.384074138165841, -11.28470105416569, -69.69557584733964, 6.500543897644194, -2.521531160968476, 0.698131700815185, 0.0, 0.0, 1.0, 0.0, 0.0, 0.0, 0.3616415685121661, 0.9323172077807318, 0.0, -0.9323172077807318, 0.36164156851216617, 
2.0100000000000002, -140.08810745315225, 6.449079577142283, -11.309916365775376, -69.69557584733964, 6.517988668528971, -2.476088463254521, 0.698131700815185, 0.0, 0.0, 1.0, 0.0, 0.0, 0.0, 0.3551241124786715, 0.9348191615153361, 0.0, -0.9348191615153361, 0.3551241124786714, 
2.02, -140.78506321162564, 6.514259463827572, -11.334677250407921, -69.69557584733964, 6.535115772163256, -2.43052508840317, 0.698131700815185, 0.0, 0.0, 1.0, 0.0, 0.0, 0.0, 0.34858934875930436, 0.9372755549631944, 0.0, -0.9372755549631944, 0.34858934875930436, 
2.0300000000000002, -141.48201897009903, 6.579610621549205, -11.358982501291953, -69.69557584733964, 6.551924373823306, -2.3848432570368807, 0.698131700815185, 0.0, 0.0, 1.0, 0.0, 0.0, 0.0, 0.34203759583888127, 0.9396862684070456, 0.0, -0.9396862684070456, 0.34203759583888127, 
2.04, -142.17897472857243, 6.645129865287438, -11.382830933862321, -69.69557584733964, 6.568413654308205, -2.339045195551325, 0.698131700815185, 0.0, 0.0, 1.0, 0.0, 0.0, 0.0, 0.33546917303022106, 0.9420511843559349, 0.0, -0.9420511843559349, 0.335469173030221, 
2.05, -142.87593048704582, 6.71081400183052, -11.406221385817835, -69.69557584733964, 6.5845828099797945, -2.293133136006888, 0.698131700815185, 0.0, 0.0, 1.0, 0.0, 0.0, 0.0, 0.32888440045858336, 0.9443701875509402, 0.0, -0.9443701875509402, 0.3288844004585836, 
2.06, -143.57288624551921, 6.776659829930318, -11.429152717177903, -69.69557584733964, 6.600431052801848, -2.2471093160198685, 0.698131700815185, 0.0, 0.0, 1.0, 0.0, 0.0, 0.0, 0.32228359904606596, 0.9466431649707899, 0.0, -0.9466431649707899, 0.32228359904606624, 
2.07, -144.2698420039926, 6.842664140458337, -11.451623810338102, -69.69557584733964, 6.615957610378464, -2.200975978653443, 0.698131700815185, 0.0, 0.0, 1.0, 0.0, 0.0, 0.0, 0.31566709049596464, 0.9488700058373709, 0.0, -0.9488700058373709, 0.3156670904959648, 
2.08, -144.966797762466, 6.908823716562122, -11.473633570124637, -69.69557584733964, 6.631161725991717, -2.1547353723083367, 0.698131700815185, 0.0, 0.0, 1.0, 0.0, 0.0, 0.0, 0.30903519727709394, 0.9510506016211269, 0.0, -0.9510506016211269, 0.30903519727709416, 
2.09, -145.6637535209394, 6.975135333822038, -11.49518092384772, -69.69557584733964, 6.646042658638541, -2.1083897506132385, 0.698131700815185, 0.0, 0.0, 1.0, 0.0, 0.0, 0.0, 0.30238824260807107, 0.9531848460463492, 0.0, -0.9531848460463492, 0.302388242608071, 
2.1, -146.3607092794128, 7.041595760408423, -11.516264821353852, -69.69557584733964, 6.660599683066835, -2.0619413723149784, 0.698131700815185, 0.0, 0.0, 1.0, 0.0, 0.0, 0.0, 0.29572655044156293, 0.9552726350963548, 0.0, -0.9552726350963548, 0.2957265504415631, 
2.11, -147.05766503788618, 7.108201757239092, -11.536884235077002, -69.69557584733964, 6.674832089810819, -2.015392501168427, 0.698131700815185, 0.0, 0.0, 1.0, 0.0, 0.0, 0.0, 0.28905044544849856, 0.9573138670185576, 0.0, -0.9573138670185576, 0.28905044544849856, 
2.12, -147.75462079635957, 7.174950078137201, -11.557038160088686, -69.69557584733964, 6.6887391852256055, -1.9687454058261835, 0.698131700815185, 0.0, 0.0, 1.0, 0.0, 0.0, 0.0, 0.28236025300224465, 0.9593084423294255, 0.0, -0.9593084423294255, 0.2823602530022445, 
2.13, -148.45157655483297, 7.2418374699894565, -11.576725614146948, -69.69557584733964, 6.702320291521006, -1.922002359727995, 0.698131700815185, 0.0, 0.0, 1.0, 0.0, 0.0, 0.0, 0.2756562991627478, 0.9612562638193303, 0.0, -0.9612562638193303, 0.2756562991627477, 
2.14, -149.14853231330636, 7.308860672904666, -11.595945637744228, -69.69557584733964, 6.715574746794565, -1.8751656409899655, 0.698131700815185, 0.0, 0.0, 1.0, 0.0, 0.0, 0.0, 0.26893891066064457, 0.9631572365572849, 0.0, -0.9631572365572849, 0.2689389106606447, 
2.15, -149.84548807177976, 7.376016420372612, -11.614697294154126, -69.69557584733964, 6.728501905063824, -1.8282375322935154, 0.698131700815185, 0.0, 0.0, 1.0, 0.0, 0.0, 0.0, 0.26220841488133595, 0.9650112678955708, 0.0, -0.9650112678955708, 0.262208414881336, 
2.16, -150.54244383025315, 7.443301439423251, -11.632979669477061, -69.69557584733964, 6.741101136297795, -1.7812203207741466, 0.698131700815185, 0.0, 0.0, 1.0, 0.0, 0.0, 0.0, 0.25546513984903263, 0.9668182674742517, 0.0, -0.9668182674742517, 0.25546513984903296, 
2.17, -151.23939958872654, 7.510712450786229, -11.650791872684803, -69.69557584733964, 6.75337182644768, -1.7341162979099565, 0.698131700815185, 0.0, 0.0, 1.0, 0.0, 0.0, 0.0, 0.2487094142107682, 0.9685781472255797, 0.0, -0.9685781472255797, 0.24870941421076803, 
2.18, -151.93635534719994, 7.578246169050705, -11.668133035663901, -69.69557584733964, 6.765313377476775, -1.6869277594099816, 0.698131700815185, 0.0, 0.0, 1.0, 0.0, 0.0, 0.0, 0.24194156722038085, 0.9702908213782844, 0.0, -0.9702908213782844, 0.241941567220381, 
2.19, -152.63331110567333, 7.645899302825473, -11.685002313258002, -69.69557584733964, 6.776925207389646, -1.6396570051022838, 0.698131700815185, 0.0, 0.0, 1.0, 0.0, 0.0, 0.0, 0.23516192872246777, 0.9719562064617565, 0.0, -0.9719562064617565, 0.23516192872246802, 
2.2, -153.33026686414672, 7.713668554899369, -11.701398883309025, -69.69557584733964, 6.788206750260473, -1.59230633882188, 0.698131700815185, 0.0, 0.0, 1.0, 0.0, 0.0, 0.0, 0.22837082913630846, 0.9735742213101141, 0.0, -0.9735742213101141, 0.22837082913630852, 
2.21, -154.02722262262012, 7.781550622401974, -11.717321946697243, -69.69557584733964, 6.7991574562606365, -1.5448780682984629, 0.698131700815185, 0.0, 0.0, 1.0, 0.0, 0.0, 0.0, 0.22156859943976182, 0.9751447870661579, 0.0, -0.9751447870661579, 0.2215685994397617, 
2.22, -154.7241783810935, 7.84954219696458, -11.732770727380228, -69.69557584733964, 6.809776791685515, -1.4973745050439227, 0.698131700815185, 0.0, 0.0, 1.0, 0.0, 0.0, 0.0, 0.21475557115313504, 0.9766678271852159, 0.0, -0.9766678271852159, 0.214755571153135, 
2.23, -155.4211341395669, 7.9176399648814355, -11.747744472430666, -69.69557584733964, 6.820064238980501, -1.449797964239684, 0.698131700815185, 0.0, 0.0, 1.0, 0.0, 0.0, 0.0, 0.20793207632302613, 0.9781432674388736, 0.0, -0.9781432674388736, 0.2079320763230257, 
2.24, -156.1180898980403, 7.985840607271241, -11.762242452073062, -69.69557584733964, 6.830019296766211, -1.4021507646238944, 0.698131700815185, 0.0, 0.0, 1.0, 0.0, 0.0, 0.0, 0.2010984475061408, 0.97957103591859, 0.0, -0.97957103591859, 0.2010984475061412, 
2.25, -156.8150456565137, 8.054140800238903, -11.776263959719302, -69.69557584733964, 6.839641479862948, -1.3544352283783752, 0.698131700815185, 0.0, 0.0, 1.0, 0.0, 0.0, 0.0, 0.1942550177530855, 0.9809510630392061, 0.0, -0.9809510630392061, 0.1942550177530855, 
2.2600000000000002, -157.51200141498708, 8.122537215037532, -11.789808312003085, -69.69557584733964, 6.848930319314312, -1.306653681015497, 0.698131700815185, 0.0, 0.0, 1.0, 0.0, 0.0, 0.0, 0.1874021205921348, 0.9822832815423314, 0.0, -0.9822832815423314, 0.1874021205921348, 
2.27, -158.20895717346048, 8.191026518230675, -11.802874848813241, -69.69557584733964, 6.8578853624100855, -1.258808451264799, 0.698131700815185, 0.0, 0.0, 1.0, 0.0, 0.0, 0.0, 0.1805400900129761, 0.9835676264996254, 0.0, -0.9835676264996254, 0.18054009001297605, 
2.2800000000000002, -158.90591293193387, 8.259605371854777, -11.81546293332589, -69.69557584733964, 6.866506172708282, -1.2109018709595134, 0.698131700815185, 0.0, 0.0, 1.0, 0.0, 0.0, 0.0, 0.17366926045043218, 0.9848040353159606, 0.0, -0.9848040353159606, 0.17366926045043227, 
2.29, -159.60286869040726, 8.32827043358186, -11.827571952035484, -69.69557584733964, 6.874792330056423, -1.1629362749229117, 0.698131700815185, 0.0, 0.0, 1.0, 0.0, 0.0, 0.0, 0.1667899667681625, 0.9859924477324741, 0.0, -0.9859924477324741, 0.16678996676816218, 
2.3000000000000003, -160.29982444888066, 8.397018356882425, -11.839201314784713, -69.69557584733964, 6.882743430612007, -1.1149140008545275, 0.698131700815185, 0.0, 0.0, 1.0, 0.0, 0.0, 0.0, 0.15990254424234207, 0.9871328058295022, 0.0, -0.9871328058295022, 0.15990254424234207, 
2.31, -160.99678020735405, 8.465845791188546, -11.850350454793258, -69.69557584733964, 6.8903590868622056, -1.0668373892161949, 0.698131700815185, 0.0, 0.0, 1.0, 0.0, 0.0, 0.0, 0.1530073285453213, 0.9882250540294069, 0.0, -0.9882250540294069, 0.1530073285453213, 
2.32, -161.69373596582744, 8.534749382057168, -11.86101882868542, -69.69557584733964, 6.897638927642736, -1.018708783118008, 0.698131700815185, 0.0, 0.0, 1.0, 0.0, 0.0, 0.0, 0.14610465572926645, 0.989269139099281, 0.0, -0.989269139099281, 0.14610465572926637, 
2.33, -162.39069172430084, 8.603725771333595, -11.871205916516601, -69.69557584733964, 6.9045825981559545, -0.9705305282041152, 0.698131700815185, 0.0, 0.0, 1.0, 0.0, 0.0, 0.0, 0.1391948622097814, 0.9902650101535446, 0.0, -0.9902650101535446, 0.1391948622097815, 
2.34, -163.08764748277423, 8.672771597315155, -11.880911221798643, -69.69557584733964, 6.911189759988155, -0.9223049725383955, 0.698131700815185, 0.0, 0.0, 1.0, 0.0, 0.0, 0.0, 0.13227828474951187, 0.9912126186564247, 0.0, -0.9912126186564247, 0.13227828474951203, 
2.35, -163.78460324124762, 8.741883494915037, -11.890134271524026, -69.69557584733964, 6.917460091126054, -0.8740344664900281, 0.698131700815185, 0.0, 0.0, 1.0, 0.0, 0.0, 0.0, 0.12535526044173273, 0.9921119184243203, 0.0, -0.9921119184243203, 0.12535526044173279, 
2.36, -164.48155899972102, 8.811058095826297, -11.898874616188927, -69.69557584733964, 6.923393285972488, -0.8257213626189392, 0.698131700815185, 0.0, 0.0, 1.0, 0.0, 0.0, 0.0, 0.11842612669391883, 0.9929628656280537, 0.0, -0.9929628656280537, 0.11842612669391858, 
2.37, -165.1785147581944, 8.880292028686021, -11.907131829815116, -69.69557584733964, 6.928989055361303, -0.7773680155611472, 0.698131700815185, 0.0, 0.0, 1.0, 0.0, 0.0, 0.0, 0.11149122121130017, 0.9937654187950056, 0.0, -0.9937654187950056, 0.11149122121130033, 
2.38, -165.8754705166678, 8.949581919239634, -11.914905509970728, -69.69557584733964, 6.934247126571457, -0.7289767819139952, 0.698131700815185, 0.0, 0.0, 1.0, 0.0, 0.0, 0.0, 0.10455088198040485, 0.9945195388111384, 0.0, -0.9945195388111384, 0.10455088198040491, 
2.39, -166.5724262751412, 9.018924390505349, -11.922195277789868, -69.69557584733964, 6.9391672433403055, -0.6805500201213112, 0.698131700815185, 0.0, 0.0, 1.0, 0.0, 0.0, 0.0, 0.09760544725258491, 0.9952251889229006, 0.0, -0.9952251889229006, 0.0976054472525847, 
2.4, -167.2693820336146, 9.088316062938752, -11.929000777991082, -69.69557584733964, 6.943749165876086, -0.6320900903584615, 0.698131700815185, 0.0, 0.0, 1.0, 0.0, 0.0, 0.0, 0.09065525552753195, 0.9958823347390183, 0.0, -0.9958823347390183, 0.09065525552753172, 
2.41, -167.96633779208798, 9.157753554597512, -11.935321678894667, -69.69557584733964, 6.947992670869615, -0.5835993544173153, 0.698131700815185, 0.0, 0.0, 1.0, 0.0, 0.0, 0.0, 0.08370064553677903, 0.9964909442321723, 0.0, -0.9964909442321723, 0.0837006455367791, 
2.42, -168.66329355056138, 9.22723348130621, -11.94115767243884, -69.69557584733964, 6.951897551505168, -0.5350801755911395, 0.698131700815185, 0.0, 0.0, 1.0, 0.0, 0.0, 0.0, 0.07674195622719271, 0.9970509877405587, 0.0, -0.9970509877405587, 0.07674195622719263, 
2.43, -169.36024930903477, 9.296752456821261, -11.94650847419475, -69.69557584733964, 6.955463617470553, -0.48653491855943126, 0.698131700815185, 0.0, 0.0, 1.0, 0.0, 0.0, 0.0, 0.06977952674445298, 0.9975624379693333, 0.0, -0.9975624379693333, 0.06977952674445315, 
2.44, -170.05720506750816, 9.366307092995967, -11.951373823380345, -69.69557584733964, 6.958690694966395, -0.43796594927265153, 0.698131700815185, 0.0, 0.0, 1.0, 0.0, 0.0, 0.0, 0.0628136964165249, 0.998025269991944, 0.0, -0.998025269991944, 0.06281369641652493, 
2.45, -170.75416082598156, 9.43589399994563, -11.955753482873073, -69.69557584733964, 6.961578626714598, -0.38937563483693555, 0.698131700815185, 0.0, 0.0, 1.0, 0.0, 0.0, 0.0, 0.05584480473712028, 0.9984394612513432, 0.0, -0.9984394612513432, 0.05584480473712071, 
2.46, -171.45111658445495, 9.505509786212777, -11.959647239221441, -69.69557584733964, 6.96412727196602, -0.3407663433987032, 0.698131700815185, 0.0, 0.0, 1.0, 0.0, 0.0, 0.0, 0.048873191349152245, 0.99880499156109, 0.0, -0.99880499156109, 0.0488731913491523, 
2.47, -172.14807234292834, 9.575151058932438, -11.96305490265543, -69.69557584733964, 6.966336506507317, -0.29214044402927497, 0.698131700815185, 0.0, 0.0, 1.0, 0.0, 0.0, 0.0, 0.04189919602818204, 0.999121843106331, 0.0, -0.999121843106331, 0.04189919602818207, 
2.48, -172.84502810140174, 9.644814423997511, -11.965976307095723, -69.69557584733964, 6.968206222667018, -0.2435003066093775, 0.698131700815185, 0.0, 0.0, 1.0, 0.0, 0.0, 0.0, 0.03492315866585871, 0.999390000444671, 0.0, -0.999390000444671, 0.03492315866585857, 
2.49, -173.54198385987513, 9.714496486224181, -11.968411310161816, -69.69557584733964, 6.969736329320751, -0.19484830171366635, 0.698131700815185, 0.0, 0.0, 1.0, 0.0, 0.0, 0.0, 0.027945419253354586, 0.9996094505069238, 0.0, -0.9996094505069238, 0.027945419253354628, 
2.5, -174.23893961834852, 9.784193849517388, -11.970359793178952, -69.69557584733964, 6.970926751895704, -0.1461868004951729, 0.698131700815185, 0.0, 0.0, 1.0, 0.0, 0.0, 0.0, 0.020966317864794748, 0.9997801825977511, 0.0, -0.9997801825977511, 0.02096631786479453, 
2.5100000000000002, -174.93589537682192, 9.853903117036346, -11.971821661183904, -69.69557584733964, 6.971777432374244, -0.09751817456975921, 0.698131700815185, 0.0, 0.0, 1.0, 0.0, 0.0, 0.0, 0.013986194640682958, 0.9999021883961818, 0.0, -0.9999021883961818, 0.013986194640682396, 
2.52, -175.6328511352953, 9.923620891360088, -11.972796842929602, -69.69557584733964, 6.972288329296747, -0.048844795900526754, 0.698131700815185, 0.0, 0.0, 1.0, 0.0, 0.0, 0.0, 0.007005389771323811, 0.999975461956018, 0.0, -0.999975461956018, 0.007005389771323932, 
2.5300000000000002, -176.3298068937687, 9.993343774653056, -11.973285290888608, -69.69557584733964, 6.972459417763635, -0.00016903668219612174, 0.698131700815185, 0.0, 0.0, 1.0, 0.0, 0.0, 0.0, 2.4243480244212634e-05, 0.999999999706127, 0.0, -0.999999999706127, 2.42434802439716e-05, 
2.54, -177.0267626522421, 10.063068368830692, -11.97328698125543, -69.69557584733964, 6.972290689436562, 0.04850673077447097, 0.698131700815185, 0.0, 0.0, 1.0, 0.0, 0.0, 0.0, -0.006956903992390018, 0.9999758004506113, 0.0, -0.9999758004506113, -0.006956903992389866, 
2.5500000000000003, -177.7237184107155, 10.132791275725058, -11.972801913947686, -69.69557584733964, 6.971782152538843, 0.09718013415833399, 0.698131700815185, 0.0, 0.0, 1.0, 0.0, 0.0, 0.0, -0.01393771240635533, 0.9999028653688704, 0.0, -0.9999028653688704, -0.01393771240635563, 
2.56, -178.42067416918889, 10.202509097250447, -11.971830112606103, -69.69557584733964, 6.970933831855047, 0.14584880127344702, 0.698131700815185, 0.0, 0.0, 1.0, 0.0, 0.0, 0.0, -0.02091784153795251, 0.9997811980155422, 0.0, -0.9997811980155422, -0.020917841537952748, 
2.57, -179.11762992766228, 10.272218435568996, -11.97037162459337, -69.69557584733964, 6.969745768729781, 0.19451036015470805, 0.698131700815185, 0.0, 0.0, 1.0, 0.0, 0.0, 0.0, -0.02789695119658875, 0.9996108043203291, 0.0, -0.9996108043203291, -0.0278969511965886, 
2.58, -179.81458568613567, 10.341915893256294, -11.968426520991821, -69.69557584733964, 6.968218021065683, 0.24316243918345404, 0.698131700815185, 0.0, 0.0, 1.0, 0.0, 0.0, 0.0, -0.03487470124135705, 0.999391692587709, 0.0, -0.999391692587709, -0.034874701241357345, 
2.59, -180.51154144460907, 10.411598073466951, -11.965994896599987, -69.69557584733964, 6.966350663320602, 0.29180266720302617, 0.698131700815185, 0.0, 0.0, 1.0, 0.0, 0.0, 0.0, -0.04185075159761431, 0.9991238734965323, 0.0, -0.9991238734965323, -0.04185075159761443, 
2.6, -181.20849720308246, 10.481261580100158, -11.963076869927956, -69.69557584733964, 6.964143786503962, 0.34042867363436213, 0.698131700815185, 0.0, 0.0, 1.0, 0.0, 0.0, 0.0, -0.048824762273555145, 0.9988073600994993, 0.0, -0.9988073600994993, -0.04882476227355502, 
2.61, -181.90545296155585, 10.550903017965197, -11.959672583191614, -69.69557584733964, 6.961597498172331, 0.38903808859151373, 0.698131700815185, 0.0, 0.0, 1.0, 0.0, 0.0, 0.0, -0.05579639337678177, 0.9984421678225252, 0.0, -0.9984421678225252, -0.05579639337678168, 
2.62, -182.60240872002925, 10.62051899294692, -11.955782202305699, -69.69557584733964, 6.958711922424177, 0.43762854299714826, 0.698131700815185, 0.0, 0.0, 1.0, 0.0, 0.0, 0.0, -0.06276530513086986, 0.998028314463988, 0.0, -0.998028314463988, -0.06276530513086975, 
2.63, -183.29936447850264, 10.690106112171161, -11.951405916875727, -69.69557584733964, 6.955487199893822, 0.48619766869801656, 0.698131700815185, 0.0, 0.0, 1.0, 0.0, 0.0, 0.0, -0.06973115789192774, 0.9975658201938611, 0.0, -0.9975658201938611, -0.06973115789192796, 
2.64, -183.99632023697603, 10.7596609841701, -11.946543940188747, -69.69557584733964, 6.951923487744587, 0.5347430985803597, 0.698131700815185, 0.0, 0.0, 1.0, 0.0, 0.0, 0.0, -0.07669361216515003, 0.9970547075527307, 0.0, -0.9970547075527307, -0.0766936121651502, 
2.65, -184.69327599544943, 10.829180219047545, -11.941196509202943, -69.69557584733964, 6.948020959661131, 0.5832624666852939, 0.698131700815185, 0.0, 0.0, 1.0, 0.0, 0.0, 0.0, -0.08365232862136396, 0.9964950014506962, 0.0, -0.9964950014506962, -0.08365232862136412, 
2.66, -185.39023175392282, 10.898660428644156, -11.93536388453609, -69.69557584733964, 6.943779805840986, 0.6317534083240987, 0.698131700815185, 0.0, 0.0, 1.0, 0.0, 0.0, 0.0, -0.09060696811356617, 0.9958867291661574, 0.0, -0.9958867291661574, -0.0906069681135661, 
2.67, -186.0871875123962, 10.968098226702566, -11.929046350452849, -69.69557584733964, 6.939200232985288, 0.680213560193484, 0.698131700815185, 0.0, 0.0, 1.0, 0.0, 0.0, 0.0, -0.09755719169345234, 0.9952299203444832, 0.0, -0.9952299203444832, -0.09755719169345285, 
2.68, -186.7841432708696, 11.037490229032418, -11.922244214850913, -69.69557584733964, 6.934282464288711, 0.7286405604907465, 0.698131700815185, 0.0, 0.0, 1.0, 0.0, 0.0, 0.0, -0.10450266062793712, 0.99452460699657, 0.0, -0.99452460699657, -0.10450266062793734, 
2.69, -187.481099029343, 11.106833053675306, -11.914957809246006, -69.69557584733964, 6.92902673942857, 0.7770320490289049, 0.698131700815185, 0.0, 0.0, 1.0, 0.0, 0.0, 0.0, -0.11144303641566156, 0.9937708234972776, 0.0, -0.9937708234972776, -0.1114430364156617, 
2.7, -188.1780547878164, 11.176123321069591, -11.907187488755717, -69.69557584733964, 6.92343331455316, 0.8253856673517097, 0.698131700815185, 0.0, 0.0, 1.0, 0.0, 0.0, 0.0, -0.11837798080349171, 0.9929686065837569, 0.0, -0.9929686065837569, -0.11837798080349207, 
2.71, -188.8750105462898, 11.245357654215123, -11.8989336320822, -69.69557584733964, 6.917502462269262, 0.8736990588485858, 0.698131700815185, 0.0, 0.0, 1.0, 0.0, 0.0, 0.0, -0.1253071558030041, 0.9921179953536585, 0.0, -0.9921179953536585, -0.12530715580300383, 
2.72, -189.57196630476318, 11.314532678837816, -11.890196641493713, -69.69557584733964, 6.911234471628853, 0.9219698688695093, 0.698131700815185, 0.0, 0.0, 1.0, 0.0, 0.0, 0.0, -0.13223022370695747, 0.991219031263226, 0.0, -0.991219031263226, -0.13223022370695736, 
2.73, -190.26892206323657, 11.383645023554104, -11.880976942805018, -69.69557584733964, 6.90462964811503, 0.9701957448397335, 0.698131700815185, 0.0, 0.0, 1.0, 0.0, 0.0, 0.0, -0.13914684710575265, 0.9902717581252778, 0.0, -0.9902717581252778, -0.13914684710575229, 
2.74, -190.96587782170997, 11.452691320035255, -11.87127498535662, -69.69557584733964, 6.897688313627112, 1.0183743363744753, 0.698131700815185, 0.0, 0.0, 1.0, 0.0, 0.0, 0.0, -0.1460566889038757, 0.9892762221070697, 0.0, -0.9892762221070697, -0.14605668890387585, 
2.75, -191.66283358018336, 11.521668203171526, -11.861091241992876, -69.69557584733964, 6.890410806464963, 1.0665032953934372, 0.698131700815185, 0.0, 0.0, 1.0, 0.0, 0.0, 0.0, -0.15295941233632826, 0.9882324717280472, 0.0, -0.9882324717280472, -0.1529594123363279, 
2.7600000000000002, -192.35978933865675, 11.590572311236176, -11.850426209038941, -69.69557584733964, 6.882797481312483, 1.114580276235284, 0.698131700815185, 0.0, 0.0, 1.0, 0.0, 0.0, 0.0, -0.1598546809850392, 0.9871405578574771, 0.0, -0.9871405578574771, -0.15985468098503935, 
2.77, -193.05674509713015, 11.659400286049301, -11.839280406276588, -69.69557584733964, 6.874848709220351, 1.1626029357719168, 0.698131700815185, 0.0, 0.0, 1.0, 0.0, 0.0, 0.0, -0.16674215879526155, 0.9860005337119733, 0.0, -0.9860005337119733, -0.16674215879526127, 
2.7800000000000002, -193.75370085560354, 11.728148773141506, -11.827654376918868, -69.69557584733964, 6.86656487758791, 1.210568933522717, 0.698131700815185, 0.0, 0.0, 1.0, 0.0, 0.0, 0.0, -0.17362151009195048, 0.9848124548528978, 0.0, -0.9848124548528978, -0.17362151009195037, 
2.79, -194.45065661407693, 11.796814421917384, -11.815548687583641, -69.69557584733964, 6.8579463901443125, 1.2584759317685779, 0.698131700815185, 0.0, 0.0, 1.0, 0.0, 0.0, 0.0, -0.18049239959612318, 0.9835763791836573, 0.0, -0.9835763791836573, -0.1804923995961231, 
2.8000000000000003, -195.14761237255033, 11.865393885818827, -11.802963928265955, -69.69557584733964, 6.848993666928829, 1.3063215956658558, 0.698131700815185, 0.0, 0.0, 1.0, 0.0, 0.0, 0.0, -0.18735449244119873, 0.9822923669468783, 0.0, -0.9822923669468783, -0.18735449244119892, 
2.81, -195.84456813102372, 11.933883822488115, -11.789900712309297, -69.69557584733964, 6.839707144270381, 1.3541035933601595, 0.698131700815185, 0.0, 0.0, 1.0, 0.0, 0.0, 0.0, -0.19420745418931995, 0.9809604807214728, 0.0, -0.9809604807214728, -0.19420745418932014, 
2.82, -196.5415238894971, 12.002280893930818, -11.776359676375696, -69.69557584733964, 6.830087274766278, 1.4018195960999955, 0.698131700815185, 0.0, 0.0, 1.0, 0.0, 0.0, 0.0, -0.20105095084765123, 0.9795807854195873, 0.0, -0.9795807854195873, -0.2010509508476511, 
2.83, -197.2384796479705, 12.070581766678481, -11.762341480414696, -69.69557584733964, 6.8201345272601515, 1.4494672783502747, 0.698131700815185, 0.0, 0.0, 1.0, 0.0, 0.0, 0.0, -0.2078846488846573, 0.978153348283439, 0.0, -0.978153348283439, -0.2078846488846573, 
2.84, -197.9354354064439, 12.138783111951083, -11.747846807631193, -69.69557584733964, 6.809849386819112, 1.4970443179056359, 0.698131700815185, 0.0, 0.0, 1.0, 0.0, 0.0, 0.0, -0.2147082152463584, 0.97667823888204, 0.0, -0.97667823888204, -0.21470821524635864, 
2.85, -198.6323911649173, 12.206881605819275, -11.732876364452137, -69.69557584733964, 6.79923235471011, 1.544548396003633, 0.698131700815185, 0.0, 0.0, 1.0, 0.0, 0.0, 0.0, -0.22152131737256253, 0.9751555291078056, 0.0, -0.9751555291078056, -0.2215213173725627, 
2.86, -199.3293469233907, 12.274873929366375, -11.7174308804921, -69.69557584733964, 6.788283948375499, 1.5919771974377463, 0.698131700815185, 0.0, 0.0, 1.0, 0.0, 0.0, 0.0, -0.22832362321307298, 0.9735852931730504, 0.0, -0.9735852931730504, -0.2283236232130731, 
2.87, -200.02630268186408, 12.34275676885013, -11.701511108517723, -69.69557584733964, 6.777004701407819, 1.6393284106702113, 0.698131700815185, 0.0, 0.0, 1.0, 0.0, 0.0, 0.0, -0.23511480124387152, 0.9719676076063722, 0.0, -0.9719676076063722, -0.2351148012438715, 
2.88, -200.72325844033747, 12.410526815864207, -11.685117824411021, -69.69557584733964, 6.765395163523792, 1.686599727944682, 0.698131700815185, 0.0, 0.0, 1.0, 0.0, 0.0, 0.0, -0.24189452048327587, 0.9703025512489215, 0.0, -0.9703025512489215, -0.24189452048327595, 
2.89, -201.42021419881087, 12.478180767499445, -11.668251827131574, -69.69557584733964, 6.753455900537533, 1.7337888453987012, 0.698131700815185, 0.0, 0.0, 1.0, 0.0, 0.0, 0.0, -0.24866245050807145, 0.9685902052505594, 0.0, -0.9685902052505594, -0.24866245050807156, 
2.9, -202.11716995728426, 12.545715326504821, -11.650913938677586, -69.69557584733964, 6.741187494332972, 1.7808934631759838, 0.698131700815185, 0.0, 0.0, 1.0, 0.0, 0.0, 0.0, -0.25541826146961455, 0.9668306530659027, 0.0, -0.9668306530659027, -0.2554182614696144, 
2.91, -202.81412571575765, 12.613127201448151, -11.633105004045827, -69.69557584733964, 6.7285905428354855, 1.8279112855385142, 0.698131700815185, 0.0, 0.0, 1.0, 0.0, 0.0, 0.0, -0.2621616241099083, 0.9650239804502555, 0.0, -0.9650239804502555, -0.26216162410990834, 
2.92, -203.51108147423105, 12.680413106876506, -11.614825891190442, -69.69557584733964, 6.715665659982774, 1.8748400209784117, 0.698131700815185, 0.0, 0.0, 1.0, 0.0, 0.0, 0.0, -0.2688922097776494, 0.9631702754554319, 0.0, -0.9631702754554319, -0.26889220977764944, 
2.93, -204.20803723270444, 12.747569763476333, -11.596077490980658, -69.69557584733964, 6.702413475694924, 1.9216773823296358, 0.698131700815185, 0.0, 0.0, 1.0, 0.0, 0.0, 0.0, -0.27560969044424666, 0.9612696284254625, 0.0, -0.9612696284254625, -0.2756096904442465, 
2.94, -204.90499299117783, 12.814593898233282, -11.576860717157361, -69.69557584733964, 6.688834635843717, 1.9684210868794418, 0.698131700815185, 0.0, 0.0, 1.0, 0.0, 0.0, 0.0, -0.2823137387198065, 0.9593221319921922, 0.0, -0.9593221319921922, -0.28231373871980636, 
2.95, -205.60194874965123, 12.88148224459172, -11.557176506288567, -69.69557584733964, 6.674929802221148, 2.0150688564796373, 0.698131700815185, 0.0, 0.0, 1.0, 0.0, 0.0, 0.0, -0.28900402786909063, 0.9573278810707658, 0.0, -0.9573278810707658, -0.2890040278690903, 
2.96, -206.29890450812462, 12.94823154261393, -11.537025817723771, -69.69557584733964, 6.6606996525071684, 2.061618417657614, 0.698131700815185, 0.0, 0.0, 1.0, 0.0, 0.0, 0.0, -0.29568023182743874, 0.9552869728550014, 0.0, -0.9552869728550014, -0.2956802318274387, 
2.97, -206.99586026659802, 13.014838539139003, -11.516409633547195, -69.69557584733964, 6.646144880236669, 2.108067501727142, 0.698131700815185, 0.0, 0.0, 1.0, 0.0, 0.0, 0.0, -0.3023420252166611, 0.9531995068126546, 0.0, -0.9531995068126546, -0.3023420252166609, 
2.98, -207.6928160250714, 13.08129998794137, -11.495328958529923, -69.69557584733964, 6.631266194765664, 2.1544138448989547, 0.698131700815185, 0.0, 0.0, 1.0, 0.0, 0.0, 0.0, -0.3089890833608955, 0.9510655846805693, 0.0, -0.9510655846805693, -0.30898908336089576, 
2.99, -208.3897717835448, 13.147612649889027, -11.473784820080933, -69.69557584733964, 6.6160643212367365, 2.2006551883910572, 0.698131700815185, 0.0, 0.0, 1.0, 0.0, 0.0, 0.0, -0.31562108230243213, 0.9488853104597211, 0.0, -0.9488853104597211, -0.3156210823024321, 
3.0, -209.0867275420182, 13.213773293101394, -11.451778268197023, -69.69557584733964, 6.600540000543677, 2.2467892785388366, 0.698131700815185, 0.0, 0.0, 1.0, 0.0, 0.0, 0.0, -0.32223769881750064, 0.9466587904101463, 0.0, -0.9466587904101463, -0.3222376988175009, 
3.0100000000000002, -209.7836833004916, 13.279778693106831, -11.429310375411635, -69.69557584733964, 6.584693989295395, 2.292813866904877, 0.698131700815185, 0.0, 0.0, 1.0, 0.0, 0.0, 0.0, -0.3288386104320251, 0.9443861330457658, 0.0, -0.9443861330457658, -0.3288386104320251, 
3.02, -210.48063905896498, 13.345625632999784, -11.406382236742587, -69.69557584733964, 6.568527059779027, 2.338726710388559, 0.698131700815185, 0.0, 0.0, 1.0, 0.0, 0.0, 0.0, -0.3354234954373385, 0.9420674491290937, 0.0, -0.9420674491290937, -0.33542349543733874, 
3.0300000000000002, -211.17759481743838, 13.411310903597574, -11.382994969638702, -69.69557584733964, 6.552039999922307, 2.38452557133537, 0.698131700815185, 0.0, 0.0, 1.0, 0.0, 0.0, 0.0, -0.34199203290586366, 0.9397028516658413, 0.0, -0.9397028516658413, -0.341992032905864, 
3.04, -211.87455057591177, 13.476831303596796, -11.359149713925348, -69.69557584733964, 6.535233613255169, 2.4302082176459643, 0.698131700815185, 0.0, 0.0, 1.0, 0.0, 0.0, 0.0, -0.34854390270675273, 0.9372924558994089, 0.0, -0.9372924558994089, -0.34854390270675295, 
3.0500000000000003, -212.57150633438516, 13.542183639729348, -11.334847631748888, -69.69557584733964, 6.518108718870573, 2.4757724228849507, 0.698131700815185, 0.0, 0.0, 1.0, 0.0, 0.0, 0.0, -0.3550787855214903, 0.9348363793052684, 0.0, -0.9348363793052684, -0.3550787855214902, 
3.06, -213.26846209285856, 13.607364726918053, -11.310089907520037, -69.69557584733964, 6.500666151384591, 2.5212159663894034, 0.698131700815185, 0.0, 0.0, 1.0, 0.0, 0.0, 0.0, -0.3615963628594556, 0.9323347415852384, 0.0, -0.9323347415852384, -0.36159636285945534, 
3.0700000000000003, -213.96541785133195, 13.6723713884319, -11.284877747856143, -69.69557584733964, 6.482906760895732, 2.566536633377089, 0.698131700815185, 0.0, 0.0, 1.0, 0.0, 0.0, 0.0, -0.36809631707344526, 0.9297876646616503, 0.0, -0.9297876646616503, -0.36809631707344537, 
3.08, -214.66237360980534, 13.737200456040858, -11.259212381522373, -69.69557584733964, 6.464831412943513, 2.6117322150544005, 0.698131700815185, 0.0, 0.0, 1.0, 0.0, 0.0, 0.0, -0.3745783313751543, 0.9271952726714071, 0.0, -0.9271952726714071, -0.3745783313751544, 
3.09, -215.35932936827874, 13.801848770170293, -11.233095059371829, -69.69557584733964, 6.446440988466272, 2.6568005087240176, 0.698131700815185, 0.0, 0.0, 1.0, 0.0, 0.0, 0.0, -0.38104208985061505, 0.9245576919599319, 0.0, -0.9245576919599319, -0.38104208985061466, 
3.1, -216.05628512675213, 13.866313180054956, -11.206527054284589, -69.69557584733964, 6.427736383758223, 2.701739317892265, 0.698131700815185, 0.0, 0.0, 1.0, 0.0, 0.0, 0.0, -0.3874872774755942, 0.9218750510750099, 0.0, -0.9218750510750099, -0.387487277475594, 
3.11, -216.75324088522552, 13.930590543892539, -11.179509661105666, -69.69557584733964, 6.408718510425797, 2.746546452376139, 0.698131700815185, 0.0, 0.0, 1.0, 0.0, 0.0, 0.0, -0.3939135801309459, 0.9191474807605258, 0.0, -0.9191474807605258, -0.3939135801309458, 
3.12, -217.45019664369892, 13.994677728996797, -11.152044196581905, -69.69557584733964, 6.389388295343192, 2.791219728410078, 0.698131700815185, 0.0, 0.0, 1.0, 0.0, 0.0, 0.0, -0.4003206846179219, 0.9163751139500891, 0.0, -0.9163751139500891, -0.40032068461792164, 
3.13, -218.1471524021723, 14.058571611950228, -11.124131999297804, -69.69557584733964, 6.369746680607208, 2.8357569687523747, 0.698131700815185, 0.0, 0.0, 1.0, 0.0, 0.0, 0.0, -0.4067082786734342, 0.9135580857605565, 0.0, -0.9135580857605565, -0.40670827867343406, 
3.14, -218.8441081606457, 14.1222690787563, -11.09577442961028, -69.69557584733964, 6.349794623491336, 2.8801560027912942, 0.698131700815185, 0.0, 0.0, 1.0, 0.0, 0.0, 0.0, -0.41307605098527556, 0.9106965334854473, 0.0, -0.9106965334854473, -0.4130760509852753, 
3.15, -219.5410639191191, 14.185767024991213, -11.066972869582367, -69.69557584733964, 6.329533096399093, 2.9244146666508675, 0.698131700815185, 0.0, 0.0, 1.0, 0.0, 0.0, 0.0, -0.41942369120729084, 0.9077905965882502, 0.0, -0.9077905965882502, -0.4194236912072907, 
3.16, -220.2380196775925, 14.249062355955203, -11.037728722915858, -69.69557584733964, 6.308963086816641, 2.9685308032963436, 0.698131700815185, 0.0, 0.0, 1.0, 0.0, 0.0, 0.0, -0.42575088997450283, 0.9048404166956285, 0.0, -0.9048404166956285, -0.42575088997450294, 
3.17, -220.93497543606588, 14.31215198682337, -11.008043414882895, -69.69557584733964, 6.288085597264655, 3.012502262639317, 0.698131700815185, 0.0, 0.0, 1.0, 0.0, 0.0, 0.0, -0.4320573389181894, 0.9018461375905166, 0.0, -0.9018461375905166, -0.4320573389181893, 
3.18, -221.63193119453928, 14.375032842796017, -10.977918392256502, -69.69557584733964, 6.266901645249458, 3.056326901642531, 0.698131700815185, 0.0, 0.0, 1.0, 0.0, 0.0, 0.0, -0.4383427306809129, 0.8988079052051116, 0.0, -0.8988079052051116, -0.4383427306809128, 
3.19, -222.32888695301267, 14.437701859248511, -10.947355123240076, -69.69557584733964, 6.245412263213439, 3.1000025844243075, 0.698131700815185, 0.0, 0.0, 1.0, 0.0, 0.0, 0.0, -0.4446067589314995, 0.8957258676137624, 0.0, -0.8957258676137624, -0.4446067589314996, 
3.2, -223.02584271148606, 14.500155981880646, -10.916355097395833, -69.69557584733964, 6.223618498484732, 3.1435271823626465, 0.698131700815185, 0.0, 0.0, 1.0, 0.0, 0.0, 0.0, -0.4508491183799692, 0.8926001750257527, 0.0, -0.8926001750257527, -0.45084911837996927, 
3.21, -223.72279846995946, 14.562392166865493, -10.884919825572206, -69.69557584733964, 6.201521413226173, 3.1868985741989726, 0.698131700815185, 0.0, 0.0, 1.0, 0.0, 0.0, 0.0, -0.45706950479241426, 0.8894309797779799, 0.0, -0.8894309797779799, -0.45706950479241415, 
3.22, -224.41975422843285, 14.624407380997754, -10.853050839830216, -69.69557584733964, 6.17912208438353, 3.230114646141518, 0.698131700815185, 0.0, 0.0, 1.0, 0.0, 0.0, 0.0, -0.463267615005827, 0.8862184363275305, 0.0, -0.8862184363275305, -0.46326761500582675, 
3.23, -225.11670998690624, 14.686198601841589, -10.8207496933688, -69.69557584733964, 6.1564216036330155, 3.2731732919683436, 0.698131700815185, 0.0, 0.0, 1.0, 0.0, 0.0, 0.0, -0.46944314694287503, 0.8829627012441524, 0.0, -0.8829627012441524, -0.4694431469428749, 
3.24, -225.81366574537964, 14.74776281787792, -10.788017960449116, -69.69557584733964, 6.133421077328093, 3.3160724131299815, 0.698131700815185, 0.0, 0.0, 1.0, 0.0, 0.0, 0.0, -0.47559579962662357, 0.8796639332026253, 0.0, -0.8796639332026253, -0.4755957996266234, 
3.25, -226.51062150385303, 14.8090970286512, -10.754857236317816, -69.69557584733964, 6.11012162644554, 3.3588099188517213, 0.698131700815185, 0.0, 0.0, 1.0, 0.0, 0.0, 0.0, -0.48172527319520375, 0.8763222929750255, 0.0, -0.8763222929750255, -0.48172527319520364, 
3.2600000000000002, -227.20757726232642, 14.870198244915656, -10.7212691371293, -69.69557584733964, 6.086524386530826, 3.4013837262355078, 0.698131700815185, 0.0, 0.0, 1.0, 0.0, 0.0, 0.0, -0.4878312689164279, 0.8729379434228917, 0.0, -0.8729379434228917, -0.48783126891642803, 
3.27, -227.90453302079982, 14.931063488780964, -10.687255299866944, -69.69557584733964, 6.0626305076427665, 3.4437917603614485, 0.698131700815185, 0.0, 0.0, 1.0, 0.0, 0.0, 0.0, -0.49391348920234823, 0.8695110494892873, 0.0, -0.8695110494892873, -0.4939134892023483, 
3.2800000000000002, -228.6014887792732, 14.991689793857391, -10.65281738226333, -69.69557584733964, 6.038441154297471, 3.4860319543889458, 0.698131700815185, 0.0, 0.0, 1.0, 0.0, 0.0, 0.0, -0.4999716376237604, 0.866041778190761, 0.0, -0.866041778190761, -0.49997163762376035, 
3.29, -229.2984445377466, 15.052074205400366, -10.617957062719439, -69.69557584733964, 6.01395750541159, 3.528102249657427, 0.698131700815185, 0.0, 0.0, 1.0, 0.0, 0.0, 0.0, -0.5060054189246506, 0.8625302986092077, 0.0, -0.8625302986092077, -0.5060054189246505, 
3.3000000000000003, -229.99540029622, 15.112213780454482, -10.582676040222864, -69.69557584733964, 5.989180754244857, 3.5700005957866727, 0.698131700815185, 0.0, 0.0, 1.0, 0.0, 0.0, 0.0, -0.5120145390365853, 0.8589767818836275, 0.0, -0.8589767818836275, -0.5120145390365853, 
3.31, -230.6923560546934, 15.172105587996931, -10.546976034264997, -69.69557584733964, 5.964112108341933, 3.6117249507767526, 0.698131700815185, 0.0, 0.0, 1.0, 0.0, 0.0, 0.0, -0.5179987050930441, 0.8553814012017852, 0.0, -0.8553814012017852, -0.5179987050930442, 
3.3200000000000003, -231.38931181316678, 15.231746709080351, -10.510858784757229, -69.69557584733964, 5.938752789473557, 3.6532732811075395, 0.698131700815185, 0.0, 0.0, 1.0, 0.0, 0.0, 0.0, -0.523957625443692, 0.8517443317917694, 0.0, -0.8517443317917694, -0.523957625443692, 
3.33, -232.08626757164018, 15.291134236975086, -10.474326051946154, -69.69557584733964, 5.9131040335769915, 3.6946435618378266, 0.698131700815185, 0.0, 0.0, 1.0, 0.0, 0.0, 0.0, -0.5298910096685943, 0.8480657509134524, 0.0, -0.8480657509134524, -0.5298910096685941, 
3.34, -232.78322333011357, 15.350265277310855, -10.437379616327775, -69.69557584733964, 5.887167090695803, 3.7358337767040064, 0.698131700815185, 0.0, 0.0, 1.0, 0.0, 0.0, 0.0, -0.5357985685923703, 0.8443458378498513, 0.0, -0.8443458378498513, -0.5357985685923701, 
3.35, -233.48017908858697, 15.409136948217814, -10.400021278560734, -69.69557584733964, 5.860943224918916, 3.7768419182183477, 0.698131700815185, 0.0, 0.0, 1.0, 0.0, 0.0, 0.0, -0.5416800142982876, 0.8405847738983897, 0.0, -0.8405847738983897, -0.5416800142982876, 
3.36, -234.17713484706036, 15.467746380467004, -10.36225285937855, -69.69557584733964, 5.83443371431903, 3.8176659877668246, 0.698131700815185, 0.0, 0.0, 1.0, 0.0, 0.0, 0.0, -0.5475350601422939, 0.836782742362063, 0.0, -0.836782742362063, -0.5475350601422939, 
3.37, -234.87409060553375, 15.526090717610193, -10.324076199500881, -69.69557584733964, 5.80763985089031, 3.8583039957065295, 0.698131700815185, 0.0, 0.0, 1.0, 0.0, 0.0, 0.0, -0.5533634207669864, 0.8329399285405032, 0.0, -0.8329399285405032, -0.5533634207669867, 
3.38, -235.57104636400715, 15.584167116119097, -10.285493159543815, -69.69557584733964, 5.7805629404854315, 3.8987539614626376, 0.698131700815185, 0.0, 0.0, 1.0, 0.0, 0.0, 0.0, -0.559164812115521, 0.82905651972095, 0.0, -0.82905651972095, -0.5591648121155212, 
3.39, -236.26800212248054, 15.641972745523951, -10.24650561992919, -69.69557584733964, 5.75320430275193, 3.939013913624942, 0.698131700815185, 0.0, 0.0, 1.0, 0.0, 0.0, 0.0, -0.5649389514454548, 0.8251327051691204, 0.0, -0.8251327051691204, -0.5649389514454545, 
3.4, -236.96495788095393, 15.69950478855147, -10.20711548079294, -69.69557584733964, 5.7255652710678815, 3.9790818900439295, 0.698131700815185, 0.0, 0.0, 1.0, 0.0, 0.0, 0.0, -0.570685557342526, 0.821168676119986, 0.0, -0.821168676119986, -0.570685557342526, 
3.41, -237.66191363942733, 15.756760441262148, -10.1673246618925, -69.69557584733964, 5.697647192476935, 4.018955937926404, 0.698131700815185, 0.0, 0.0, 1.0, 0.0, 0.0, 0.0, -0.5764043497343716, 0.8171646257684535, 0.0, -0.8171646257684535, -0.5764043497343714, 
3.42, -238.35886939790072, 15.813736913186919, -10.127135102513236, -69.69557584733964, 5.669451427622639, 4.0586341139306725, 0.698131700815185, 0.0, 0.0, 1.0, 0.0, 0.0, 0.0, -0.5820950499041737, 0.8131207492599469, 0.0, -0.8131207492599469, -0.5820950499041737, 
3.43, -239.0558251563741, 15.870431427463146, -10.08654876137393, -69.69557584733964, 5.640979350682149, 4.098114484261243, 0.698131700815185, 0.0, 0.0, 1.0, 0.0, 0.0, 0.0, -0.5877573805042466, 0.809037243680899, 0.0, -0.809037243680899, -0.5877573805042465, 
3.44, -239.7527809148475, 15.926841220969967, -10.045567616531317, -69.69557584733964, 5.612232349299236, 4.1373951247630885, 0.698131700815185, 0.0, 0.0, 1.0, 0.0, 0.0, 0.0, -0.5933910655695518, 0.8049143080491439, 0.0, -0.8049143080491439, -0.5933910655695517, 
3.45, -240.4497366733209, 15.98296354446296, -10.004193665283687, -69.69557584733964, 5.5832118245166695, 4.176474121015409, 0.698131700815185, 0.0, 0.0, 1.0, 0.0, 0.0, 0.0, -0.598995830531148, 0.8007521433042185, 0.0, -0.8007521433042185, -0.5989958305311484, 
3.46, -241.1466924317943, 16.038795662708125, -9.962428924073533, -69.69557584733964, 5.553919190707932, 4.215349568424942, 0.698131700815185, 0.0, 0.0, 1.0, 0.0, 0.0, 0.0, -0.6045714022295745, 0.7965509522975701, 0.0, -0.7965509522975701, -0.6045714022295746, 
3.47, -241.8436481902677, 16.094334854615205, -9.920275428389283, -69.69557584733964, 5.52435587550828, 4.254019572318789, 0.698131700815185, 0.0, 0.0, 1.0, 0.0, 0.0, 0.0, -0.6101175089281614, 0.7923109397826682, 0.0, -0.7923109397826682, -0.6101175089281614, 
3.48, -242.54060394874108, 16.14957841337029, -9.877735232666096, -69.69557584733964, 5.4945233197451735, 4.292482248036755, 0.698131700815185, 0.0, 0.0, 1.0, 0.0, 0.0, 0.0, -0.6156338803262753, 0.7880323124050264, 0.0, -0.7880323124050264, -0.6156338803262755, 
3.49, -243.23755970721447, 16.20452364656774, -9.834810410185728, -69.69557584733964, 5.464422977368051, 4.330735721023193, 0.698131700815185, 0.0, 0.0, 1.0, 0.0, 0.0, 0.0, -0.6211202475724926, 0.7837152786921315, 0.0, -0.7837152786921315, -0.6211202475724926, 
3.5, -243.93451546568787, 16.25916787634142, -9.791503052975497, -69.69557584733964, 5.434056315377469, 4.368778126918377, 0.698131700815185, 0.0, 0.0, 1.0, 0.0, 0.0, 0.0, -0.6265763432777018, 0.77936004904328, 0.0, -0.77936004904328, -0.6265763432777016, 
3.5100000000000002, -244.63147122416126, 16.313508439495195, -9.747815271706314, -69.69557584733964, 5.403424813753602, 4.406607611649357, 0.698131700815185, 0.0, 0.0, 1.0, 0.0, 0.0, 0.0, -0.6320019015281353, 0.7749668357193235, 0.0, -0.7749668357193235, -0.6320019015281355, 
3.52, -245.32842698263465, 16.36754268763273, -9.70374919558982, -69.69557584733964, 5.37252996538412, 4.444222331520319, 0.698131700815185, 0.0, 0.0, 1.0, 0.0, 0.0, 0.0, -0.6373966578983306, 0.770535852832325, 0.0, -0.770535852832325, -0.6373966578983307, 
3.5300000000000002, -246.02538274110805, 16.421267987286573, -9.659306972274617, -69.69557584733964, 5.3413732759914225, 4.48162045330245, 0.698131700815185, 0.0, 0.0, 1.0, 0.0, 0.0, 0.0, -0.642760349464016, 0.7660673163351223, 0.0, -0.7660673163351223, -0.6427603494640158, 
3.54, -246.72233849958144, 16.474681720046487, -9.614490767741593, -69.69557584733964, 5.309956264059253, 4.518800154323279, 0.698131700815185, 0.0, 0.0, 1.0, 0.0, 0.0, 0.0, -0.6480927148149249, 0.7615614440108035, 0.0, -0.7615614440108035, -0.648092714814925, 
3.5500000000000003, -247.41929425805483, 16.52778128268708, -9.56930276619836, -69.69557584733964, 5.278280460758702, 4.555759622555507, 0.698131700815185, 0.0, 0.0, 1.0, 0.0, 0.0, 0.0, -0.6533934940675377, 0.7570184554620939, 0.0, -0.7570184554620939, -0.6533934940675379, 
3.56, -248.11625001652823, 16.58056408729467, -9.523745169972806, -69.69557584733964, 5.246347409873574, 4.592497056705321, 0.698131700815185, 0.0, 0.0, 1.0, 0.0, 0.0, 0.0, -0.6586624288777461, 0.7524385721006521, 0.0, -0.7524385721006521, -0.658662428877746, 
3.5700000000000003, -248.81320577500162, 16.633027561393405, -9.477820199405752, -69.69557584733964, 5.214158667725148, 4.629010666300188, 0.698131700815185, 0.0, 0.0, 1.0, 0.0, 0.0, 0.0, -0.6638992624534441, 0.747822017136279, 0.0, -0.747822017136279, -0.663899262453444, 
3.58, -249.510161533475, 16.685169148070656, -9.43153009274275, -69.69557584733964, 5.181715803096331, 4.66529867177611, 0.698131700815185, 0.0, 0.0, 1.0, 0.0, 0.0, 0.0, -0.6691037395670443, 0.74316901556604, 0.0, -0.74316901556604, -0.6691037395670443, 
3.59, -250.2071172919484, 16.73698630610162, -9.38487710602499, -69.69557584733964, 5.149020397155201, 4.70135930456436, 0.698131700815185, 0.0, 0.0, 1.0, 0.0, 0.0, 0.0, -0.6742756065679165, 0.7384797941632988, 0.0, -0.7384797941632988, -0.6742756065679165, 
3.6, -250.9040730504218, 16.788476510073174, -9.337863512979345, -69.69557584733964, 5.116074043377942, 4.737190807177675, 0.698131700815185, 0.0, 0.0, 1.0, 0.0, 0.0, 0.0, -0.6794146113947497, 0.7337545814666655, 0.0, -0.7337545814666655, -0.6794146113947496, 
3.61, -251.6010288088952, 16.839637250506954, -9.290491604907569, -69.69557584733964, 5.0828783474711825, 4.772791433295909, 0.698131700815185, 0.0, 0.0, 1.0, 0.0, 0.0, 0.0, -0.6845205035878363, 0.7289936077688578, 0.0, -0.7289936077688578, -0.6845205035878361, 
3.62, -252.2979845673686, 16.890466033981664, -9.24276369057461, -69.69557584733964, 5.049434927293741, 4.808159447851147, 0.698131700815185, 0.0, 0.0, 1.0, 0.0, 0.0, 0.0, -0.6895930343012797, 0.7241971051054776, 0.0, -0.7241971051054776, -0.6895930343012796, 
3.63, -252.99494032584198, 16.940960383254602, -9.194682096096098, -69.69557584733964, 5.015745412777776, 4.843293127112263, 0.698131700815185, 0.0, 0.0, 1.0, 0.0, 0.0, 0.0, -0.6946319563151218, 0.7193653072437024, 0.0, -0.7193653072437024, -0.694631956315122, 
3.64, -253.69189608431537, 16.99111783738238, -9.146249164824976, -69.69557584733964, 4.981811445849349, 4.878190758768932, 0.698131700815185, 0.0, 0.0, 1.0, 0.0, 0.0, 0.0, -0.6996370240473924, 0.7144984496708922, 0.0, -0.7144984496708922, -0.6996370240473924, 
3.65, -254.38885184278877, 17.040935951840872, -9.097467257237287, -69.69557584733964, 4.9476346803483935, 4.912850642015086, 0.698131700815185, 0.0, 0.0, 1.0, 0.0, 0.0, 0.0, -0.704607993566077, 0.7095967695831114, 0.0, -0.7095967695831114, -0.704607993566077, 
3.66, -255.08580760126216, 17.090412298644356, -9.048338750817136, -69.69557584733964, 4.913216781948124, 4.947271087631798, 0.698131700815185, 0.0, 0.0, 1.0, 0.0, 0.0, 0.0, -0.709544622601006, 0.7046605058735703, 0.0, -0.7046605058735703, -0.7095446226010059, 
3.67, -255.78276335973555, 17.13954446646384, -8.998866039940818, -69.69557584733964, 4.878559428073849, 4.981450418069616, 0.698131700815185, 0.0, 0.0, 1.0, 0.0, 0.0, 0.0, -0.7144466705556625, 0.6996898991209811, 0.0, -0.6996898991209811, -0.7144466705556625, 
3.68, -256.47971911820895, 17.188330060744576, -8.949051535760121, -69.69557584733964, 4.8436643078212205, 5.01538696753032, 0.698131700815185, 0.0, 0.0, 1.0, 0.0, 0.0, 0.0, -0.7193138985189076, 0.6946851915778331, 0.0, -0.6946851915778331, -0.7193138985189076, 
3.69, -257.17667487668234, 17.236766703822788, -8.89889766608482, -69.69557584733964, 4.808533121873909, 5.049079082048107, 0.698131700815185, 0.0, 0.0, 1.0, 0.0, 0.0, 0.0, -0.7241460692766246, 0.6896466271585862, 0.0, -0.6896466271585862, -0.7241460692766246, 
3.7, -257.87363063515573, 17.284852035041528, -8.848406875264338, -69.69557584733964, 4.773167582420722, 5.082525119570204, 0.698131700815185, 0.0, 0.0, 1.0, 0.0, 0.0, 0.0, -0.72894294732328, 0.6845744514277826, 0.0, -0.6845744514277826, -0.7289429473232802, 
3.71, -258.5705863936291, 17.332583710865734, -8.797581624068636, -69.69557584733964, 4.737569413072158, 5.115723450036888, 0.698131700815185, 0.0, 0.0, 1.0, 0.0, 0.0, 0.0, -0.7337042988734017, 0.6794689115880799, 0.0, -0.6794689115880799, -0.7337042988734017, 
3.72, -259.2675421521025, 17.379959404996455, -8.746424389568267, -69.69557584733964, 4.701740348776396, 5.148672455460942, 0.698131700815185, 0.0, 0.0, 1.0, 0.0, 0.0, 0.0, -0.7384298918729721, 0.6743302564682019, 0.0, -0.6743302564682019, -0.738429891872972, 
3.73, -259.9644979105759, 17.42697680848422, -8.694937665013658, -69.69557584733964, 4.665682135734743, 5.181370530006505, 0.698131700815185, 0.0, 0.0, 1.0, 0.0, 0.0, 0.0, -0.7431194960107383, 0.6691587365108118, 0.0, -0.6691587365108118, -0.7431194960107385, 
3.74, -260.6614536690493, 17.47363362984157, -8.643123959713593, -69.69557584733964, 4.629396531316533, 5.213816080067329, 0.698131700815185, 0.0, 0.0, 1.0, 0.0, 0.0, 0.0, -0.7477728827294374, 0.6639546037603075, 0.0, -0.6639546037603075, -0.7477728827294375, 
3.75, -261.3584094275227, 17.519927595154734, -8.59098579891292, -69.69557584733964, 4.592885303973474, 5.24600752434446, 0.698131700815185, 0.0, 0.0, 1.0, 0.0, 0.0, 0.0, -0.7523898252369348, 0.658718111850536, 0.0, -0.658718111850536, -0.7523898252369345, 
3.7600000000000002, -262.0553651859961, 17.565856448194467, -8.538525723669474, -69.69557584733964, 4.556150233153455, 5.277943293923298, 0.698131700815185, 0.0, 0.0, 1.0, 0.0, 0.0, 0.0, -0.7569700985172765, 0.6534495159924326, 0.0, -0.6534495159924326, -0.7569700985172767, 
3.77, -262.7523209444695, 17.611417950526, -8.485746290730242, -69.69557584733964, 4.519193109213835, 5.309621832350058, 0.698131700815185, 0.0, 0.0, 1.0, 0.0, 0.0, 0.0, -0.7615134793416589, 0.648149072961584, 0.0, -0.648149072961584, -0.761513479341659, 
3.7800000000000002, -263.4492767029429, 17.656609881618138, -8.432650072406743, -69.69557584733964, 4.482015733334168, 5.341041595707637, 0.698131700815185, 0.0, 0.0, 1.0, 0.0, 0.0, 0.0, -0.7660197462793048, 0.6428170410857118, 0.0, -0.6428170410857118, -0.7660197462793047, 
3.79, -264.1462324614163, 17.70143003895148, -8.379239656449666, -69.69557584733964, 4.444619917428433, 5.372201052690849, 0.698131700815185, 0.0, 0.0, 1.0, 0.0, 0.0, 0.0, -0.7704886797082566, 0.6374536802320835, 0.0, -0.6374536802320835, -0.7704886797082567, 
3.8000000000000003, -264.84318821988967, 17.745876238125764, -8.325517645922758, -69.69557584733964, 4.407007484056722, 5.403098684681064, 0.698131700815185, 0.0, 0.0, 1.0, 0.0, 0.0, 0.0, -0.7749200618260814, 0.6320592517948475, 0.0, -0.6320592517948475, -0.7749200618260813, 
3.81, -265.54014397836306, 17.789946312966332, -8.271486659075947, -69.69557584733964, 4.369180266336409, 5.433732985820218, 0.698131700815185, 0.0, 0.0, 1.0, 0.0, 0.0, 0.0, -0.7793136766604831, 0.6266340186822926, 0.0, -0.6266340186822926, -0.7793136766604832, 
3.8200000000000003, -266.23709973683646, 17.833638115629697, -8.217149329217746, -69.69557584733964, 4.3311401078528196, 5.464102463084203, 0.698131700815185, 0.0, 0.0, 1.0, 0.0, 0.0, 0.0, -0.7836693100798313, 0.6211782453040359, 0.0, -0.6211782453040359, -0.7836693100798314, 
3.83, -266.93405549530985, 17.876949516708226, -8.162508304586904, -69.69557584733964, 4.292888862569374, 5.494205636355635, 0.698131700815185, 0.0, 0.0, 1.0, 0.0, 0.0, 0.0, -0.7879867498035953, 0.6156921975581353, 0.0, -0.6156921975581353, -0.7879867498035954, 
3.84, -267.63101125378324, 17.919878405333918, -8.107566248223348, -69.69557584733964, 4.254428394737226, 5.524041038495987, 0.698131700815185, 0.0, 0.0, 1.0, 0.0, 0.0, 0.0, -0.7922657854126911, 0.6101761428181307, 0.0, -0.6101761428181307, -0.792265785412691, 
3.85, -268.32796701225664, 17.96242268928129, -8.052325837838389, -69.69557584733964, 4.215760578804414, 5.553607215417099, 0.698131700815185, 0.0, 0.0, 1.0, 0.0, 0.0, 0.0, -0.7965062083597358, 0.6046303499200129, 0.0, -0.6046303499200129, -0.7965062083597357, 
3.86, -269.02492277073003, 18.004580295069335, -7.996789765684218, -69.69557584733964, 4.176887299324503, 5.582902726152039, 0.698131700815185, 0.0, 0.0, 1.0, 0.0, 0.0, 0.0, -0.8007078119792126, 0.5990550891491218, 0.0, -0.5990550891491218, -0.8007078119792125, 
3.87, -269.7218785292034, 18.04634916806258, -7.940960738422698, -69.69557584733964, 4.13781045086473, 5.611926142925333, 0.698131700815185, 0.0, 0.0, 1.0, 0.0, 0.0, 0.0, -0.8048703914975417, 0.5934506322269728, 0.0, -0.5934506322269728, -0.8048703914975418, 
3.88, -270.4188342876768, 18.08772727257123, -7.8848414769934445, -69.69557584733964, 4.098531937913686, 5.640676051222555, 0.698131700815185, 0.0, 0.0, 1.0, 0.0, 0.0, 0.0, -0.8089937440430623, 0.5878172522980151, 0.0, -0.5878172522980151, -0.8089937440430622, 
3.89, -271.1157900461502, 18.128712591950364, -7.828434716481219, -69.69557584733964, 4.059053674788471, 5.6691510498592645, 0.698131700815185, 0.0, 0.0, 1.0, 0.0, 0.0, 0.0, -0.8130776686559178, 0.5821552239163174, 0.0, -0.5821552239163174, -0.8130776686559178, 
3.9, -271.8127458046236, 18.16930312869825, -7.771743205982626, -69.69557584733964, 4.01937758554142, 5.697349751049291, 0.698131700815185, 0.0, 0.0, 1.0, 0.0, 0.0, 0.0, -0.8171219662978513, 0.576464823032189, 0.0, -0.576464823032189, -0.8171219662978514, 
3.91, -272.509701563097, 18.209496904553664, -7.714769708472134, -69.69557584733964, 3.979505603866321, 5.725270780472374, 0.698131700815185, 0.0, 0.0, 1.0, 0.0, 0.0, 0.0, -0.821126439861906, 0.5707463269787304, 0.0, -0.5707463269787304, -0.8211264398619059, 
3.92, -273.2066573215704, 18.249291960592327, -7.6575170006674105, -69.69557584733964, 3.9394396730041663, 5.752912777341146, 0.698131700815185, 0.0, 0.0, 1.0, 0.0, 0.0, 0.0, -0.8250908941820312, 0.5650000144583154, 0.0, -0.5650000144583154, -0.825090894182031, 
3.93, -273.9036130800438, 18.28868635732237, -7.599987872893999, -69.69557584733964, 3.8991817456484537, 5.780274394467453, 0.698131700815185, 0.0, 0.0, 1.0, 0.0, 0.0, 0.0, -0.8290151360425939, 0.5592261655290097, 0.0, -0.5592261655290097, -0.829015136042594, 
3.94, -274.6005688385172, 18.327678174778853, -7.542185128949325, -69.69557584733964, 3.858733783850019, 5.807354298328001, 0.698131700815185, 0.0, 0.0, 1.0, 0.0, 0.0, 0.0, -0.8328989741877972, 0.5534250615909216, 0.0, -0.5534250615909216, -0.832898974187797, 
3.95, -275.29752459699057, 18.366265512617353, -7.484111585966045, -69.69557584733964, 3.8180977589214016, 5.834151169129368, 0.698131700815185, 0.0, 0.0, 1.0, 0.0, 0.0, 0.0, -0.8367422193309988, 0.547596985372486, 0.0, -0.547596985372486, -0.8367422193309988, 
3.96, -275.99448035546396, 18.404446490206567, -7.425770074274752, -69.69557584733964, 3.777275651340779, 5.860663700872307, 0.698131700815185, 0.0, 0.0, 1.0, 0.0, 0.0, 0.0, -0.8405446841639388, 0.5417422209166867, 0.0, -0.5417422209166867, -0.8405446841639389, 
3.97, -276.69143611393736, 18.442219246719976, -7.367163437266028, -69.69557584733964, 3.7362694506554393, 5.886890601415411, 0.698131700815185, 0.0, 0.0, 1.0, 0.0, 0.0, 0.0, -0.8443061833658674, 0.5358610535672119, 0.0, -0.5358610535672119, -0.8443061833658674, 
3.98, -277.38839187241075, 18.47958194122653, -7.308294531251875, -69.69557584733964, 3.6950811553848144, 5.9128305925380795, 0.698131700815185, 0.0, 0.0, 1.0, 0.0, 0.0, 0.0, -0.8480265336125765, 0.5299537699545478, 0.0, -0.5299537699545478, -0.8480265336125764, 
3.99, -278.08534763088414, 18.51653275278038, -7.249166225326494, -69.69557584733964, 3.6537127729230856, 5.93848241000282, 0.698131700815185, 0.0, 0.0, 1.0, 0.0, 0.0, 0.0, -0.8517055535853353, 0.5240206579820094, 0.0, -0.5240206579820094, -0.8517055535853351, 
4.0, -278.78230338935754, 18.55306988050961, -7.189781401226466, -69.69557584733964, 3.6121663194413394, 5.963844803616858, 0.698131700815185, 0.0, 0.0, 1.0, 0.0, 0.0, 0.0, -0.8553430639797261, 0.5180620068117079, 0.0, -0.5180620068117079, -0.8553430639797261, 
4.01, -279.47925914783093, 18.589191543704025, -7.130142953190298, -69.69557584733964, 3.5704438197893165, 5.988916537293075, 0.698131700815185, 0.0, 0.0, 1.0, 0.0, 0.0, 0.0, -0.8589388875143851, 0.5120781068504595, 0.0, -0.5120781068504595, -0.8589388875143851, 
4.0200000000000005, -280.1762149063043, 18.62489598190192, -7.070253787817367, -69.69557584733964, 3.528547307396715, 6.013696389110244, 0.698131700815185, 0.0, 0.0, 1.0, 0.0, 0.0, 0.0, -0.8624928489396397, 0.50606924973563, 0.0, -0.50606924973563, -0.86249284893964, 
4.03, -280.8731706647777, 18.660181454975884, -7.010116823926265, -69.69557584733964, 3.486478824174098, 6.038183151372588, 0.698131700815185, 0.0, 0.0, 1.0, 0.0, 0.0, 0.0, -0.8660047750460527, 0.5000357283209227, 0.0, -0.5000357283209227, -0.8660047750460528, 
4.04, -281.5701264232511, 18.695046243217625, -6.949734992412539, -69.69557584733964, 3.4442404204133674, 6.062375630668637, 0.698131700815185, 0.0, 0.0, 1.0, 0.0, 0.0, 0.0, -0.869474494672861, 0.4939778366621046, 0.0, -0.4939778366621046, -0.8694744946728611, 
4.05, -282.2670821817245, 18.72948864742176, -6.889111236105853, -69.69557584733964, 3.4018341546878452, 6.086272647929389, 0.698131700815185, 0.0, 0.0, 1.0, 0.0, 0.0, 0.0, -0.8729018387163197, 0.48789587000267565, 0.0, -0.48789587000267565, -0.8729018387163199, 
4.0600000000000005, -282.9640379401979, 18.76350698896864, -6.828248509626559, -69.69557584733964, 3.359262093751946, 6.109873038485783, 0.698131700815185, 0.0, 0.0, 1.0, 0.0, 0.0, 0.0, -0.8762866401379432, 0.48179012475947947, 0.0, -0.48179012475947947, -0.8762866401379432, 
4.07, -283.6609936986713, 18.79709960990616, -6.767149779241701, -69.69557584733964, 3.3165263124404407, 6.1331756521254475, 0.698131700815185, 0.0, 0.0, 1.0, 0.0, 0.0, 0.0, -0.8796287339726452, 0.47566089850825616, 0.0, -0.47566089850825616, -0.8796287339726451, 
4.08, -284.3579494571447, 18.830264873030565, -6.705818022720447, -69.69557584733964, 3.2736288935673445, 6.156179353148772, 0.698131700815185, 0.0, 0.0, 1.0, 0.0, 0.0, 0.0, -0.8829279573367794, 0.46950848996914, 0.0, -0.46950848996914, -0.8829279573367795, 
4.09, -285.0549052156181, 18.86300116196624, -6.644256229188959, -69.69557584733964, 3.230571927824406, 6.17888302042425, 0.698131700815185, 0.0, 0.0, 1.0, 0.0, 0.0, 0.0, -0.8861841494360789, 0.4633331989921012, 0.0, -0.4633331989921012, -0.8861841494360786, 
4.1, -285.75186097409147, 18.895306881244483, -6.582467398984717, -69.69557584733964, 3.1873575136792027, 6.2012855474431205, 0.698131700815185, 0.0, 0.0, 1.0, 0.0, 0.0, 0.0, -0.8893971515734898, 0.45713532654233013, 0.0, -0.45713532654233013, -0.8893971515734898, 
4.11, -286.44881673256486, 18.927180456381276, -6.520454543510286, -69.69557584733964, 3.143987757272884, 6.223385842373299, 0.698131700815185, 0.0, 0.0, 1.0, 0.0, 0.0, 0.0, -0.8925668071569097, 0.45091517468557196, 0.0, -0.45091517468557196, -0.8925668071569097, 
4.12, -287.14577249103826, 18.958620333954006, -6.458220685086553, -69.69557584733964, 3.1004647723175114, 6.245182828112586, 0.698131700815185, 0.0, 0.0, 1.0, 0.0, 0.0, 0.0, -0.8956929617068166, 0.4446730465734026, 0.0, -0.4446730465734026, -0.8956929617068164, 
4.13, -287.84272824951165, 18.98962498167718, -6.395768856805427, -69.69557584733964, 3.0567906799930484, 6.266675442341165, 0.698131700815185, 0.0, 0.0, 1.0, 0.0, 0.0, 0.0, -0.8987754628637981, 0.4384092464284551, 0.0, -0.4384092464284551, -0.898775462863798, 
4.14, -288.53968400798504, 19.020192888477112, -6.333102102382015, -69.69557584733964, 3.0129676088439776, 6.287862637573375, 0.698131700815185, 0.0, 0.0, 1.0, 0.0, 0.0, 0.0, -0.9018141603959782, 0.43212407952959225, 0.0, -0.43212407952959225, -0.901814160395978, 
4.15, -289.23663976645844, 19.05032256456555, -6.270223476006281, -69.69557584733964, 2.968997694675565, 6.308743381208763, 0.698131700815185, 0.0, 0.0, 1.0, 0.0, 0.0, 0.0, -0.9048089062063376, 0.4258178521970287, 0.0, -0.4258178521970287, -0.9048089062063378, 
4.16, -289.93359552493183, 19.080012541512307, -6.207136042194193, -69.69557584733964, 2.9248830804497667, 6.329316655582408, 0.698131700815185, 0.0, 0.0, 1.0, 0.0, 0.0, 0.0, -0.9077595543399337, 0.4194908717774018, 0.0, -0.4194908717774018, -0.9077595543399339, 
4.17, -290.6305512834052, 19.109261372316805, -6.143842875638369, -69.69557584733964, 2.8806259161807857, 6.349581458014521, 0.698131700815185, 0.0, 0.0, 1.0, 0.0, 0.0, 0.0, -0.9106659609910119, 0.4131434466287918, 0.0, -0.4131434466287918, -0.9106659609910116, 
4.18, -291.3275070418786, 19.138067631478613, -6.080347061058224, -69.69557584733964, 2.8362283588302826, 6.369536800859311, 0.698131700815185, 0.0, 0.0, 1.0, 0.0, 0.0, 0.0, -0.9135279845100135, 0.40677588610569365, 0.0, -0.40677588610569365, -0.9135279845100136, 
4.19, -292.024462800352, 19.166429915066917, -6.0166516930496305, -69.69557584733964, 2.791692572202265, 6.389181711553123, 0.698131700815185, 0.0, 0.0, 1.0, 0.0, 0.0, 0.0, -0.9163454854104836, 0.400388500543941, 0.0, -0.400388500543941, -0.9163454854104834, 
4.2, -292.7214185588254, 19.19434684078894, -5.952759875934099, -69.69557584733964, 2.7470207268376123, 6.408515232661833, 0.698131700815185, 0.0, 0.0, 1.0, 0.0, 0.0, 0.0, -0.9191183263758638, 0.3939816012455794, 0.0, -0.3939816012455794, -0.919118326375864, 
4.21, -293.4183743172988, 19.221817048057314, -5.888674723607481, -69.69557584733964, 2.7022149999083083, 6.427536421927512, 0.698131700815185, 0.0, 0.0, 1.0, 0.0, 0.0, 0.0, -0.9218463722661894, 0.3875555004636966, 0.0, -0.3875555004636966, -0.9218463722661893, 
4.22, -294.1153300757722, 19.248839198056398, -5.824399359388205, -69.69557584733964, 2.657277575111315, 6.4462443523143556, 0.698131700815185, 0.0, 0.0, 1.0, 0.0, 0.0, 0.0, -0.9245294901246714, 0.3811105113872022, 0.0, -0.3811105113872022, -0.9245294901246716, 
4.23, -294.8122858342456, 19.27541197380751, -5.759936915865062, -69.69557584733964, 2.6122106425621623, 6.4646381120538505, 0.698131700815185, 0.0, 0.0, 1.0, 0.0, 0.0, 0.0, -0.9271675491841807, 0.3746469481255656, 0.0, -0.3746469481255656, -0.9271675491841805, 
4.24, -295.509241592719, 19.301534080233132, -5.695290534744523, -69.69557584733964, 2.567016398688192, 6.482716804689226, 0.698131700815185, 0.0, 0.0, 1.0, 0.0, 0.0, 0.0, -0.929760420873617, 0.3681651256935055, 0.0, -0.3681651256935055, -0.9297604208736169, 
4.25, -296.2061973511924, 19.327204244220013, -5.630463366697631, -69.69557584733964, 2.521697046121525, 6.500479549119139, 0.698131700815185, 0.0, 0.0, 1.0, 0.0, 0.0, 0.0, -0.9323079788241786, 0.36166535999563865, 0.0, -0.36166535999563865, -0.9323079788241786, 
4.26, -296.90315310966577, 19.35242121468123, -5.56545857120644, -69.69557584733964, 2.4762547935917025, 6.5179254796406125, 0.698131700815185, 0.0, 0.0, 1.0, 0.0, 0.0, 0.0, -0.9348100988755195, 0.35514796781108243, 0.0, -0.35514796781108243, -0.9348100988755194, 
4.2700000000000005, -297.60010886813916, 19.377183762617147, -5.500279316410034, -69.69557584733964, 2.4306918558180413, 6.535053745991233, 0.698131700815185, 0.0, 0.0, 1.0, 0.0, 0.0, 0.0, -0.9372666590818, 0.34861326677801635, 0.0, -0.34861326677801635, -0.9372666590818003, 
4.28, -298.29706462661255, 19.40149068117533, -5.4349287789501215, -69.69557584733964, 2.385010453401699, 6.551863513390584, 0.698131700815185, 0.0, 0.0, 1.0, 0.0, 0.0, 0.0, -0.9396775397176329, 0.3420615753782018, 0.0, -0.3420615753782018, -0.9396775397176325, 
4.29, -298.99402038508595, 19.425340785709345, -5.369410143816216, -69.69557584733964, 2.3392128127174385, 6.568353962580942, 0.698131700815185, 0.0, 0.0, 1.0, 0.0, 0.0, 0.0, -0.942042623283913, 0.33549321292145895, 0.0, -0.33549321292145895, -0.9420426232839131, 
4.3, -299.69097614355934, 19.44873291383652, -5.303726604190406, -69.69557584733964, 2.2933011658051363, 6.584524289867188, 0.698131700815185, 0.0, 0.0, 1.0, 0.0, 0.0, 0.0, -0.944361794513551, 0.3289084995301065, 0.0, -0.3289084995301065, -0.9443617945135508, 
4.3100000000000005, -300.38793190203273, 19.47166592549457, -5.237881361291734, -69.69557584733964, 2.247277750260985, 6.600373707155991, 0.698131700815185, 0.0, 0.0, 1.0, 0.0, 0.0, 0.0, -0.9466349403770846, 0.3223077561233577, 0.0, -0.3223077561233577, -0.9466349403770844, 
4.32, -301.0848876605061, 19.49413870299718, -5.1718776242201745, -69.69557584733964, 2.201144809128447, 6.615901441994212, 0.698131700815185, 0.0, 0.0, 1.0, 0.0, 0.0, 0.0, -0.9488619500881912, 0.3156913044016814, 0.0, -0.3156913044016814, -0.9488619500881912, 
4.33, -301.7818434189795, 19.516150151088464, -5.105718609800232, -69.69557584733964, 2.1549045907889357, 6.631106737606548, 0.698131700815185, 0.0, 0.0, 1.0, 0.0, 0.0, 0.0, -0.9510427151090861, 0.3090594668311224, 0.0, -0.3090594668311224, -0.9510427151090861, 
4.34, -302.4787991774529, 19.537699196996353, -5.039407542424167, -69.69557584733964, 2.1085593488522316, 6.645988852932424, 0.698131700815185, 0.0, 0.0, 1.0, 0.0, 0.0, 0.0, -0.9531771291558122, 0.30241256662758575, 0.0, -0.30241256662758575, -0.9531771291558122, 
4.3500000000000005, -303.1757549359263, 19.558784790484875, -4.972947653894843, -69.69557584733964, 2.0621113420466535, 6.6605470626621015, 0.698131700815185, 0.0, 0.0, 1.0, 0.0, 0.0, 0.0, -0.9552650882034202, 0.2957509277410842, 0.0, -0.2957509277410842, -0.9552650882034202, 
4.36, -303.8727106943997, 19.579405903905343, -4.9063421832682215, -69.69557584733964, 2.01556283410897, 6.674780657272028, 0.698131700815185, 0.0, 0.0, 1.0, 0.0, 0.0, 0.0, -0.9573064904910376, 0.2890748748399496, 0.0, -0.2890748748399496, -0.9573064904910378, 
4.37, -304.5696664528731, 19.599561532246433, -4.839594376695501, -69.69557584733964, 1.968916093674077, 6.688688943059425, 0.698131700815185, 0.0, 0.0, 1.0, 0.0, 0.0, 0.0, -0.9593012365268305, 0.2823847332950101, 0.0, -0.2823847332950101, -0.9593012365268305, 
4.38, -305.2666222113465, 19.619250693183172, -4.772707487264907, -69.69557584733964, 1.9221733941644235, 6.7022712421760895, 0.698131700815185, 0.0, 0.0, 1.0, 0.0, 0.0, 0.0, -0.9612492290928494, 0.27568082916373166, 0.0, -0.27568082916373166, -0.9612492290928495, 
4.39, -305.9635779698199, 19.638472427124817, -4.705684774843146, -69.69557584733964, 1.8753370136792198, 6.7155268926614315, 0.698131700815185, 0.0, 0.0, 1.0, 0.0, 0.0, 0.0, -0.9631503732497697, 0.2689634891743277, 0.0, -0.2689634891743277, -0.96315037324977, 
4.4, -306.6605337282933, 19.65722579726161, -4.638529505916532, -69.69557584733964, 1.8284092348834073, 6.72845524847474, 0.698131700815185, 0.0, 0.0, 1.0, 0.0, 0.0, 0.0, -0.9650045763415187, 0.2622330407098355, 0.0, -0.2622330407098355, -0.9650045763415186, 
4.41, -307.35748948676667, 19.675509889610446, -4.571244953431784, -69.69557584733964, 1.7813923448964035, 6.741055679526664, 0.698131700815185, 0.0, 0.0, 1.0, 0.0, 0.0, 0.0, -0.9668117479997886, 0.2554898117921594, 0.0, -0.2554898117921594, -0.9668117479997888, 
4.42, -308.05444524524006, 19.69332381305941, -4.503834396636518, -69.69557584733964, 1.7342886351806424, 6.753327571709924, 0.698131700815185, 0.0, 0.0, 1.0, 0.0, 0.0, 0.0, -0.9685718001484449, 0.24873413106608544, 0.0, -0.24873413106608544, -0.9685718001484451, 
4.43, -308.75140100371345, 19.710666699411217, -4.436301120919419, -69.69557584733964, 1.6871004014298896, 6.765270326929242, 0.698131700815185, 0.0, 0.0, 1.0, 0.0, 0.0, 0.0, -0.9702846470078161, 0.2419663277832632, 0.0, -0.2419663277832632, -0.9702846470078161, 
4.44, -309.44835676218685, 19.727537703425515, -4.368648417650126, -69.69557584733964, 1.639829943457359, 6.776883363130491, 0.698131700815185, 0.0, 0.0, 1.0, 0.0, 0.0, 0.0, -0.9719502050988751, 0.23518673178615943, 0.0, -0.23518673178615943, -0.971950205098875, 
4.45, -310.14531252066024, 19.74393600286009, -4.300879584018822, -69.69557584733964, 1.5924795650836276, 6.788166114329058, 0.698131700815185, 0.0, 0.0, 1.0, 0.0, 0.0, 0.0, -0.9735683932473074, 0.2283956734919824, 0.0, -0.2283956734919824, -0.9735683932473074, 
4.46, -310.84226827913363, 19.759860798510925, -4.232997922875532, -69.69557584733964, 1.5450515740243536, 6.799118030637435, 0.698131700815185, 0.0, 0.0, 1.0, 0.0, 0.0, 0.0, -0.9751391325874688, 0.2215934838765786, 0.0, -0.2215934838765786, -0.9751391325874685, 
4.47, -311.539224037607, 19.77531131425117, -4.165006742569157, -69.69557584733964, 1.4975482817778043, 6.809738578292015, 0.698131700815185, 0.0, 0.0, 1.0, 0.0, 0.0, 0.0, -0.9766623465662263, 0.2147804944583016, 0.0, -0.2147804944583016, -0.9766623465662263, 
4.48, -312.2361797960804, 19.790286797068948, -4.096909356786237, -69.69557584733964, 1.449972003512202, 6.8200272396791055, 0.698131700815185, 0.0, 0.0, 1.0, 0.0, 0.0, 0.0, -0.9781379609466927, 0.20795703728185513, 0.0, -0.20795703728185513, -0.9781379609466924, 
4.49, -312.9331355545538, 19.80478651710407, -4.028709084389446, -69.69557584733964, 1.4023250579528883, 6.829983513360162, 0.698131700815185, 0.0, 0.0, 1.0, 0.0, 0.0, 0.0, -0.9795659038118405, 0.20112344490211004, 0.0, -0.20112344490211004, -0.9795659038118405, 
4.5, -313.6300913130272, 19.8188097676836, -3.9604092492558443, -69.69557584733964, 1.3546097672693183, 6.839606914096216, 0.698131700815185, 0.0, 0.0, 1.0, 0.0, 0.0, 0.0, -0.9809461055680109, 0.19428005036789672, 0.0, -0.19428005036789672, -0.9809461055680111, 
4.51, -314.3270470715006, 19.832355865356295, -3.892013180114882, -69.69557584733964, 1.3068284569618827, 6.848896972871532, 0.698131700815185, 0.0, 0.0, 1.0, 0.0, 0.0, 0.0, -0.9822784989483033, 0.18742718720577317, 0.0, -0.18742718720577317, -0.9822784989483034, 
4.5200000000000005, -315.024002829974, 19.845424149925915, -3.8235242103861666, -69.69557584733964, 1.2589834557485713, 6.857853236916461, 0.698131700815185, 0.0, 0.0, 1.0, 0.0, 0.0, 0.0, -0.9835630190158537, 0.18056518940376992, 0.0, -0.18056518940376992, -0.9835630190158537, 
4.53, -315.7209585884474, 19.8580139844834, -3.754945678017002, -69.69557584733964, 1.2110770954514782, 6.866475269729515, 0.698131700815185, 0.0, 0.0, 1.0, 0.0, 0.0, 0.0, -0.9847996031670003, 0.17369439139511256, 0.0, -0.17369439139511256, -0.9847996031670004, 
4.54, -316.4179143469208, 19.870124755437914, -3.6862809253197066, -69.69557584733964, 1.1631117108831552, 6.87476265109863, 0.698131700815185, 0.0, 0.0, 1.0, 0.0, 0.0, 0.0, -0.9859881911343344, 0.16681512804192233, 0.0, -0.16681512804192233, -0.9859881911343346, 
4.55, -317.1148701053942, 19.881755872546744, -3.6175332988087203, -69.69557584733964, 1.1150896397328205, 6.882714977121654, 0.698131700815185, 0.0, 0.0, 1.0, 0.0, 0.0, 0.0, -0.9871287249896379, 0.15992773461889614, 0.0, -0.15992773461889614, -0.9871287249896378, 
4.5600000000000005, -317.81182586386757, 19.892906768944073, -3.548706149037504, -69.69557584733964, 1.0670132224524265, 6.890331860226029, 0.698131700815185, 0.0, 0.0, 1.0, 0.0, 0.0, 0.0, -0.988221149146705, 0.15303254679696604, 0.0, -0.15303254679696604, -0.9882211491467051, 
4.57, -318.50878162234096, 19.9035769011686, -3.4798028304352435, -69.69557584733964, 1.0188848021425936, 6.897612929187679, 0.698131700815185, 0.0, 0.0, 1.0, 0.0, 0.0, 0.0, -0.9892654103640541, 0.14612990062693984, 0.0, -0.14612990062693984, -0.9892654103640542, 
4.58, -319.20573738081436, 19.913765749190024, -3.4108267011433666, -69.69557584733964, 0.9707067244384138, 6.904557829149108, 0.698131700815185, 0.0, 0.0, 1.0, 0.0, 0.0, 0.0, -0.9902614577475204, 0.13922013252312285, 0.0, -0.13922013252312285, -0.9902614577475204, 
4.59, -319.90269313928775, 19.92347281643441, -3.3417811228518755, -69.69557584733964, 0.9224813373951312, 6.911166221636685, 0.698131700815185, 0.0, 0.0, 1.0, 0.0, 0.0, 0.0, -0.9912092427527368, 0.13230357924692202, 0.0, -0.13230357924692202, -0.9912092427527366, 
4.6000000000000005, -320.59964889776114, 19.93269762980836, -3.2726694606355085, -69.69557584733964, 0.8742109913737063, 6.917437784577148, 0.698131700815185, 0.0, 0.0, 1.0, 0.0, 0.0, 0.0, -0.9921087191874995, 0.1253805778904334, 0.0, -0.1253805778904334, -0.9921087191874997, 
4.61, -321.29660465623454, 19.941439739722096, -3.203495082789737, -69.69557584733964, 0.8258980389262658, 6.923372212313299, 0.698131700815185, 0.0, 0.0, 1.0, 0.0, 0.0, 0.0, -0.9929598432140216, 0.11845146586001318, 0.0, -0.11845146586001318, -0.9929598432140215, 
4.62, -321.99356041470793, 19.949698720111357, -3.134261360666604, -69.69557584733964, 0.7775448346814448, 6.9289692156189, 0.698131700815185, 0.0, 0.0, 1.0, 0.0, 0.0, 0.0, -0.9937625733510658, 0.11151658085983339, 0.0, -0.11151658085983339, -0.9937625733510657, 
4.63, -322.6905161731813, 19.957474168458173, -3.064971668510415, -69.69557584733964, 0.7291537352296318, 6.93422852171277, 0.698131700815185, 0.0, 0.0, 1.0, 0.0, 0.0, 0.0, -0.994516870475969, 0.10457626087542347, 0.0, -0.10457626087542347, -0.994516870475969, 
4.64, -323.3874719316547, 19.964765705810468, -2.9956293832932874, -69.69557584733964, 0.6807270990081132, 6.939149874272077, 0.698131700815185, 0.0, 0.0, 1.0, 0.0, 0.0, 0.0, -0.9952226978265482, 0.09763084415719757, 0.0, -0.09763084415719757, -0.9952226978265483, 
4.65, -324.0844276901281, 19.971572976800548, -2.9262378845505665, -69.69557584733964, 0.6322672861861324, 6.943733033444836, 0.698131700815185, 0.0, 0.0, 1.0, 0.0, 0.0, 0.0, -0.9958800210028917, 0.09068066920396951, 0.0, -0.09068066920396951, -0.9958800210028919, 
4.66, -324.7813834486015, 19.97789564966241, -2.856800554216118, -69.69557584733964, 0.5837766585498595, 6.947977775861589, 0.698131700815185, 0.0, 0.0, 1.0, 0.0, 0.0, 0.0, -0.9964888079690366, 0.08372607474645516, 0.0, -0.08372607474645516, -0.9964888079690364, 
4.67, -325.4783392070749, 19.983733416247908, -2.787320776457502, -69.69557584733964, 0.5352575793872868, 6.951883894646303, 0.698131700815185, 0.0, 0.0, 1.0, 0.0, 0.0, 0.0, -0.997049029054528, 0.07676739973076371, 0.0, -0.07676739973076371, -0.9970490290545281, 
4.68, -326.1752949655483, 19.98908599204178, -2.717801937511039, -69.69557584733964, 0.48671241337304966, 6.955451199426445, 0.698131700815185, 0.0, 0.0, 1.0, 0.0, 0.0, 0.0, -0.9975606569558688, 0.06980498330187879, 0.0, -0.06980498330187879, -0.9975606569558687, 
4.69, -326.8722507240217, 19.99395311617551, -2.6482474255167747, -69.69557584733964, 0.43814352645317745, 6.9586795163422615, 0.698131700815185, 0.0, 0.0, 1.0, 0.0, 0.0, 0.0, -0.9980236667378464, 0.06283916478712905, 0.0, -0.06283916478712905, -0.9980236667378465, 
4.7, -327.5692064824951, 19.998334551440042, -2.578660630353352, -69.69557584733964, 0.38955328572978615, 6.961568688055252, 0.698131700815185, 0.0, 0.0, 1.0, 0.0, 0.0, 0.0, -0.9984380358347511, 0.05587028367965077, 0.0, -0.05587028367965077, -0.9984380358347509, 
4.71, -328.26616224096847, 20.00223008429734, -2.5090449434727993, -69.69557584733964, 0.3409440593457115, 6.964118573755839, 0.698131700815185, 0.0, 0.0, 1.0, 0.0, 0.0, 0.0, -0.998803744051473, 0.048898679621841745, 0.0, -0.048898679621841745, -0.9988037440514731, 
4.72, -328.96311799944186, 20.0056395248908, -2.4394037577352408, -69.69557584733964, 0.29231821636909416, 6.966329049170229, 0.698131700815185, 0.0, 0.0, 1.0, 0.0, 0.0, 0.0, -0.9991207735644894, 0.041924692388808284, 0.0, -0.041924692388808284, -0.9991207735644895, 
4.73, -329.66007375791526, 20.00856270705449, -2.3697404672435383, -69.69557584733964, 0.24367812667791733, 6.968200006566469, 0.698131700815185, 0.0, 0.0, 1.0, 0.0, 0.0, 0.0, -0.9993891089227309, 0.03494866187180547, 0.0, -0.03494866187180547, -0.9993891089227309, 
4.74, -330.35702951638865, 20.01099948832127, -2.3000584671778737, -69.69557584733964, 0.1950261608445066, 6.9697313547596975, 0.698131700815185, 0.0, 0.0, 1.0, 0.0, 0.0, 0.0, -0.9996087370483357, 0.027970928061671944, 0.0, -0.027970928061671944, -0.9996087370483357, 
4.75, -331.05398527486204, 20.012949749929717, -2.2303611536302768, -69.69557584733964, 0.14636469001999514, 6.970923019116589, 0.698131700815185, 0.0, 0.0, 1.0, 0.0, 0.0, 0.0, -0.9997796472372864, 0.02099183103225976, 0.0, -0.02099183103225976, -0.9997796472372865, 
4.76, -331.75094103333544, 20.014413396829916, -2.160651923439111, -69.69557584733964, 0.09769608581876084, 6.971774941558992, 0.698131700815185, 0.0, 0.0, 1.0, 0.0, 0.0, 0.0, -0.9999018311599324, 0.014011710923860192, 0.0, -0.014011710923860192, -0.9999018311599325, 
4.7700000000000005, -332.44789679180883, 20.015390357688105, -2.090934174023521, -69.69557584733964, 0.04902272020284113, 6.9722870805667565, 0.698131700815185, 0.0, 0.0, 1.0, 0.0, 0.0, 0.0, -0.999975282861395, 0.00703090792662632, 0.0, -0.00703090792662632, -0.9999752828613951, 
4.78, -333.1448525502822, 20.015880584890134, -2.0212113032178536, -69.69557584733964, 0.00034696536633047336, 6.972459411179762, 0.698131700815185, 0.0, 0.0, 1.0, 0.0, 0.0, 0.0, -0.9999999987618589, 4.9762263993183077e-05, 0.0, -4.9762263993183077e-05, -0.9999999987618585, 
4.79, -333.8418083087556, 20.015884054543797, -1.951486709106056, -69.69557584733964, -0.04832880638023317, 6.972291924999129, 0.698131700815185, 0.0, 0.0, 1.0, 0.0, 0.0, 0.0, -0.9999759776567436, -0.006931385823903691, 0.0, 0.006931385823903691, -0.9999759776567436, 
4.8, -334.538764067229, 20.015400766479996, -1.8817637898560646, -69.69557584733964, -0.0970022227254878, 6.971784630187632, 0.698131700815185, 0.0, 0.0, 1.0, 0.0, 0.0, 0.0, -0.9999032207167671, -0.013912196096810586, 0.0, 0.013912196096810586, -0.9999032207167671, 
4.8100000000000005, -335.2357198257024, 20.014430744252742, -1.8120459435541882, -69.69557584733964, -0.14567091147286648, 6.970937551469304, 0.698131700815185, 0.0, 0.0, 1.0, 0.0, 0.0, 0.0, -0.9997817314878845, -0.020892328330937866, 0.0, 0.020892328330937866, -0.9997817314878844, 
4.82, -335.9326755841758, 20.012974035138015, -1.742336568039495, -69.69557584733964, -0.1943325006562113, 6.969750730128223, 0.698131700815185, 0.0, 0.0, 1.0, 0.0, 0.0, 0.0, -0.9996115158911167, -0.027871442335541473, 0.0, 0.027871442335541473, -0.9996115158911169, 
4.83, -336.6296313426492, 20.011030710131454, -1.672639060738213, -69.69557584733964, -0.24298461865537593, 6.968224224006508, 0.698131700815185, 0.0, 0.0, 1.0, 0.0, 0.0, 0.0, -0.9993925822222627, -0.034849197969502824, 0.0, 0.034849197969502824, -0.9993925822222628, 
4.84, -337.3265871011226, 20.0086008639449, -1.6029568184981478, -69.69557584733964, -0.2916248943118111, 6.966358107501496, 0.698131700815185, 0.0, 0.0, 1.0, 0.0, 0.0, 0.0, -0.999124941151494, -0.04182525515790624, 0.0, 0.04182525515790624, -0.9991249411514939, 
4.8500000000000005, -338.023542859596, 20.00568461500178, -1.5332932374231327, -69.69557584733964, -0.3402509570441278, 6.964152471562118, 0.698131700815185, 0.0, 0.0, 1.0, 0.0, 0.0, 0.0, -0.9988086057228343, -0.04879927390861318, 0.0, 0.04879927390861318, -0.9988086057228343, 
4.86, -338.72049861806937, 20.002282105431338, -1.4636517127075115, -69.69557584733964, -0.38886043696363237, 6.961607423684464, 0.698131700815185, 0.0, 0.0, 1.0, 0.0, 0.0, 0.0, -0.9984435913535257, -0.055770914328832466, 0.0, 0.055770914328832466, -0.9984435913535256, 
4.87, -339.41745437654276, 19.998393501061702, -1.394035638470667, -69.69557584733964, -0.4374509649898281, 6.95872308790655, 0.698131700815185, 0.0, 0.0, 1.0, 0.0, 0.0, 0.0, -0.9980299158332755, -0.06273983664168564, 0.0, 0.06273983664168564, -0.9980299158332753, 
4.88, -340.11441013501616, 19.994018991411803, -1.3244484075916014, -69.69557584733964, -0.4860201729658763, 6.955499604802262, 0.698131700815185, 0.0, 0.0, 1.0, 0.0, 0.0, 0.0, -0.9975675993233897, -0.06970570120276662, 0.0, 0.06970570120276662, -0.9975675993233896, 
4.89, -340.81136589348955, 19.989158789682143, -1.2548934115435788, -69.69557584733964, -0.5345656937740142, 6.951937131474514, 0.698131700815185, 0.0, 0.0, 1.0, 0.0, 0.0, 0.0, -0.9970566643557905, -0.07666816851669504, 0.0, 0.07666816851669504, -0.9970566643557905, 
4.9, -341.50832165196294, 19.9838131327444, -1.1853740402288337, -69.69557584733964, -0.5830851614509206, 6.948035841547592, 0.698131700815185, 0.0, 0.0, 1.0, 0.0, 0.0, 0.0, -0.9964971358319192, -0.08362689925366218, 0.0, 0.08362689925366218, -0.9964971358319189, 
4.91, -342.20527741043634, 19.977982281129893, -1.1158936818133578, -69.69557584733964, -0.6315762113030252, 6.943795925158682, 0.698131700815185, 0.0, 0.0, 1.0, 0.0, 0.0, 0.0, -0.9958890410215193, -0.09058155426596881, 0.0, 0.09058155426596881, -0.9958890410215193, 
4.92, -342.90223316890973, 19.971666519016864, -1.046455722561771, -69.69557584733964, -0.6800364800217585, 6.939217588948614, 0.698131700815185, 0.0, 0.0, 1.0, 0.0, 0.0, 0.0, -0.9952324095613119, -0.09753179460455445, 0.0, 0.09753179460455445, -0.995232409561312, 
4.93, -343.5991889273831, 19.964866154216647, -0.9770635466722849, -69.69557584733964, -0.7284636057987307, 6.934301056051785, 0.698131700815185, 0.0, 0.0, 1.0, 0.0, 0.0, 0.0, -0.994527273453548, -0.10447728153551653, 0.0, 0.10447728153551653, -0.9945272734535481, 
4.94, -344.2961446858565, 19.95758151815866, -0.9077205361117671, -69.69557584733964, -0.7768552284408397, 6.9290465660852885, 0.698131700815185, 0.0, 0.0, 1.0, 0.0, 0.0, 0.0, -0.9937736670644501, -0.1114176765566193, 0.0, 0.1114176765566193, -0.9937736670644501, 
4.95, -344.9931004443299, 19.94981296587425, -0.8384300704509142, -69.69557584733964, -0.8252089894852993, 6.92345437513723, 0.698131700815185, 0.0, 0.0, 1.0, 0.0, 0.0, 0.0, -0.9929716271225368, -0.11835264141379145, 0.0, 0.11835264141379145, -0.992971627122537, 
4.96, -345.6900562028033, 19.9415608759794, -0.7691955266995419, -69.69557584733964, -0.8735225323145857, 6.9175247557542505, 0.698131700815185, 0.0, 0.0, 1.0, 0.0, 0.0, 0.0, -0.9921211927168334, -0.1252818381176117, 0.0, 0.1252818381176117, -0.9921211927168336, 
4.97, -346.3870119612767, 19.932825650656252, -0.7000202791419994, -69.69557584733964, -0.9217935022712894, 6.911257996928246, 0.698131700815185, 0.0, 0.0, 1.0, 0.0, 0.0, 0.0, -0.9912224052949667, -0.13220492895978125, 0.0, 0.13220492895978125, -0.9912224052949666, 
4.98, -347.0839677197501, 19.92360771563354, -0.6309076991727169, -69.69557584733964, -0.9700195467728748, 6.904654404082274, 0.698131700815185, 0.0, 0.0, 1.0, 0.0, 0.0, 0.0, -0.9902753086611435, -0.13912157652958257, 0.0, 0.13912157652958257, -0.9902753086611438, 
4.99, -347.7809234782235, 19.91390752016581, -0.5618611551318942, -69.69557584733964, -1.0181983154263399, 6.897714299055678, 0.698131700815185, 0.0, 0.0, 1.0, 0.0, 0.0, 0.0, -0.9892799489740189, -0.14603144373032415, 0.0, 0.14603144373032415, -0.9892799489740187, 
5.0, -348.4778792366969, 19.903725537011546, -0.49288401214133737, -69.69557584733964, -1.0663274601427646, 6.890438020088395, 0.698131700815185, 0.0, 0.0, 1.0, 0.0, 0.0, 0.0, -0.9882363747444425, -0.15293419379576917, 0.0, 0.15293419379576917, -0.9882363747444425, 
5.01, -349.1748349951703, 19.89306226241012, -0.4239796319404534, -69.69557584733964, -1.1144046352517516, 6.882825921804474, 0.698131700815185, 0.0, 0.0, 1.0, 0.0, 0.0, 0.0, -0.987144636833098, -0.15982949030654886, 0.0, 0.15982949030654886, -0.9871446368330979, 
5.0200000000000005, -349.87179075364367, 19.881918216057603, -0.35515137272240865, -69.69557584733964, -1.1624274976157467, 6.874878375194792, 0.698131700815185, 0.0, 0.0, 1.0, 0.0, 0.0, 0.0, -0.9860047884480221, -0.16671699720655825, 0.0, 0.16671699720655825, -0.9860047884480219, 
5.03, -350.56874651211706, 19.870293941081446, -0.2864025889704607, -69.69557584733964, -1.2103937067442359, 6.866595767598974, 0.698131700815185, 0.0, 0.0, 1.0, 0.0, 0.0, 0.0, -0.9848168851420116, -0.1735963788193347, 0.0, 0.1735963788193347, -0.9848168851420116, 
5.04, -351.26570227059045, 19.858190004014002, -0.217736631294471, -69.69557584733964, -1.2583009249078148, 6.857978502686512, 0.698131700815185, 0.0, 0.0, 1.0, 0.0, 0.0, 0.0, -0.9835809848099173, -0.1804672998644178, 0.0, 0.1804672998644178, -0.9835809848099171, 
5.05, -351.96265802906385, 19.845606994764925, -0.14915684626760586, -69.69557584733964, -1.306146817252121, 6.849027000437094, 0.698131700815185, 0.0, 0.0, 1.0, 0.0, 0.0, 0.0, -0.9822971476858198, -0.1873294254736898, 0.0, 0.1873294254736898, -0.9822971476858198, 
5.0600000000000005, -352.65961378753724, 19.832545526592405, -0.08066657626323492, -69.69557584733964, -1.3539290519116298, 6.839741697120138, 0.698131700815185, 0.0, 0.0, 1.0, 0.0, 0.0, 0.0, -0.980965436340097, -0.19418242120769624, 0.0, 0.19418242120769624, -0.9809654363400969, 
5.07, -353.35656954601063, 19.81900623607329, -0.012269159292033552, -69.69557584733964, -1.4016453001233016, 6.830123045273522, 0.698131700815185, 0.0, 0.0, 1.0, 0.0, 0.0, 0.0, -0.979585915676372, -0.20102595307194535, 0.0, 0.20102595307194535, -0.9795859156763719, 
5.08, -354.053525304484, 19.804989783072056, 0.05603207116070168, -69.69557584733964, -1.4492932363400777, 6.820171513681537, 0.698131700815185, 0.0, 0.0, 1.0, 0.0, 0.0, 0.0, -0.978158652928351, -0.20785968753318604, 0.0, 0.20785968753318604, -0.978158652928351, 
5.09, -354.7504810629574, 19.790496850708656, 0.12423378629751705, -69.69557584733964, -1.4968705383442227, 6.809887587352032, 0.698131700815185, 0.0, 0.0, 1.0, 0.0, 0.0, 0.0, -0.976683717656547, -0.21468329153566346, 0.0, 0.21468329153566346, -0.9766837176565468, 
5.1000000000000005, -355.4474368214308, 19.775528145325215, 0.19233266217103737, -69.69557584733964, -1.5443748873604994, 6.799271767492783, 0.698131700815185, 0.0, 0.0, 1.0, 0.0, 0.0, 0.0, -0.975161181744888, -0.22149643251735068, 0.0, 0.22149643251735068, -0.9751611817448881, 
5.11, -356.1443925799042, 19.76008439645161, 0.2603253798459652, -69.69557584733964, -1.591803968169183, 6.788324571487064, 0.698131700815185, 0.0, 0.0, 1.0, 0.0, 0.0, 0.0, -0.973591119397216, -0.22829877842615742, 0.0, 0.22829877842615742, -0.9735911193972161, 
5.12, -356.8413483383776, 19.744166356769917, 0.32820862556083585, -69.69557584733964, -1.639155469218894, 6.777046532868428, 0.698131700815185, 0.0, 0.0, 1.0, 0.0, 0.0, 0.0, -0.9719736071336682, -0.2350899977361127, 0.0, 0.2350899977361127, -0.9719736071336683, 
5.13, -357.538304096851, 19.72777480207773, 0.3959790908895201, -69.69557584733964, -1.6864270827392602, 6.765438201294706, 0.698131700815185, 0.0, 0.0, 1.0, 0.0, 0.0, 0.0, -0.9703087237869492, -0.24186975946352282, 0.0, 0.24186975946352282, -0.970308723786949, 
5.14, -358.2352598553244, 19.710910531250335, 0.46363347290246715, -69.69557584733964, -1.7336165048533845, 6.7535001425212196, 0.698131700815185, 0.0, 0.0, 1.0, 0.0, 0.0, 0.0, -0.9685965504984873, -0.24863773318310198, 0.0, 0.24863773318310198, -0.9685965504984873, 
5.15, -358.9322156137978, 19.6935743662018, 0.5311684743276793, -69.69557584733964, -1.7807214356901369, 6.741232938373207, 0.698131700815185, 0.0, 0.0, 1.0, 0.0, 0.0, 0.0, -0.9668371707144825, -0.2553935890440771, 0.0, 0.2553935890440771, -0.9668371707144824, 
5.16, -359.6291713722712, 19.6757671518449, 0.5985808037114114, -69.69557584733964, -1.827739579496237, 6.728637186717465, 0.698131700815185, 0.0, 0.0, 1.0, 0.0, 0.0, 0.0, -0.9650306701818365, -0.26213699778626287, 0.0, 0.26213699778626287, -0.9650306701818366, 
5.17, -360.32612713074457, 19.65748975604994, 0.6658671755785861, -69.69557584733964, -1.8746686447481464, 6.715713501433213, 0.698131700815185, 0.0, 0.0, 1.0, 0.0, 0.0, 0.0, -0.963177136943977, -0.2688676307561096, 0.0, 0.2688676307561096, -0.9631771369439769, 
5.18, -361.02308288921796, 19.63874306960246, 0.7330243105929183, -69.69557584733964, -1.9215063442637452, 6.702462512382175, 0.698131700815185, 0.0, 0.0, 1.0, 0.0, 0.0, 0.0, -0.9612766613365629, -0.27558515992272, 0.0, 0.27558515992272, -0.9612766613365628, 
5.19, -361.72003864769135, 19.619528006159822, 0.8000489357167401, -69.69557584733964, -1.9682503953138089, 6.688884865377878, 0.698131700815185, 0.0, 0.0, 1.0, 0.0, 0.0, 0.0, -0.959329335983085, -0.28228925789383724, 0.0, 0.28228925789383724, -0.9593293359830849, 
5.2, -362.41699440616475, 19.599845502206684, 0.8669377843705188, -69.69557584733964, -2.014898519733258, 6.674981222154181, 0.698131700815185, 0.0, 0.0, 1.0, 0.0, 0.0, 0.0, -0.9573352557903501, -0.28897959793180084, 0.0, 0.28897959793180084, -0.95733525579035, 
5.21, -363.11395016463814, 19.57969651700935, 0.9336875965920607, -69.69557584733964, -2.0614484440321887, 6.660752260333022, 0.698131700815185, 0.0, 0.0, 1.0, 0.0, 0.0, 0.0, -0.9552945179438557, -0.29565585396947053, 0.0, 0.29565585396947053, -0.9552945179438554, 
5.22, -363.81090592311153, 19.559082032569027, 1.0002951191953908, -69.69557584733964, -2.10789789950668, 6.646198673391393, 0.698131700815185, 0.0, 0.0, 1.0, 0.0, 0.0, 0.0, -0.9532072219030532, -0.3023177006261183, 0.0, 0.3023177006261183, -0.9532072219030533, 
5.23, -364.5078616815849, 19.53800305357396, 1.0667571059293048, -69.69557584733964, -2.154244622349357, 6.631321170627545, 0.698131700815185, 0.0, 0.0, 1.0, 0.0, 0.0, 0.0, -0.9510734693965024, -0.308964813223286, 0.0, 0.308964813223286, -0.9510734693965025, 
5.24, -365.2048174400583, 19.516460607350467, 1.1330703176355803, -69.69557584733964, -2.2004863537597283, 6.616120477126411, 0.698131700815185, 0.0, 0.0, 1.0, 0.0, 0.0, 0.0, -0.9488933644169109, -0.3155968678006095, 0.0, 0.3155968678006095, -0.948893364416911, 
5.25, -365.9017731985317, 19.49445574381287, 1.1992315224068444, -69.69557584733964, -2.246620840054268, 6.600597333724278, 0.698131700815185, 0.0, 0.0, 1.0, 0.0, 0.0, 0.0, -0.9466670132160673, -0.32221354113160744, 0.0, 0.32221354113160744, -0.9466670132160674, 
5.26, -366.5987289570051, 19.47198953541233, 1.265237495744087, -69.69557584733964, -2.292645832776259, 6.584752496972673, 0.698131700815185, 0.0, 0.0, 1.0, 0.0, 0.0, 0.0, -0.9443945242996628, -0.3288145107394345, 0.0, 0.3288145107394345, -0.9443945242996628, 
5.2700000000000005, -367.2956847154785, 19.449063077084567, 1.3310850207138138, -69.69557584733964, -2.3385590888053693, 6.568586739101494, 0.698131700815185, 0.0, 0.0, 1.0, 0.0, 0.0, 0.0, -0.9420760084220023, -0.3353994549125975, 0.0, 0.3353994549125975, -0.9420760084220022, 
5.28, -367.9926404739519, 19.425677486196513, 1.3967708881048289, -69.69557584733964, -2.3843583704669826, 6.552100847981373, 0.698131700815185, 0.0, 0.0, 1.0, 0.0, 0.0, 0.0, -0.9397115785806074, -0.3419680527206352, 0.0, 0.3419680527206352, -0.9397115785806073, 
5.29, -368.6895962324253, 19.40183390249184, 1.4622918965846425, -69.69557584733964, -2.4300414456412502, 6.53529562708528, 0.698131700815185, 0.0, 0.0, 1.0, 0.0, 0.0, 0.0, -0.9373013500107084, -0.34851998402975926, 0.0, 0.34851998402975926, -0.9373013500107084, 
5.3, -369.3865519908987, 19.37753348803543, 1.5276448528554953, -69.69557584733964, -2.475606087871879, 6.518171895449359, 0.698131700815185, 0.0, 0.0, 1.0, 0.0, 0.0, 0.0, -0.9348454401796287, -0.35505492951845646, 0.0, 0.35505492951845646, -0.9348454401796288, 
5.3100000000000005, -370.0835077493721, 19.35277742715671, 1.592826571809989, -69.69557584733964, -2.5210500764746446, 6.500730487633016, 0.698131700815185, 0.0, 0.0, 1.0, 0.0, 0.0, 0.0, -0.93234396878106, -0.3615725706930517, 0.0, 0.3615725706930517, -0.93234396878106, 
5.32, -370.78046350784547, 19.327566926391963, 1.6578338766863192, -69.69557584733964, -2.5663711966456173, 6.482972253678241, 0.698131700815185, 0.0, 0.0, 1.0, 0.0, 0.0, 0.0, -0.9297970577292276, -0.3680725899032303, 0.0, 0.3680725899032303, -0.9297970577292275, 
5.33, -371.47741926631886, 19.301903214425508, 1.7226635992231016, -69.69557584733964, -2.6115672395691085, 6.464898059068185, 0.698131700815185, 0.0, 0.0, 1.0, 0.0, 0.0, 0.0, -0.9272048311529497, -0.3745546703575193, 0.0, 0.3745546703575193, -0.9272048311529497, 
5.34, -372.17437502479225, 19.275787542029818, 1.7873125798137834, -69.69557584733964, -2.6566360025253193, 6.44650878468497, 0.698131700815185, 0.0, 0.0, 1.0, 0.0, 0.0, 0.0, -0.9245674153895878, -0.3810184961387272, 0.0, 0.3810184961387272, -0.9245674153895879, 
5.3500000000000005, -372.87133078326565, 19.249221182004565, 1.8517776676606332, -69.69557584733964, -2.701575288997695, 6.427805326766767, 0.698131700815185, 0.0, 0.0, 1.0, 0.0, 0.0, 0.0, -0.9218849389788886, -0.3874637522193403, 0.0, 0.3874637522193403, -0.9218849389788889, 
5.36, -373.56828654173904, 19.222205429114588, 1.916055720928301, -69.69557584733964, -2.7463829087799785, 6.408788596864108, 0.698131700815185, 0.0, 0.0, 1.0, 0.0, 0.0, 0.0, -0.9191575326567207, -0.3938901244768769, 0.0, 0.3938901244768769, -0.9191575326567206, 
5.37, -374.26524230021244, 19.194741600026788, 1.980143606896942, -69.69557584733964, -2.7910566780829495, 6.389459521795468, 0.698131700815185, 0.0, 0.0, 1.0, 0.0, 0.0, 0.0, -0.9163853293487005, -0.4002972997091956, 0.0, 0.4002972997091956, -0.9163853293487005, 
5.38, -374.96219805868583, 19.16683103324596, 2.044038202114897, -69.69557584733964, -2.8355944196408633, 6.369819043602085, 0.698131700815185, 0.0, 0.0, 1.0, 0.0, 0.0, 0.0, -0.9135684641637167, -0.4066849656497613, 0.0, 0.4066849656497613, -0.9135684641637168, 
5.39, -375.6591538171592, 19.13847508904955, 2.1077363925509176, -69.69557584733964, -2.879993962817559, 6.349868119502058, 0.698131700815185, 0.0, 0.0, 1.0, 0.0, 0.0, 0.0, -0.9107070743873438, -0.41305281098286306, 0.0, 0.41305281098286306, -0.9107070743873439, 
5.4, -376.3561095756326, 19.109675149421374, 2.171235073745938, -69.69557584733964, -2.924253143712249, 6.329607721843686, 0.698131700815185, 0.0, 0.0, 1.0, 0.0, 0.0, 0.0, -0.9078012994751516, -0.4194005253587869, 0.0, 0.4194005253587869, -0.9078012994751514, 
5.41, -377.053065334106, 19.08043261798425, 2.234531150964375, -69.69557584733964, -2.9683698052649845, 6.309038838058084, 0.698131700815185, 0.0, 0.0, 1.0, 0.0, 0.0, 0.0, -0.9048512810459075, -0.42572779940894134, 0.0, 0.42572779940894134, -0.9048512810459076, 
5.42, -377.7500210925794, 19.0507489199316, 2.2976215393449557, -69.69557584733964, -3.0123417973617848, 6.288162470611058, 0.698131700815185, 0.0, 0.0, 1.0, 0.0, 0.0, 0.0, -0.9018571628746774, -0.4320343247609357, 0.0, 0.4320343247609357, -0.9018571628746774, 
5.43, -378.4469768510528, 19.020625501957984, 2.3605031640510665, -69.69557584733964, -3.0561669769394197, 6.266979636954245, 0.698131700815185, 0.0, 0.0, 1.0, 0.0, 0.0, 0.0, -0.8988190908858147, -0.4383197940536078, 0.0, 0.4383197940536078, -0.8988190908858149, 
5.44, -379.1439326095262, 18.99006383218859, 2.423172960420609, -69.69557584733964, -3.0998432080898684, 6.245491369475528, 0.698131700815185, 0.0, 0.0, 1.0, 0.0, 0.0, 0.0, -0.8957372131458519, -0.44458390095200584, 0.0, 0.44458390095200584, -0.8957372131458518, 
5.45, -379.8408883679996, 18.95906540010769, 2.485627874115364, -69.69557584733964, -3.143368362164405, 6.223698715448721, 0.698131700815185, 0.0, 0.0, 1.0, 0.0, 0.0, 0.0, -0.8926116798562809, -0.4508263401623162, 0.0, 0.4508263401623162, -0.8926116798562809, 
5.46, -380.537844126473, 18.927631716486047, 2.547864861269851, -69.69557584733964, -3.18674031787735, 6.201602736982526, 0.698131700815185, 0.0, 0.0, 1.0, 0.0, 0.0, 0.0, -0.8894426433462357, -0.45704680744674403, 0.0, 0.45704680744674403, -0.8894426433462356, 
5.47, -381.23479988494637, 18.895764313307275, 2.6098808886396765, -69.69557584733964, -3.2299569614094543, 6.179204510968771, 0.698131700815185, 0.0, 0.0, 1.0, 0.0, 0.0, 0.0, -0.8862302580650665, -0.46324499963834026, 0.0, 0.46324499963834026, -0.8862302580650664, 
5.48, -381.93175564341976, 18.863464743693182, 2.671672933749364, -69.69557584733964, -3.273016186510918, 6.156505129029921, 0.698131700815185, 0.0, 0.0, 1.0, 0.0, 0.0, 0.0, -0.8829746805748129, -0.469420614655777, 0.0, 0.469420614655777, -0.8829746805748127, 
5.49, -382.62871140189316, 18.83073458182807, 2.733237985039663, -69.69557584733964, -3.3159158946040437, 6.133505697465884, 0.698131700815185, 0.0, 0.0, 1.0, 0.0, 0.0, 0.0, -0.8796760695425732, -0.47557335151807034, 0.0, 0.47557335151807034, -0.879676069542573, 
5.5, -383.32566716036655, 18.79757542288203, 2.794573042014322, -69.69557584733964, -3.3586539948855174, 6.110207337200085, 0.698131700815185, 0.0, 0.0, 1.0, 0.0, 0.0, 0.0, -0.876334585732772, -0.4817029103592493, 0.0, 0.4817029103592493, -0.876334585732772, 
5.51, -384.02262291883994, 18.763988882933173, 2.855675115386323, -69.69557584733964, -3.401228404428304, 6.086611183724839, 0.698131700815185, 0.0, 0.0, 1.0, 0.0, 0.0, 0.0, -0.8729503919993247, -0.48780899244296977, 0.0, 0.48780899244296977, -0.8729503919993247, 
5.5200000000000005, -384.71957867731334, 18.72997659888889, 2.916541227223571, -69.69557584733964, -3.4436370482831653, 6.062718387046012, 0.698131700815185, 0.0, 0.0, 1.0, 0.0, 0.0, 0.0, -0.8695236532777002, -0.493891300177075, 0.0, 0.493891300177075, -0.8695236532777003, 
5.53, -385.41653443578673, 18.695540228406056, 2.977168411094031, -69.69557584733964, -3.4858778595797872, 6.0385301116269705, 0.698131700815185, 0.0, 0.0, 1.0, 0.0, 0.0, 0.0, -0.866054536576883, -0.4999495371280987, 0.0, 0.4999495371280987, -0.8660545365768831, 
5.54, -386.1134901942601, 18.66068144981026, 3.037553712210301, -69.69557584733964, -3.5279487796275113, 6.014047536331829, 0.698131700815185, 0.0, 0.0, 1.0, 0.0, 0.0, 0.0, -0.8625432109712332, -0.5059834080357123, 0.0, 0.5059834080357123, -0.8625432109712335, 
5.55, -386.8104459527335, 18.625401962013985, 3.097694187573619, -69.69557584733964, -3.569847758015671, 5.989271854367999, 0.698131700815185, 0.0, 0.0, 1.0, 0.0, 0.0, 0.0, -0.8589898475922471, -0.5119926188271156, 0.0, 0.5119926188271156, -0.8589898475922472, 
5.5600000000000005, -387.5074017112069, 18.58970348443383, 3.157586906117299, -69.69557584733964, -3.6115727527135184, 5.96420427322803, 0.698131700815185, 0.0, 0.0, 1.0, 0.0, 0.0, 0.0, -0.8553946196202153, -0.517976876631368, 0.0, 0.517976876631368, -0.8553946196202151, 
5.57, -388.2043574696803, 18.553587756906694, 3.2172289488495793, -69.69557584733964, -3.653121730169751, 5.9388460146307676, 0.698131700815185, 0.0, 0.0, 1.0, 0.0, 0.0, 0.0, -0.8517577022757834, -0.5239358897936632, 0.0, 0.5239358897936632, -0.8517577022757835, 
5.58, -388.9013132281537, 18.517056539604997, 3.276617408995887, -69.69557584733964, -3.694492665411623, 5.913198314461804, 0.698131700815185, 0.0, 0.0, 1.0, 0.0, 0.0, 0.0, -0.8480792728114133, -0.5298693678895434, 0.0, 0.5298693678895434, -0.8480792728114134, 
5.59, -389.5982689866271, 18.480111612950882, 3.335749392140505, -69.69557584733964, -3.735683542143629, 5.8872624227132455, 0.698131700815185, 0.0, 0.0, 1.0, 0.0, 0.0, 0.0, -0.8443595105027422, -0.5357770217390531, 0.0, 0.5357770217390531, -0.8443595105027422, 
5.6000000000000005, -390.2952247451005, 18.442754777529444, 3.394622016367637, -69.69557584733964, -3.7766923528457776, 5.861039603422793, 0.698131700815185, 0.0, 0.0, 1.0, 0.0, 0.0, 0.0, -0.8405985966398464, -0.5416585634208332, 0.0, 0.5416585634208332, -0.8405985966398464, 
5.61, -390.9921805035739, 18.404987854000986, 3.453232412401865, -69.69557584733964, -3.8175170988714306, 5.834531134612142, 0.698131700815185, 0.0, 0.0, 1.0, 0.0, 0.0, 0.0, -0.8367967145184063, -0.5475137062861537, 0.0, 0.5475137062861537, -0.8367967145184064, 
5.62, -391.68913626204727, 18.36681268301227, 3.5115777237479864, -69.69557584733964, -3.8581557905447097, 5.8077383082246845, 0.698131700815185, 0.0, 0.0, 1.0, 0.0, 0.0, 0.0, -0.8329540494307726, -0.5533421649728837, 0.0, 0.5533421649728837, -0.8329540494307726, 
5.63, -392.38609202052066, 18.32823112510682, 3.569655106830233, -69.69557584733964, -3.89860644725747, 5.780662430062551, 0.698131700815185, 0.0, 0.0, 1.0, 0.0, 0.0, 0.0, -0.8290707886569348, -0.5591436554193993, 0.0, 0.5591436554193993, -0.829070788656935, 
5.64, -393.08304777899406, 18.289245060634247, 3.627461731130859, -69.69557584733964, -3.938867097565829, 5.753304819722969, 0.698131700815185, 0.0, 0.0, 1.0, 0.0, 0.0, 0.0, -0.8251471214553958, -0.5649178948784279, 0.0, 0.5649178948784279, -0.8251471214553957, 
5.65, -393.78000353746745, 18.24985638965859, 3.6849947793280884, -69.69557584733964, -3.978935779286242, 5.725666810533947, 0.698131700815185, 0.0, 0.0, 1.0, 0.0, 0.0, 0.0, -0.8211832390539453, -0.5706646019308284, 0.0, 0.5706646019308284, -0.8211832390539454, 
5.66, -394.47695929594084, 18.210067031865727, 3.7422514474334276, -69.69557584733964, -4.018810539591145, 5.697749749489295, 0.698131700815185, 0.0, 0.0, 1.0, 0.0, 0.0, 0.0, -0.8171793346403431, -0.5763834964993069, 0.0, 0.5763834964993069, -0.8171793346403429, 
5.67, -395.17391505441424, 18.169878926469814, 3.7992289449283208, -69.69557584733964, -4.05848943510412, 5.669554997182975, 0.698131700815185, 0.0, 0.0, 1.0, 0.0, 0.0, 0.0, -0.8131356033529005, -0.5820742998620664, 0.0, 0.5820742998620664, -0.8131356033529004, 
5.68, -395.87087081288763, 18.12929403211877, 3.8559244949001505, -69.69557584733964, -4.09797053199461, 5.641083927742788, 0.698131700815185, 0.0, 0.0, 1.0, 0.0, 0.0, 0.0, -0.8090522422709723, -0.5877367346663914, 0.0, 0.5877367346663914, -0.8090522422709722, 
5.69, -396.567826571361, 18.088314326798827, 3.9123353341775786, -69.69557584733964, -4.137251906072176, 5.6123379287634085, 0.698131700815185, 0.0, 0.0, 1.0, 0.0, 0.0, 0.0, -0.8049294504053506, -0.5933705249421649, 0.0, 0.5933705249421649, -0.8049294504053506, 
5.7, -397.2647823298344, 18.046941807738104, 3.9684587134652127, -69.69557584733964, -4.176331642880268, 5.583318401238747, 0.698131700815185, 0.0, 0.0, 1.0, 0.0, 0.0, 0.0, -0.8007674286885658, -0.5989753961153186, 0.0, 0.5989753961153186, -0.8007674286885658, 
5.71, -397.9617380883078, 18.0051784913093, 4.0242918974776005, -69.69557584733964, -4.2152078377895315, 5.5540267594936825, 0.698131700815185, 0.0, 0.0, 1.0, 0.0, 0.0, 0.0, -0.7965663799650937, -0.6045510750212143, 0.0, 0.6045510750212143, -0.7965663799650937, 
5.72, -398.6586938467812, 17.963026412931406, 4.0798321650725375, -69.69557584733964, -4.253878596090637, 5.524464431115124, 0.698131700815185, 0.0, 0.0, 1.0, 0.0, 0.0, 0.0, -0.7923265089814697, -0.610097289917958, 0.0, 0.610097289917958, -0.7923265089814698, 
5.73, -399.3556496052546, 17.9204876269705, 4.135076809383689, -69.69557584733964, -4.292342033086619, 5.4946328568824345, 0.698131700815185, 0.0, 0.0, 1.0, 0.0, 0.0, 0.0, -0.78804802237631, -0.6156137704996428, 0.0, 0.6156137704996428, -0.7880480223763099, 
5.74, -400.052605363728, 17.877564206639633, 4.1900231379525135, -69.69557584733964, -4.330596274184731, 5.464533490697217, 0.698131700815185, 0.0, 0.0, 1.0, 0.0, 0.0, 0.0, -0.7837311286702402, -0.6211002479095235, 0.0, 0.6211002479095235, -0.7837311286702401, 
5.75, -400.7495611222014, 17.834258243897786, 4.244668472859486, -69.69557584733964, -4.368639454987809, 5.434167799512453, 0.698131700815185, 0.0, 0.0, 1.0, 0.0, 0.0, 0.0, -0.7793760382557333, -0.6265564547531196, 0.0, 0.6265564547531196, -0.7793760382557332, 
5.76, -401.4465168806748, 17.79057184934791, 4.299010150854611, -69.69557584733964, -4.406469721385136, 5.4035372632610015, 0.698131700815185, 0.0, 0.0, 1.0, 0.0, 0.0, 0.0, -0.774982963386855, -0.6319821251112475, 0.0, 0.6319821251112475, -0.774982963386855, 
5.7700000000000005, -402.1434726391482, 17.746507152134058, 4.3530455234872205, -69.69557584733964, -4.444085229642807, 5.372643374783481, 0.698131700815185, 0.0, 0.0, 1.0, 0.0, 0.0, 0.0, -0.7705521181689208, -0.6373769945529806, 0.0, 0.6373769945529806, -0.7705521181689203, 
5.78, -402.84042839762157, 17.70206629983763, 4.406771957235056, -69.69557584733964, -4.48148414649358, 5.3414876397555116, 0.698131700815185, 0.0, 0.0, 1.0, 0.0, 0.0, 0.0, -0.7660837185480578, -0.6427408001485357, 0.0, 0.6427408001485357, -0.7660837185480579, 
5.79, -403.53738415609496, 17.65725145837269, 4.460186833632611, -69.69557584733964, -4.518664649226238, 5.310071576614322, 0.698131700815185, 0.0, 0.0, 1.0, 0.0, 0.0, 0.0, -0.7615779823006847, -0.6480732804820903, 0.0, 0.6480732804820903, -0.7615779823006846, 
5.8, -404.23433991456835, 17.61206481188043, 4.513287549398754, -69.69557584733964, -4.555624925774406, 5.278396716484763, 0.698131700815185, 0.0, 0.0, 1.0, 0.0, 0.0, 0.0, -0.7570351290228938, -0.6533741756645196, 0.0, 0.6533741756645196, -0.7570351290228938, 
5.8100000000000005, -404.93129567304175, 17.566508562622687, 4.566071516563602, -69.69557584733964, -4.5923631748048805, 5.246464603104669, 0.698131700815185, 0.0, 0.0, 1.0, 0.0, 0.0, 0.0, -0.7524553801197511, -0.6586432273460654, 0.0, 0.6586432273460654, -0.7524553801197511, 
5.82, -405.62825143151514, 17.520584930874637, 4.618536162594649, -69.69557584733964, -4.6288776058054095, 5.214276792749631, 0.698131700815185, 0.0, 0.0, 1.0, 0.0, 0.0, 0.0, -0.7478389587945049, -0.6638801787289262, 0.0, 0.6638801787289262, -0.7478389587945048, 
5.83, -406.32520718998853, 17.47429615481658, 4.670678930522145, -69.69557584733964, -4.665166439171962, 5.1818348541571435, 0.698131700815185, 0.0, 0.0, 1.0, 0.0, 0.0, 0.0, -0.7431860900377067, -0.6690847745797728, 0.0, 0.6690847745797728, -0.7431860900377069, 
5.84, -407.0221629484619, 17.42764449042486, 4.722497279063717, -69.69557584733964, -4.7012279062954665, 5.1491403684501496, 0.698131700815185, 0.0, 0.0, 1.0, 0.0, 0.0, 0.0, -0.7384970006162483, -0.6742567612421883, 0.0, 0.6742567612421883, -0.7384970006162481, 
5.8500000000000005, -407.7191187069353, 17.380632211361906, 4.773988682748218, -69.69557584733964, -4.737060249647991, 5.1161949290599855, 0.698131700815185, 0.0, 0.0, 1.0, 0.0, 0.0, 0.0, -0.7337719190623064, -0.6793958866490288, 0.0, 0.6793958866490288, -0.7337719190623064, 
5.86, -408.4160744654087, 17.333261608865428, 4.8251506320388176, -69.69557584733964, -4.772661722868418, 5.083000141648715, 0.698131700815185, 0.0, 0.0, 1.0, 0.0, 0.0, 0.0, -0.7290110756622077, -0.684501900334711, 0.0, 0.684501900334711, -0.7290110756622078, 
5.87, -409.1130302238821, 17.285534991636744, 4.875980633455304, -69.69557584733964, -4.808030590847547, 5.0495576240308795, 0.698131700815185, 0.0, 0.0, 1.0, 0.0, 0.0, 0.0, -0.7242147024452039, -0.6895745534474171, 0.0, 0.6895745534474171, -0.7242147024452039, 
5.88, -409.8099859823555, 17.23745468572827, 4.926476209695613, -69.69557584733964, -4.843165129812659, 5.01586900609465, 0.698131700815185, 0.0, 0.0, 1.0, 0.0, 0.0, 0.0, -0.7193830331721636, -0.6946135987612235, 0.0, 0.6946135987612235, -0.7193830331721635, 
5.89, -410.5069417408289, 17.189023034430143, 4.97663489975656, -69.69557584733964, -4.878063627411531, 4.981935929722386, 0.698131700815185, 0.0, 0.0, 1.0, 0.0, 0.0, 0.0, -0.714516303324179, -0.6996187906881504, 0.0, 0.6996187906881504, -0.7145163033241789, 
5.9, -411.2038974993023, 17.140242398156026, 5.026454259053784, -69.69557584733964, -4.912724382795886, 4.947760048710625, 0.698131700815185, 0.0, 0.0, 1.0, 0.0, 0.0, 0.0, -0.7096147500910903, -0.7045898852901304, 0.0, 0.7045898852901304, -0.7096147500910904, 
5.91, -411.9008532577757, 17.09111515432807, 5.07593185954089, -69.69557584733964, -4.947145706704298, 4.9133430286894715, 0.698131700815185, 0.0, 0.0, 1.0, 0.0, 0.0, 0.0, -0.7046786123599253, -0.7095266402908983, 0.0, 0.7095266402908983, -0.7046786123599255, 
5.92, -412.5978090162491, 17.041643697261026, 5.125065289827784, -69.69557584733964, -4.9813259215445065, 4.878686547041423, 0.698131700815185, 0.0, 0.0, 1.0, 0.0, 0.0, 0.0, -0.6997081307032564, -0.7144288150877977, 0.0, 0.7144288150877977, -0.6997081307032564, 
5.93, -413.29476477472247, 16.991830438045582, 5.173852155298198, -69.69557584733964, -5.015263361475189, 4.843792292819623, 0.698131700815185, 0.0, 0.0, 1.0, 0.0, 0.0, 0.0, -0.6947035473674761, -0.7192961707635076, 0.0, 0.7192961707635076, -0.694703547367476, 
5.94, -413.99172053319586, 16.94167780443083, 5.222290078226394, -69.69557584733964, -5.048956372487143, 4.808661966665536, 0.698131700815185, 0.0, 0.0, 1.0, 0.0, 0.0, 0.0, -0.6896651062609904, -0.7241284700976871, 0.0, 0.7241284700976871, -0.6896651062609903, 
5.95, -414.68867629166925, 16.89118824070596, 5.27037669789305, -69.69557584733964, -5.082403312483903, 4.773297280726066, 0.698131700815185, 0.0, 0.0, 1.0, 0.0, 0.0, 0.0, -0.6845930529423323, -0.7289254775785364, 0.0, 0.7289254775785364, -0.6845930529423321, 
5.96, -415.38563205014265, 16.84036420758112, 5.31810967070031, -69.69557584733964, -5.1156025513617625, 4.73769995857011, 0.698131700815185, 0.0, 0.0, 1.0, 0.0, 0.0, 0.0, -0.6794876346081924, -0.7336869594142746, 0.0, 0.7336869594142746, -0.6794876346081925, 
5.97, -416.08258780861604, 16.789208182067505, 5.365486670286011, -69.69557584733964, -5.148552471089234, 4.701871735104557, 0.698131700815185, 0.0, 0.0, 1.0, 0.0, 0.0, 0.0, -0.6743491000813733, -0.7384126835445352, 0.0, 0.7384126835445352, -0.6743491000813734, 
5.98, -416.77954356708943, 16.737722657356613, 5.412505387637057, -69.69557584733964, -5.18125146578589, 4.665814356489739, 0.698131700815185, 0.0, 0.0, 1.0, 0.0, 0.0, 0.0, -0.6691776997986612, -0.7431024196516741, 0.0, 0.7431024196516741, -0.6691776997986613, 
5.99, -417.4764993255628, 16.685910142698756, 5.459163531201955, -69.69557584733964, -5.213697941800644, 4.62952958005432, 0.698131700815185, 0.0, 0.0, 1.0, 0.0, 0.0, 0.0, -0.6639736857986209, -0.7477559391719966, 0.0, 0.7477559391719966, -0.6639736857986207, 
6.0, -418.1734550840362, 16.63377316328075, 5.505458827002498, -69.69557584733964, -5.245890317789409, 4.593019174209654, 0.698131700815185, 0.0, 0.0, 1.0, 0.0, 0.0, 0.0, -0.6587373117093118, -0.7523730153068949, 0.0, 0.7523730153068949, -0.6587373117093117, 
6.01, -418.8704108425096, 16.581314260102857, 5.551389018744594, -69.69557584733964, -5.277827024792177, 4.5562849183635965, 0.698131700815185, 0.0, 0.0, 1.0, 0.0, 0.0, 0.0, -0.6534688327359277, -0.7569534230339041, 0.0, 0.7569534230339041, -0.6534688327359275, 
6.0200000000000005, -419.567366600983, 16.528535989854937, 5.5969518679282295, -69.69557584733964, -5.309506506309476, 4.519328602833782, 0.698131700815185, 0.0, 0.0, 1.0, 0.0, 0.0, 0.0, -0.6481685056483577, -0.7614969391176665, 0.0, 0.7614969391176665, -0.6481685056483576, 
6.03, -420.2643223594564, 16.475440924791844, 5.642145153956568, -69.69557584733964, -5.340927218378239, 4.4821520287603684, 0.698131700815185, 0.0, 0.0, 1.0, 0.0, 0.0, 0.0, -0.6428365887686731, -0.7660033421208132, 0.0, 0.7660033421208132, -0.6428365887686732, 
6.04, -420.9612781179298, 16.422031652608062, 5.686966674244172, -69.69557584733964, -5.372087629647046, 4.444757008018254, 0.698131700815185, 0.0, 0.0, 1.0, 0.0, 0.0, 0.0, -0.637473341958537, -0.7704724124147562, 0.0, 0.7704724124147562, -0.637473341958537, 
6.05, -421.6582338764032, 16.368310776311592, 5.7314142443243545, -69.69557584733964, -5.402986221450755, 4.407145363128778, 0.698131700815185, 0.0, 0.0, 1.0, 0.0, 0.0, 0.0, -0.6320790266065395, -0.7749039321903908, 0.0, 0.7749039321903908, -0.6320790266065394, 
6.0600000000000005, -422.3551896348766, 16.314280914097086, 5.775485697955642, -69.69557584733964, -5.433621487884524, 4.369318927170888, 0.698131700815185, 0.0, 0.0, 1.0, 0.0, 0.0, 0.0, -0.6266539056154581, -0.7792976854687128, 0.0, 0.7792976854687128, -0.6266539056154579, 
6.07, -423.05214539335, 16.25994469921824, 5.819178887227351, -69.69557584733964, -5.463991935877199, 4.33127954369181, 0.698131700815185, 0.0, 0.0, 1.0, 0.0, 0.0, 0.0, -0.6211982433894452, -0.7836534581113438, 0.0, 0.7836534581113438, -0.6211982433894452, 
6.08, -423.74910115182337, 16.20530477985947, 5.8624916826642695, -69.69557584733964, -5.494096085264086, 4.293029066617186, 0.698131700815185, 0.0, 0.0, 1.0, 0.0, 0.0, 0.0, -0.6157123058211416, -0.7879710378309682, 0.0, 0.7879710378309682, -0.6157123058211414, 
6.09, -424.44605691029676, 16.15036381900683, 5.905421973330442, -69.69557584733964, -5.523932468859087, 4.254569360160738, 0.698131700815185, 0.0, 0.0, 1.0, 0.0, 0.0, 0.0, -0.6101963602787173, -0.7922502142016787, 0.0, 0.7922502142016787, -0.6101963602787173, 
6.1000000000000005, -425.14301266877015, 16.09512449431824, 5.947967666932049, -69.69557584733964, -5.553499632526206, 4.215902298733392, 0.698131700815185, 0.0, 0.0, 1.0, 0.0, 0.0, 0.0, -0.6046506755928416, -0.7964907786692327, 0.0, 0.7964907786692327, -0.6046506755928414, 
6.11, -425.83996842724355, 16.039589497992978, 5.990126689919383, -69.69557584733964, -5.58279613525042, 4.17702976685194, 0.698131700815185, 0.0, 0.0, 1.0, 0.0, 0.0, 0.0, -0.5990755220435797, -0.8006925245612153, 0.0, 0.8006925245612153, -0.5990755220435797, 
6.12, -426.53692418571694, 15.983761536640474, 6.031896987587903, -69.69557584733964, -5.611820549207912, 4.137953659047188, 0.698131700815185, 0.0, 0.0, 1.0, 0.0, 0.0, 0.0, -0.5934711713472223, -0.8048552470971139, 0.0, 0.8048552470971139, -0.5934711713472222, 
6.13, -427.23387994419033, 15.927643331148394, 6.073276524178374, -69.69557584733964, -5.640571459835651, 4.0986758797716245, 0.698131700815185, 0.0, 0.0, 1.0, 0.0, 0.0, 0.0, -0.5878378966430404, -0.8089787433982959, 0.0, 0.8089787433982959, -0.5878378966430405, 
6.140000000000001, -427.9308357026637, 15.871237616550037, 6.114263282976091, -69.69557584733964, -5.669047465900348, 4.059198343306598, 0.698131700815185, 0.0, 0.0, 1.0, 0.0, 0.0, 0.0, -0.5821759724799753, -0.8130628124978995, 0.0, 0.8130628124978995, -0.5821759724799757, 
6.15, -428.6277914611371, 15.814547141891033, 6.1548552664091565, -69.69557584733964, -5.697247179566737, 4.019522973669022, 0.698131700815185, 0.0, 0.0, 1.0, 0.0, 0.0, 0.0, -0.5764856748032572, -0.8171072553506263, 0.0, 0.8171072553506263, -0.5764856748032569, 
6.16, -429.3247472196105, 15.757574670095366, 6.195050496145846, -69.69557584733964, -5.725169226465207, 3.9796517045176176, 0.698131700815185, 0.0, 0.0, 1.0, 0.0, 0.0, 0.0, -0.5707672809409552, -0.8211118748424412, 0.0, 0.8211118748424412, -0.5707672809409552, 
6.17, -430.0217029780839, 15.700322977830714, 6.234847013191023, -69.69557584733964, -5.752812245758806, 3.939586479058649, 0.698131700815185, 0.0, 0.0, 1.0, 0.0, 0.0, 0.0, -0.5650210695904638, -0.8250764758001821, 0.0, 0.8250764758001821, -0.5650210695904637, 
6.18, -430.7186587365573, 15.642794855373126, 6.274242877981609, -69.69557584733964, -5.780174890209544, 3.8993292499512378, 0.698131700815185, 0.0, 0.0, 1.0, 0.0, 0.0, 0.0, -0.5592473208049176, -0.8290008650010694, 0.0, 0.8290008650010694, -0.5592473208049178, 
6.19, -431.4156144950307, 15.58499310647103, 6.3132361704811215, -69.69557584733964, -5.8072558262440666, 3.8588819792121827, 0.698131700815185, 0.0, 0.0, 1.0, 0.0, 0.0, 0.0, -0.553446315979544, -0.832884851182125, 0.0, 0.832884851182125, -0.5534463159795442, 
6.2, -432.1125702535041, 15.52692054820859, 6.3518249902732435, -69.69557584733964, -5.834053734018642, 3.8182466381203475, 0.698131700815185, 0.0, 0.0, 1.0, 0.0, 0.0, 0.0, -0.547618337837948, -0.8367282450494923, 0.0, 0.8367282450494923, -0.5476183378379479, 
6.21, -432.8095260119775, 15.468580010868404, 6.390007456654447, -69.69557584733964, -5.860567307483485, 3.7774252071205816, 0.698131700815185, 0.0, 0.0, 1.0, 0.0, 0.0, 0.0, -0.5417636704183331, -0.8405308592876625, 0.0, 0.8405308592876625, -0.5417636704183327, 
6.22, -433.5064817704509, 15.40997433779357, 6.427781708725653, -69.69557584733964, -5.886795254446417, 3.7364196757271984, 0.698131700815185, 0.0, 0.0, 1.0, 0.0, 0.0, 0.0, -0.5358825990596581, -0.8442925085686039, 0.0, 0.8442925085686039, -0.5358825990596578, 
6.23, -434.20343752892427, 15.351106385249105, 6.465145905482925, -69.69557584733964, -5.912736296635839, 3.6952320424270098, 0.698131700815185, 0.0, 0.0, 1.0, 0.0, 0.0, 0.0, -0.5299754103877308, -0.8480130095607946, 0.0, 0.8480130095607946, -0.5299754103877308, 
6.24, -434.90039328739766, 15.291979022282748, 6.502098225907194, -69.69557584733964, -5.938389169763034, 3.6538643145819334, 0.698131700815185, 0.0, 0.0, 1.0, 0.0, 0.0, 0.0, -0.5240423923012392, -0.8516921809381568, 0.0, 0.8516921809381568, -0.5240423923012393, 
6.25, -435.59734904587106, 15.232595130585118, 6.538636869053014, -69.69557584733964, -5.963752623583777, 3.6123185083311533, 0.698131700815185, 0.0, 0.0, 1.0, 0.0, 0.0, 0.0, -0.5180838339577192, -0.8553298433888943, 0.0, 0.8553298433888943, -0.5180838339577192, 
6.26, -436.29430480434445, 15.17295760434928, 6.574760054136325, -69.69557584733964, -5.988825421959278, 3.5705966484928644, 0.698131700815185, 0.0, 0.0, 1.0, 0.0, 0.0, 0.0, -0.5121000257594621, -0.8589258196242316, 0.0, 0.8589258196242316, -0.5121000257594622, 
6.2700000000000005, -436.99126056281784, 15.113069350129688, 6.610466020621254, -69.69557584733964, -6.013606342916419, 3.5287007684655847, 0.698131700815185, 0.0, 0.0, 1.0, 0.0, 0.0, 0.0, -0.5060912593393623, -0.8624799343870548, 0.0, 0.8624799343870548, -0.5060912593393623, 
6.28, -437.68821632129124, 15.052933286700524, 6.64575302830591, -69.69557584733964, -6.038094178707317, 3.486632910129055, 0.698131700815185, 0.0, 0.0, 1.0, 0.0, 0.0, 0.0, -0.5000578275467022, -0.8659920144604525, 0.0, 0.8659920144604525, -0.5000578275467022, 
6.29, -438.38517207976463, 14.99255234491345, 6.6806193574072, -69.69557584733964, -6.06228773586818, 3.4443951237447257, 0.698131700815185, 0.0, 0.0, 1.0, 0.0, 0.0, 0.0, -0.4940000244328815, -0.8694618886761584, 0.0, 0.8694618886761584, -0.49400002443288155, 
6.3, -439.082127838238, 14.931929467554768, 6.715063308644647, -69.69557584733964, -6.086185835277478, 3.4019894678558282, 0.698131700815185, 0.0, 0.0, 1.0, 0.0, 0.0, 0.0, -0.48791814523708443, -0.8728893879228933, 0.0, 0.8728893879228933, -0.48791814523708454, 
6.3100000000000005, -439.7790835967114, 14.871067609201994, 6.749083203323206, -69.69557584733964, -6.109787312213403, 3.3594180091870536, 0.698131700815185, 0.0, 0.0, 1.0, 0.0, 0.0, 0.0, -0.4818124863718918, -0.876274345154607, 0.0, 0.876274345154607, -0.48181248637189195, 
6.32, -440.4760393551848, 14.809969736079859, 6.782677383415076, -69.69557584733964, -6.133091016410644, 3.316682822543821, 0.698131700815185, 0.0, 0.0, 1.0, 0.0, 0.0, 0.0, -0.47568334540883406, -0.8796165953986201, 0.0, 0.8796165953986201, -0.4756833454088341, 
6.33, -441.1729951136582, 14.748638825915753, 6.815844211640514, -69.69557584733964, -6.156095812116435, 3.2737859907111657, 0.698131700815185, 0.0, 0.0, 1.0, 0.0, 0.0, 0.0, -0.469531021063889, -0.8829159757636634, 0.0, 0.8829159757636634, -0.46953102106388894, 
6.34, -441.8699508721316, 14.687077867794589, 6.848582071547626, -69.69557584733964, -6.178800578145919, 3.230729604352221, 0.698131700815185, 0.0, 0.0, 1.0, 0.0, 0.0, 0.0, -0.46335581318292296, -0.8861723254478175, 0.0, 0.8861723254478175, -0.4633558131829227, 
6.3500000000000005, -442.566906630605, 14.62528986201313, 6.880889367591148, -69.69557584733964, -6.201204207936784, 3.1875157619063343, 0.698131700815185, 0.0, 0.0, 1.0, 0.0, 0.0, 0.0, -0.45715802272707684, -0.8893854857463491, 0.0, 0.8893854857463491, -0.45715802272707695, 
6.36, -443.2638623890784, 14.563277819933761, 6.9127645252102115, -69.69557584733964, -6.223305609603203, 3.1441465694867823, 0.698131700815185, 0.0, 0.0, 1.0, 0.0, 0.0, 0.0, -0.4509379517580996, -0.8925553000594475, 0.0, 0.8925553000594475, -0.4509379517580992, 
6.37, -443.9608181475518, 14.50104476383773, 6.944205990905079, -69.69557584733964, -6.245103705989033, 3.1006241407781494, 0.698131700815185, 0.0, 0.0, 1.0, 0.0, 0.0, 0.0, -0.4446959034236244, -0.8956816138998535, 0.0, 0.8956816138998535, -0.44469590342362464, 
6.38, -444.65777390602517, 14.438593726777839, 6.9752122323128605, -69.69557584733964, -6.2665974347203335, 3.0569505969332793, 0.698131700815185, 0.0, 0.0, 1.0, 0.0, 0.0, 0.0, -0.4384321819423971, -0.898764274900393, 0.0, 0.898764274900393, -0.4384321819423968, 
6.390000000000001, -445.35472966449856, 14.375927752430636, 7.005781738282193, -69.69557584733964, -6.287785748257121, 3.013128066469933, 0.698131700815185, 0.0, 0.0, 1.0, 0.0, 0.0, 0.0, -0.43214709258944595, -0.9018031328213985, 0.0, 0.9018031328213985, -0.43214709258944595, 
6.4, -446.05168542297196, 14.313049894948065, 7.035913018946893, -69.69557584733964, -6.308667613944441, 2.96915868516702, 0.698131700815185, 0.0, 0.0, 1.0, 0.0, 0.0, 0.0, -0.42584094168120656, -0.9047980395580347, 0.0, 0.9047980395580347, -0.42584094168120673, 
6.41, -446.74864118144535, 14.24996321880862, 7.065604605798563, -69.69557584733964, -6.329242014062688, 2.9250445959605265, 0.698131700815185, 0.0, 0.0, 1.0, 0.0, 0.0, 0.0, -0.4195140365605914, -0.9077488491475153, 0.0, 0.9077488491475153, -0.4195140365605916, 
6.42, -447.44559693991874, 14.186670798667993, 7.094855051758168, -69.69557584733964, -6.3495079458772095, 2.880787948839064, 0.698131700815185, 0.0, 0.0, 1.0, 0.0, 0.0, 0.0, -0.41316668558201086, -0.9106554177762167, 0.0, 0.9106554177762167, -0.4131666855820108, 
6.43, -448.14255269839214, 14.123175719209222, 7.123662931246559, -69.69557584733964, -6.3694644216871685, 2.836390900739096, 0.698131700815185, 0.0, 0.0, 1.0, 0.0, 0.0, 0.0, -0.40679919809634546, -0.913517603786687, 0.0, 0.913517603786687, -0.4067991980963453, 
6.44, -448.83950845686553, 14.05948107499235, 7.15202684025395, -69.69557584733964, -6.389110468873692, 2.791855615439807, 0.698131700815185, 0.0, 0.0, 1.0, 0.0, 0.0, 0.0, -0.4004118844358686, -0.9163352676845504, 0.0, 0.9163352676845504, -0.40041188443586856, 
6.45, -449.5364642153389, 13.995589970303612, 7.179945396408348, -69.69557584733964, -6.40844512994727, 2.747184263457644, 0.698131700815185, 0.0, 0.0, 1.0, 0.0, 0.0, 0.0, -0.39400505589912216, -0.919108272145306, 0.0, 0.919108272145306, -0.394005055899122, 
6.46, -450.2334199738123, 13.93150551900414, 7.2074172390429245, -69.69557584733964, -6.427467462594414, 2.7023790219405437, 0.698131700815185, 0.0, 0.0, 1.0, 0.0, 0.0, 0.0, -0.3875790247357449, -0.9218364820210194, 0.0, 0.9218364820210194, -0.3875790247357446, 
6.47, -450.9303757322857, 13.867230844378197, 7.23444102926233, -69.69557584733964, -6.446176539723591, 2.6574420745618146, 0.698131700815185, 0.0, 0.0, 1.0, 0.0, 0.0, 0.0, -0.3811341041312535, -0.9245197643469105, 0.0, 0.9245197643469105, -0.3811341041312534, 
6.48, -451.6273314907591, 13.802769078980962, 7.261015450007948, -69.69557584733964, -6.4645714495104025, 2.612375611413712, 0.698131700815185, 0.0, 0.0, 1.0, 0.0, 0.0, 0.0, -0.3746706081917801, -0.9271579883478337, 0.0, 0.9271579883478337, -0.37467060819178, 
6.49, -452.3242872492325, 13.738123364485858, 7.2871392061220845, -69.69557584733964, -6.482651295442029, 2.5671818289007065, 0.698131700815185, 0.0, 0.0, 1.0, 0.0, 0.0, 0.0, -0.3681888519287626, -0.9297510254446508, 0.0, 0.9297510254446508, -0.36818885192876255, 
6.5, -453.0212430077059, 13.673296851531438, 7.312811024411092, -69.69557584733964, -6.500415196360916, 2.52186292963243, 0.698131700815185, 0.0, 0.0, 1.0, 0.0, 0.0, 0.0, -0.3616891512435927, -0.9322987492604984, 0.0, 0.9322987492604984, -0.3616891512435926, 
6.51, -453.7181987661793, 13.608292699567828, 7.338029653707416, -69.69557584733964, -6.517862286507726, 2.4764211223163306, 0.698131700815185, 0.0, 0.0, 1.0, 0.0, 0.0, 0.0, -0.35517182291221894, -0.9348010356269465, 0.0, 0.9348010356269465, -0.3551718229122187, 
6.5200000000000005, -454.4151545246527, 13.54311407670275, 7.3627938649305795, -69.69557584733964, -6.534991715563525, 2.4308586216500316, 0.698131700815185, 0.0, 0.0, 1.0, 0.0, 0.0, 0.0, -0.34863718456970916, -0.9372577625900499, 0.0, 0.9372577625900499, -0.34863718456970927, 
6.53, -455.11211028312607, 13.477764159547116, 7.38710245114708, -69.69557584733964, -6.551802648691234, 2.3851776482133817, 0.698131700815185, 0.0, 0.0, 1.0, 0.0, 0.0, 0.0, -0.3420855546947694, -0.9396688104162934, 0.0, 0.9396688104162934, -0.3420855546947695, 
6.54, -455.80906604159946, 13.412246133060203, 7.410954227629214, -69.69557584733964, -6.568294266576313, 2.3393804283602404, 0.698131700815185, 0.0, 0.0, 1.0, 0.0, 0.0, 0.0, -0.3355172525942216, -0.9420340615984252, 0.0, 0.9420340615984252, -0.33551725259422144, 
6.55, -456.50602180007286, 13.34656319039444, 7.434348031912817, -69.69557584733964, -6.584465765466681, 2.2934691941099756, 0.698131700815185, 0.0, 0.0, 1.0, 0.0, 0.0, 0.0, -0.32893259838744227, -0.9443534008611847, 0.0, 0.9443534008611847, -0.3289325983874425, 
6.5600000000000005, -457.20297755854625, 13.280718532739773, 7.4572827238539166, -69.69557584733964, -6.600316357211915, 2.24744618303866, 0.698131700815185, 0.0, 0.0, 1.0, 0.0, 0.0, 0.0, -0.32233191299076047, -0.946626715166922, 0.0, 0.946626715166922, -0.3223319129907604, 
6.57, -457.89993331701965, 13.214715369167653, 7.479757185684303, -69.69557584733964, -6.615845269301627, 2.2013136381700513, 0.698131700815185, 0.0, 0.0, 1.0, 0.0, 0.0, 0.0, -0.31571551810181764, -0.9488538937211043, 0.0, 0.9488538937211043, -0.31571551810181775, 
6.58, -458.59688907549304, 13.148556916474636, 7.501770322066004, -69.69557584733964, -6.6310517449031465, 2.155073807866248, 0.698131700815185, 0.0, 0.0, 1.0, 0.0, 0.0, 0.0, -0.3090837361838892, -0.9510348279777181, 0.0, 0.9510348279777181, -0.3090837361838893, 
6.59, -459.29384483396643, 13.082246399025605, 7.523321060144666, -69.69557584733964, -6.645935042898384, 2.1087289457181173, 0.698131700815185, 0.0, 0.0, 1.0, 0.0, 0.0, 0.0, -0.3024368904501673, -0.9531694116445583, 0.0, 0.9531694116445583, -0.3024368904501674, 
6.6000000000000005, -459.9908005924398, 13.015787048596621, 7.544408349601848, -69.69557584733964, -6.660494437919963, 2.062281310435468, 0.698131700815185, 0.0, 0.0, 1.0, 0.0, 0.0, 0.0, -0.2957753048480103, -0.9552575406884086, 0.0, 0.9552575406884086, -0.29577530484801023, 
6.61, -460.6877563509132, 12.94918210421742, 7.565031162706203, -69.69557584733964, -6.6747292203865625, 2.015733165736966, 0.698131700815185, 0.0, 0.0, 1.0, 0.0, 0.0, 0.0, -0.28909930404315287, -0.9572991133401118, 0.0, 0.9572991133401118, -0.28909930404315326, 
6.62, -461.3847121093866, 12.882434812013555, 7.585188494363572, -69.69557584733964, -6.688638696537515, 1.9690867802397964, 0.698131700815185, 0.0, 0.0, 1.0, 0.0, 0.0, 0.0, -0.2824092134038845, -0.9592940300995306, 0.0, 0.9592940300995306, -0.28240921340388453, 
6.63, -462.08166786786, 12.81554842504818, 7.60487936216597, -69.69557584733964, -6.702222188466599, 1.922344427349116, 0.698131700815185, 0.0, 0.0, 1.0, 0.0, 0.0, 0.0, -0.2757053589851899, -0.9612421937403953, 0.0, 0.9612421937403953, -0.27570535898518983, 
6.640000000000001, -462.7786236263334, 12.748526203163513, 7.624102806439461, -69.69557584733964, -6.715479034155091, 1.8755083851472405, 0.698131700815185, 0.0, 0.0, 1.0, 0.0, 0.0, 0.0, -0.26898806751286, -0.9631435093150436, 0.0, 0.9631435093150436, -0.2689880675128597, 
6.65, -463.4755793848068, 12.681371412821962, 7.642857890290933, -69.69557584733964, -6.728408587504028, 1.8285809362826264, 0.698131700815185, 0.0, 0.0, 1.0, 0.0, 0.0, 0.0, -0.26225766636756687, -0.9649978841590472, 0.0, 0.9649978841590472, -0.262257666367567, 
6.66, -464.1725351432802, 12.614087326946922, 7.661143699653759, -69.69557584733964, -6.7410102183657, 1.7815643678586055, 0.698131700815185, 0.0, 0.0, 1.0, 0.0, 0.0, 0.0, -0.2555144835689094, -0.9668052278957298, 0.0, 0.9668052278957298, -0.2555144835689091, 
6.67, -464.8694909017536, 12.546677224763265, 7.678959343332345, -69.69557584733964, -6.7532833125743466, 1.7344609713219454, 0.698131700815185, 0.0, 0.0, 1.0, 0.0, 0.0, 0.0, -0.24875884775942536, -0.9685654524405686, 0.0, 0.9685654524405686, -0.24875884775942514, 
6.68, -465.566446660227, 12.47914439163752, 7.696303953045564, -69.69557584733964, -6.765227271976107, 1.6872730423511484, 0.698131700815185, 0.0, 0.0, 1.0, 0.0, 0.0, 0.0, -0.24199108818857518, -0.9702784720054901, 0.0, 0.9702784720054901, -0.2419910881885756, 
6.69, -466.26340241870037, 12.41149211891776, 7.713176683469075, -69.69557584733964, -6.77684151445817, 1.6400028807445677, 0.698131700815185, 0.0, 0.0, 1.0, 0.0, 0.0, 0.0, -0.23521153469669587, -0.9719442031030511, 0.0, 0.9719442031030511, -0.23521153469669587, 
6.7, -466.96035817717376, 12.343723703773179, 7.72957671227652, -69.69557584733964, -6.7881254739771295, 1.5926527903083432, 0.698131700815185, 0.0, 0.0, 1.0, 0.0, 0.0, 0.0, -0.22842051769892335, -0.9735625645505046, 0.0, 0.9735625645505046, -0.2284205176989237, 
6.71, -467.65731393564715, 12.275842449033409, 7.745503240179604, -69.69557584733964, -6.79907860058659, 1.5452250787440933, 0.698131700815185, 0.0, 0.0, 1.0, 0.0, 0.0, 0.0, -0.22161836816909197, -0.9751334774737604, 0.0, 0.9751334774737604, -0.2216183681690919, 
6.72, -468.35426969412055, 12.207851663027542, 7.760955490967045, -69.69557584733964, -6.809700360463954, 1.4977220575364718, 0.698131700815185, 0.0, 0.0, 1.0, 0.0, 0.0, 0.0, -0.2148054176236014, -0.9766568653112259, 0.0, 0.9766568653112259, -0.21480541762360159, 
6.73, -469.05122545259394, 12.139754659422902, 7.77593271154241, -69.69557584733964, -6.819990235936455, 1.450146041840483, 0.698131700815185, 0.0, 0.0, 1.0, 0.0, 0.0, 0.0, -0.20798199810526108, -0.97813265381754, 0.0, 0.97813265381754, -0.2079819981052608, 
6.74, -469.74818121106733, 12.071554757063538, 7.790434171960815, -69.69557584733964, -6.829947725506369, 1.40249935036868, 0.698131700815185, 0.0, 0.0, 1.0, 0.0, 0.0, 0.0, -0.20114844216710637, -0.9795607710671893, 0.0, 0.9795607710671893, -0.20114844216710617, 
6.75, -470.4451369695407, 12.003255279808474, 7.804459165464501, -69.69557584733964, -6.839572343875474, 1.3547843052781299, 0.698131700815185, 0.0, 0.0, 1.0, 0.0, 0.0, 0.0, -0.1943050828561914, -0.9809411474580157, 0.0, 0.9809411474580157, -0.1943050828561914, 
6.76, -471.1420927280141, 11.93485955636972, 7.818007008517283, -69.69557584733964, -6.8488636219686905, 1.3070032320572536, 0.698131700815185, 0.0, 0.0, 1.0, 0.0, 0.0, 0.0, -0.18745225369735774, -0.9822737157146074, 0.0, 0.9822737157146074, -0.1874522536973578, 
6.7700000000000005, -471.8390484864875, 11.866370920150032, 7.831077040837855, -69.69557584733964, -6.857821106956945, 1.2591584594124852, 0.698131700815185, 0.0, 0.0, 1.0, 0.0, 0.0, 0.0, -0.18059028867697857, -0.9835584108915777, 0.0, 0.9835584108915777, -0.18059028867697852, 
6.78, -472.5360042449609, 11.797792709080463, 7.84366862543198, -69.69557584733964, -6.866444362279239, 1.2112523191547824, 0.698131700815185, 0.0, 0.0, 1.0, 0.0, 0.0, 0.0, -0.17371952222668186, -0.9847951703767303, 0.0, 0.9847951703767303, -0.173719522226682, 
6.79, -473.2329600034343, 11.729128265457671, 7.855781148623528, -69.69557584733964, -6.874732967663935, 1.1632871460859675, 0.698131700815185, 0.0, 0.0, 1.0, 0.0, 0.0, 0.0, -0.16684028920705085, -0.9859839338941117, 0.0, 0.9859839338941117, -0.16684028920705063, 
6.8, -473.9299157619077, 11.660380935781031, 7.867414020084388, -69.69557584733964, -6.882686519149217, 1.1152652778849599, 0.698131700815185, 0.0, 0.0, 1.0, 0.0, 0.0, 0.0, -0.15995292489130386, -0.9871246435069466, 0.0, 0.9871246435069466, -0.15995292489130422, 
6.8100000000000005, -474.6268715203811, 11.59155407058954, 7.878566672863237, -69.69557584733964, -6.890304629102811, 1.0671890549938092, 0.698131700815185, 0.0, 0.0, 1.0, 0.0, 0.0, 0.0, -0.15305776494895484, -0.9882172436204657, 0.0, 0.9882172436204657, -0.15305776494895457, 
6.82, -475.3238272788545, 11.522651024298511, 7.889238563413175, -69.69557584733964, -6.897586926240842, 1.019060820503672, 0.698131700815185, 0.0, 0.0, 1.0, 0.0, 0.0, 0.0, -0.1461551454294523, -0.9892616809846098, 0.0, 0.9892616809846098, -0.14615514542945218, 
6.83, -476.0207830373279, 11.453675155036104, 7.899429171618213, -69.69557584733964, -6.904533055645955, 0.9708829200405809, 0.698131700815185, 0.0, 0.0, 1.0, 0.0, 0.0, 0.0, -0.139245402745803, -0.9902579046966296, 0.0, 0.9902579046966296, -0.13924540274580302, 
6.84, -476.71773879580127, 11.384629824479644, 7.9091380008186185, -69.69557584733964, -6.911142678784604, 0.9226577016511391, 0.698131700815185, 0.0, 0.0, 1.0, 0.0, 0.0, 0.0, -0.13232887365817492, -0.9912058662035647, 0.0, 0.9912058662035647, -0.13232887365817478, 
6.8500000000000005, -477.41469455427466, 11.315518397691799, 7.9183645778351295, -69.69557584733964, -6.9174154735235485, 0.8743875156880886, 0.698131700815185, 0.0, 0.0, 1.0, 0.0, 0.0, 0.0, -0.12540589525748502, -0.9921055193046096, 0.0, 0.9921055193046096, -0.12540589525748477, 
6.86, -478.11165031274805, 11.246344242956564, 7.927108452992011, -69.69557584733964, -6.9233511341455545, 0.8260747146957554, 0.698131700815185, 0.0, 0.0, 1.0, 0.0, 0.0, 0.0, -0.11847680494897084, -0.992956820153366, 0.0, 0.992956820153366, -0.11847680494897046, 
6.87, -478.80860607122145, 11.177110731615109, 7.935369200138968, -69.69557584733964, -6.928949371364297, 0.7777216532953971, 0.698131700815185, 0.0, 0.0, 1.0, 0.0, 0.0, 0.0, -0.11154194043574606, -0.9937597272599795, 0.0, 0.9937597272599795, -0.11154194043574572, 
6.88, -479.50556182969484, 11.107821237901465, 7.943146416671922, -69.69557584733964, -6.934209912338456, 0.7293306880704379, 0.698131700815185, 0.0, 0.0, 1.0, 0.0, 0.0, 0.0, -0.10460163970234126, -0.994514201493162, 0.0, 0.994514201493162, -0.10460163970234117, 
6.890000000000001, -480.20251758816823, 11.038479138778081, 7.950439723552627, -69.69557584733964, -6.939132500685019, 0.6809041774516201, 0.698131700815185, 0.0, 0.0, 1.0, 0.0, 0.0, 0.0, -0.09765624099823222, -0.9952202060820987, 0.0, 0.9952202060820987, -0.0976562409982324, 
6.9, -480.8994733466416, 10.969087813771232, 7.957248765327143, -69.69557584733964, -6.943716896491769, 0.6324444816020658, 0.698131700815185, 0.0, 0.0, 1.0, 0.0, 0.0, 0.0, -0.09070608282135528, -0.99587770661824, 0.0, 0.99587770661824, -0.09070608282135535, 
6.91, -481.596429105115, 10.899650644806314, 7.9635732101431635, -69.69557584733964, -6.947962876328982, 0.5839539623022448, 0.698131700815185, 0.0, 0.0, 1.0, 0.0, 0.0, 0.0, -0.08375150390160835, -0.9964866710569785, 0.0, 0.9964866710569785, -0.08375150390160828, 
6.92, -482.2933848635884, 10.830171016043025, 7.969412749766186, -69.69557584733964, -6.9518702332603155, 0.5354349828348707, 0.698131700815185, 0.0, 0.0, 1.0, 0.0, 0.0, 0.0, -0.07679284318434365, -0.997047069719211, 0.0, 0.997047069719211, -0.07679284318434336, 
6.93, -482.9903406220618, 10.760652313710422, 7.974767099594535, -69.69557584733964, -6.955438776852888, 0.48688990786972286, 0.698131700815185, 0.0, 0.0, 1.0, 0.0, 0.0, 0.0, -0.0698304398138474, -0.9975588752927841, 0.0, 0.9975588752927841, -0.06983043981384769, 
6.94, -483.6872963805352, 10.691097925941893, 7.979635998673232, -69.69557584733964, -6.958668333186577, 0.43832110334838414, 0.698131700815185, 0.0, 0.0, 1.0, 0.0, 0.0, 0.0, -0.06286463311681234, -0.9980220628338277, 0.0, 0.9980220628338277, -0.06286463311681227, 
6.95, -484.3842521390086, 10.621511242610028, 7.984019209706716, -69.69557584733964, -6.961558744862473, 0.3897309363689628, 0.698131700815185, 0.0, 0.0, 1.0, 0.0, 0.0, 0.0, -0.055895762585798536, -0.9984366097679672, 0.0, 0.9984366097679672, -0.05589576258579856, 
6.96, -485.081207897482, 10.551895655161402, 7.987916519070406, -69.69557584733964, -6.9641098710105656, 0.3411217750706991, 0.698131700815185, 0.0, 0.0, 1.0, 0.0, 0.0, 0.0, -0.048924167862688384, -0.9988024958914266, 0.0, 0.9988024958914266, -0.04892416786268867, 
6.97, -485.7781636559554, 10.482254556451297, 7.991327736821113, -69.69557584733964, -6.9663215872966076, 0.2924959885185591, 0.698131700815185, 0.0, 0.0, 1.0, 0.0, 0.0, 0.0, -0.041950188722133186, -0.9991197033720118, 0.0, 0.9991197033720118, -0.04195018872213363, 
6.98, -486.4751194144288, 10.41259134057833, 7.994252696706298, -69.69557584733964, -6.968193785928171, 0.24385594658777415, 0.698131700815185, 0.0, 0.0, 1.0, 0.0, 0.0, 0.0, -0.034974165054993955, -0.9993882167499806, 0.0, 0.9993882167499806, -0.03497416505499382, 
6.99, -487.17207517290217, 10.34290940271905, 7.996691256172176, -69.69557584733964, -6.969726375659895, 0.1952040198483537, 0.698131700815185, 0.0, 0.0, 1.0, 0.0, 0.0, 0.0, -0.02799643685177511, -0.9996080229387937, 0.0, 0.9996080229387937, -0.02799643685177572, 
7.0, -487.86903093137556, 10.273212138962451, 7.99864329637066, -69.69557584733964, -6.970919281797952, 0.14654257944950744, 0.698131700815185, 0.0, 0.0, 1.0, 0.0, 0.0, 0.0, -0.021017344186055498, -0.9997791112257571, 0.0, 0.9997791112257571, -0.02101734418605551, 
7.01, -488.56598668984896, 10.203502946144472, 8.000108722165155, -69.69557584733964, -6.971772446203664, 0.09787399700414465, 0.698131700815185, 0.0, 0.0, 1.0, 0.0, 0.0, 0.0, -0.014037227197913671, -0.999901473272539, 0.0, 0.999901473272539, -0.014037227197913829, 
7.0200000000000005, -489.26294244832235, 10.133785221682436, 8.001087462135196, -69.69557584733964, -6.972285827296356, 0.049200644473233926, 0.698131700815185, 0.0, 0.0, 1.0, 0.0, 0.0, 0.0, -0.007056426077350908, -0.9999751031155802, 0.0, 0.9999751031155802, -0.007056426077350469, 
7.03, -489.95989820679574, 10.064062363409471, 8.001579468579928, -69.69557584733964, -6.9724594000553655, 0.0005248940502428596, 0.698131700815185, 0.0, 0.0, 1.0, 0.0, 0.0, 0.0, -7.528104771048483e-05, -0.9999999971663819, 0.0, 0.9999999971663819, -7.528104771055998e-05, 
7.04, -490.65685396526914, 9.994337769408917, 8.00158471752043, -69.69557584733964, -6.97229315602128, -0.048150881954517034, 0.698131700815185, 0.0, 0.0, 1.0, 0.0, 0.0, 0.0, 0.0069058676509026196, -0.9999761542116832, 0.0, 0.9999761542116832, 0.006905867650902847, 
7.05, -491.35380972374253, 9.924614837848704, 8.001103208700885, -69.69557584733964, -6.971787103296339, -0.09682431122946511, 0.698131700815185, 0.0, 0.0, 1.0, 0.0, 0.0, 0.0, 0.013886679778205124, -0.9999035754135186, 0.0, 0.9999035754135186, 0.013886679778204682, 
7.0600000000000005, -492.0507654822159, 9.85489696681574, 8.00013496558859, -69.69557584733964, -6.970941266544027, -0.14549302157742192, 0.698131700815185, 0.0, 0.0, 1.0, 0.0, 0.0, 0.0, 0.02086681511031685, -0.9997822643091601, 0.0, 0.9997822643091601, 0.020866815110317453, 
7.07, -492.7477212406893, 9.7851875541503, 7.998680035372815, -69.69557584733964, -6.969755686987906, -0.19415464103115498, 0.698131700815185, 0.0, 0.0, 1.0, 0.0, 0.0, 0.0, 0.02784593345634301, -0.9996122268109494, 0.0, 0.9996122268109494, 0.02784593345634299, 
7.08, -493.4446769991627, 9.71548999728042, 7.996738488962504, -69.69557584733964, -6.968230422409565, -0.24280679796905952, 0.698131700815185, 0.0, 0.0, 1.0, 0.0, 0.0, 0.0, 0.034823694674953165, -0.9993934712060036, 0.0, 0.9993934712060036, 0.03482369467495354, 
7.09, -494.1416327576361, 9.645807693056325, 7.9943104209828135, -69.69557584733964, -6.966365547145838, -0.29144712123068023, 0.698131700815185, 0.0, 0.0, 1.0, 0.0, 0.0, 0.0, 0.041799758690959754, -0.9991260081558168, 0.0, 0.9991260081558168, 0.04179975869096005, 
7.1000000000000005, -494.8385885161095, 9.576144037584866, 7.9913959497705065, -69.69557584733964, -6.9641611520851585, -0.34007324023230934, 0.698131700815185, 0.0, 0.0, 1.0, 0.0, 0.0, 0.0, 0.048773785511891266, -0.9988098506957367, 0.0, 0.9988098506957367, 0.04877378551189144, 
7.11, -495.5355442745829, 9.506502426064014, 7.987995217368184, -69.69557584733964, -6.961617344663142, -0.3886827850825108, 0.698131700815185, 0.0, 0.0, 1.0, 0.0, 0.0, 0.0, 0.05574543524456321, -0.9984450142343314, 0.0, 0.9984450142343314, 0.055745435244563185, 
7.12, -496.2325000330563, 9.436886252617382, 7.984108389517359, -69.69557584733964, -6.958734248857343, -0.43727338669762955, 0.698131700815185, 0.0, 0.0, 1.0, 0.0, 0.0, 0.0, 0.06271436811164355, -0.9980315165526372, 0.0, 0.9980315165526372, 0.06271436811164387, 
7.13, -496.9294557915297, 9.36729891012881, 7.979735655650383, -69.69557584733964, -6.955512005181221, -0.48584267691723065, 0.698131700815185, 0.0, 0.0, 1.0, 0.0, 0.0, 0.0, 0.06968024446821164, -0.9975693778032936, 0.0, 0.9975693778032936, 0.06968024446821162, 
7.140000000000001, -497.62641155000307, 9.297743790076998, 7.97487722888121, -69.69557584733964, -6.951950770677282, -0.5343882886195496, 0.698131700815185, 0.0, 0.0, 1.0, 0.0, 0.0, 0.0, 0.07664272481831191, -0.9970586205095587, 0.0, 0.9970586205095587, 0.07664272481831215, 
7.15, -498.32336730847646, 9.228224282370226, 7.969533345995015, -69.69557584733964, -6.9480507189094345, -0.5829078558368288, 0.698131700815185, 0.0, 0.0, 1.0, 0.0, 0.0, 0.0, 0.08360146983150063, -0.9964992695642144, 0.0, 0.9964992695642144, 0.08360146983150048, 
7.16, -499.02032306694986, 9.158743775181131, 7.963704267436647, -69.69557584733964, -6.943812039954519, -0.6313990138706571, 0.698131700815185, 0.0, 0.0, 1.0, 0.0, 0.0, 0.0, 0.09055614035938264, -0.9958913522283499, 0.0, 0.9958913522283499, 0.09055614035938306, 
7.17, -499.71727882542325, 9.089305654781587, 7.95739027729794, -69.69557584733964, -6.939234940393061, -0.6798593994071817, 0.698131700815185, 0.0, 0.0, 1.0, 0.0, 0.0, 0.0, 0.09750639745214151, -0.9952348981300368, 0.0, 0.9952348981300368, 0.09750639745214168, 
7.18, -500.41423458389664, 9.019913305377656, 7.950591683303869, -69.69557584733964, -6.934319643299187, -0.7282866506323228, 0.698131700815185, 0.0, 0.0, 1.0, 0.0, 0.0, 0.0, 0.10445190237505786, -0.9945299392628819, 0.0, 0.9945299392628819, 0.10445190237505772, 
7.19, -501.11119034237004, 8.950570108944664, 7.943308816797545, -69.69557584733964, -6.929066388229754, -0.7766784073468694, 0.698131700815185, 0.0, 0.0, 1.0, 0.0, 0.0, 0.0, 0.11139231662501925, -0.993776509984469, 0.0, 0.993776509984469, 0.1113923166250193, 
7.2, -501.80814610084343, 8.881279445062367, 7.935542032724077, -69.69557584733964, -6.923475431212689, -0.8250323110814942, 0.698131700815185, 0.0, 0.0, 1.0, 0.0, 0.0, 0.0, 0.11832730194701724, -0.9929746470146857, 0.0, 0.9929746470146857, 0.11832730194701693, 
7.21, -502.5051018593168, 8.81204469075024, 7.927291709613262, -69.69557584733964, -6.9175470447344924, -0.8733460052117269, 0.698131700815185, 0.0, 0.0, 1.0, 0.0, 0.0, 0.0, 0.12525652035063306, -0.9921243894339316, 0.0, 0.9921243894339316, 0.1252565203506331, 
7.22, -503.2020576177902, 8.742869220302895, 7.918558249561144, -69.69557584733964, -6.911281517726973, -0.9216171350727751, 0.698131700815185, 0.0, 0.0, 1.0, 0.0, 0.0, 0.0, 0.13217963412651024, -0.9912257786812155, 0.0, 0.9912257786812155, 0.13217963412651007, 
7.23, -503.8990133762636, 8.673756405125625, 7.9093420782104165, -69.69557584733964, -6.904679155553153, -0.9698433480743153, 0.698131700815185, 0.0, 0.0, 1.0, 0.0, 0.0, 0.0, 0.13909630586281363, -0.9902788585521347, 0.0, 0.9902788585521347, 0.1390963058628134, 
7.24, -504.595969134737, 8.604709613570092, 7.899643644729673, -69.69557584733964, -6.8977402799923935, -1.0180222938151364, 0.698131700815185, 0.0, 0.0, 1.0, 0.0, 0.0, 0.0, 0.14600619846167384, -0.9892836751967404, 0.0, 0.9892836751967404, 0.14600619846167426, 
7.25, -505.2929248932104, 8.535732210770169, 7.889463421791522, -69.69557584733964, -6.890465229224718, -1.066151624197676, 0.698131700815185, 0.0, 0.0, 1.0, 0.0, 0.0, 0.0, 0.1529089751556163, -0.9882402771172905, 0.0, 0.9882402771172905, 0.15290897515561636, 
7.26, -505.9898806516838, 8.466827558477922, 7.878801905549545, -69.69557584733964, -6.8828543578143115, -1.114228993542499, 0.698131700815185, 0.0, 0.0, 1.0, 0.0, 0.0, 0.0, 0.15980429952397457, -0.9871487151658821, 0.0, 0.9871487151658821, 0.15980429952397454, 
7.2700000000000005, -506.6868364101572, 8.39799901489978, 7.867659615614119, -69.69557584733964, -6.8749080366922595, -1.1622520587025795, 0.698131700815185, 0.0, 0.0, 1.0, 0.0, 0.0, 0.0, 0.1666918355092859, -0.9860090425419766, 0.0, 0.9860090425419766, 0.1666918355092856, 
7.28, -507.3837921686306, 8.329249934532857, 7.8560370950270935, -69.69557584733964, -6.866626653138455, -1.2102184791775252, 0.698131700815185, 0.0, 0.0, 1.0, 0.0, 0.0, 0.0, 0.17357124743366992, -0.9848213147898047, 0.0, 0.9848213147898047, 0.17357124743367, 
7.29, -508.08074792710397, 8.260583668001473, 7.843934910235318, -69.69557584733964, -6.858010610762741, -1.258125917227625, 0.698131700815185, 0.0, 0.0, 1.0, 0.0, 0.0, 0.0, 0.18044220001518907, -0.983585589795661, 0.0, 0.983585589795661, 0.18044220001518924, 
7.3, -508.77770368557736, 8.192003561893847, 7.831353651063042, -69.69557584733964, -6.84906032948522, -1.305972037987802, 0.698131700815185, 0.0, 0.0, 1.0, 0.0, 0.0, 0.0, 0.1873043583841889, -0.9823019277850815, 0.0, 0.9823019277850815, 0.18730435838418877, 
7.3100000000000005, -509.47465944405076, 8.123512958598994, 7.818293930683164, -69.69557584733964, -6.839776245515799, -1.3537545095814034, 0.698131700815185, 0.0, 0.0, 1.0, 0.0, 0.0, 0.0, 0.1941573880996179, -0.9809703913199084, 0.0, 0.9809703913199084, 0.1941573880996181, 
7.32, -510.17161520252415, 8.055115196143836, 7.80475638558735, -69.69557584733964, -6.830158811332937, -1.4014710032338324, 0.698131700815185, 0.0, 0.0, 1.0, 0.0, 0.0, 0.0, 0.20100095516532823, -0.9795910452952425, 0.0, 0.9795910452952425, 0.20100095516532807, 
7.33, -510.86857096099754, 7.9868136080305066, 7.790741675555012, -69.69557584733964, -6.820208495661573, -1.4491191933860768, 0.698131700815185, 0.0, 0.0, 1.0, 0.0, 0.0, 0.0, 0.20783472604635334, -0.9781639569362784, 0.0, 0.9781639569362784, 0.20783472604635309, 
7.34, -511.56552671947094, 7.918611523073891, 7.776250483621151, -69.69557584733964, -6.809925783450297, -1.496696757808024, 0.698131700815185, 0.0, 0.0, 1.0, 0.0, 0.0, 0.0, 0.21465836768516322, -0.9766891957950294, 0.0, 0.9766891957950294, 0.21465836768516317, 
7.3500000000000005, -512.2624824779443, 7.850512265239388, 7.761283516043071, -69.69557584733964, -6.7993111758477145, -1.544201377711648, 0.698131700815185, 0.0, 0.0, 1.0, 0.0, 0.0, 0.0, 0.221471547517897, -0.9751668337469377, 0.0, 0.9751668337469377, 0.22147154751789722, 
7.36, -512.9594382364178, 7.78251915348091, 7.745841502265955, -69.69557584733964, -6.788365190178019, -1.5916307378640144, 0.698131700815185, 0.0, 0.0, 1.0, 0.0, 0.0, 0.0, 0.22827393349057035, -0.9735969449873714, 0.0, 0.9735969449873714, 0.22827393349057037, 
7.37, -513.6563939948912, 7.714635501579131, 7.729925194887314, -69.69557584733964, -6.77708835991577, -1.6389825267001372, 0.698131700815185, 0.0, 0.0, 1.0, 0.0, 0.0, 0.0, 0.23506519407526016, -0.9719796060280073, 0.0, 0.9719796060280073, 0.2350651940752602, 
7.38, -514.3533497533647, 7.646864617979973, 7.713535369620312, -69.69557584733964, -6.765481234659913, -1.6862544364356127, 0.698131700815185, 0.0, 0.0, 1.0, 0.0, 0.0, 0.0, 0.24184499828626094, -0.9703148956931038, 0.0, 0.9703148956931038, 0.2418449982862606, 
7.390000000000001, -515.0503055118381, 7.579209805633374, 7.696672825255956, -69.69557584733964, -6.753544380106972, -1.7334441631791135, 0.698131700815185, 0.0, 0.0, 1.0, 0.0, 0.0, 0.0, 0.2486130156962163, -0.9686028951156573, 0.0, 0.9686028951156573, 0.2486130156962162, 
7.4, -515.7472612703116, 7.511674361832304, 7.679338383624165, -69.69557584733964, -6.741278378023497, -1.7805494070446584, 0.698131700815185, 0.0, 0.0, 1.0, 0.0, 0.0, 0.0, 0.2553689164522239, -0.9668436877334501, 0.0, 0.9668436877334501, 0.2553689164522238, 
7.41, -516.444217028785, 7.4442615780520685, 7.661532889553718, -69.69557584733964, -6.728683826217702, -1.8275678722637125, 0.698131700815185, 0.0, 0.0, 1.0, 0.0, 0.0, 0.0, 0.2621123712919107, -0.9650373592849822, 0.0, 0.9650373592849822, 0.26211237129191045, 
7.42, -517.1411727872585, 7.376974739789891, 7.643257210831081, -69.69557584733964, -6.715761338510328, -1.8744972672970701, 0.698131700815185, 0.0, 0.0, 1.0, 0.0, 0.0, 0.0, 0.26884305155947974, -0.9631839978052934, 0.0, 0.9631839978052934, 0.2688430515594793, 
7.43, -517.8381285457319, 7.309817126404788, 7.62451223815811, -69.69557584733964, -6.702511544704727, -1.9213353049465467, 0.698131700815185, 0.0, 0.0, 1.0, 0.0, 0.0, 0.0, 0.27556062922172875, -0.961283693621672, 0.0, 0.961283693621672, 0.2755606292217291, 
7.44, -518.5350843042054, 7.24279201095774, 7.6052988851086445, -69.69557584733964, -6.688935090556182, -1.9680797024664292, 0.698131700815185, 0.0, 0.0, 1.0, 0.0, 0.0, 0.0, 0.28226477688403784, -0.9593365393492546, 0.0, 0.9593365393492546, 0.2822647768840382, 
7.45, -519.2320400626788, 7.175902660052178, 7.58561808808398, -69.69557584733964, -6.675032637740413, -2.0147281816747533, 0.698131700815185, 0.0, 0.0, 1.0, 0.0, 0.0, 0.0, 0.28895516780632446, -0.9573426298865098, 0.0, 0.9573426298865098, 0.2889551678063245, 
7.46, -519.9289958211523, 7.109152333674774, 7.565470806267233, -69.69557584733964, -6.6608048638213395, -2.0612784690643275, 0.698131700815185, 0.0, 0.0, 1.0, 0.0, 0.0, 0.0, 0.2956314759189682, -0.9553020624106139, 0.0, 0.9553020624106139, 0.29563147591896827, 
7.47, -520.6259515796257, 7.042544285036561, 7.54485802157659, -69.69557584733964, -6.646252462218062, -2.1077282959135313, 0.698131700815185, 0.0, 0.0, 1.0, 0.0, 0.0, 0.0, 0.3022933758387032, -0.9532149363727159, 0.0, 0.9532149363727159, 0.30229337583870297, 
7.48, -521.3229073380992, 6.97608176041438, 7.523780738617455, -69.69557584733964, -6.631376142171053, -2.1540753983968957, 0.698131700815185, 0.0, 0.0, 1.0, 0.0, 0.0, 0.0, 0.30894054288447537, -0.9510813534930886, 0.0, 0.9510813534930886, 0.3089405428844755, 
7.49, -522.0198630965726, 6.9097679989926695, 7.502239984633485, -69.69557584733964, -6.616176628707614, -2.200317517695421, 0.698131700815185, 0.0, 0.0, 1.0, 0.0, 0.0, 0.0, 0.315572653093267, -0.9489014177561736, 0.0, 0.9489014177561736, 0.31557265309326715, 
7.5, -522.7168188550461, 6.843606232705594, 7.480236809456531, -69.69557584733964, -6.600654662606517, -2.2464524001066772, 0.698131700815185, 0.0, 0.0, 1.0, 0.0, 0.0, 0.0, 0.32218938323588553, -0.9466752354055111, 0.0, 0.9466752354055111, 0.3221893832358853, 
7.51, -523.4137746135195, 6.777599686079529, 7.457772285455464, -69.69557584733964, -6.584811000361907, -2.2924777971546457, 0.698131700815185, 0.0, 0.0, 1.0, 0.0, 0.0, 0.0, 0.32879041083271643, -0.9444029149385624, 0.0, 0.9444029149385624, 0.32879041083271643, 
7.5200000000000005, -524.110730371993, 6.711751576075909, 7.4348475074839175, -69.69557584733964, -6.568646414146444, -2.3383914656992877, 0.698131700815185, 0.0, 0.0, 1.0, 0.0, 0.0, 0.0, 0.3353754141694407, -0.9420845671014232, 0.0, 0.9420845671014232, 0.33537541416944083, 
7.53, -524.8076861304664, 6.646065111934445, 7.411463592826925, -69.69557584733964, -6.552161691773656, -2.38419116804588, 0.698131700815185, 0.0, 0.0, 1.0, 0.0, 0.0, 0.0, 0.3419440723127136, -0.9397203048834252, 0.0, 0.9397203048834252, 0.34194407231271373, 
7.54, -525.5046418889399, 6.580543495016708, 7.387621681146466, -69.69557584733964, -6.535357636659552, -2.4298746720540705, 0.698131700815185, 0.0, 0.0, 1.0, 0.0, 0.0, 0.0, 0.3484960651258062, -0.9373102435116294, 0.0, 0.9373102435116294, 0.3484960651258061, 
7.55, -526.2015976474133, 6.515189918650113, 7.363322934425925, -69.69557584733964, -6.518235067783457, -2.4754397512466704, 0.698131700815185, 0.0, 0.0, 1.0, 0.0, 0.0, 0.0, 0.35503107328420747, -0.9348545004452101, 0.0, 0.9348545004452101, 0.3550310732842077, 
7.5600000000000005, -526.8985534058868, 6.450007567972278, 7.338568536913458, -69.69557584733964, -6.500794819648113, -2.5208841849181516, 0.698131700815185, 0.0, 0.0, 1.0, 0.0, 0.0, 0.0, 0.36154877829118837, -0.9323531953697318, 0.0, 0.9323531953697318, 0.3615487782911882, 
7.57, -527.5955091643602, 6.384999619775797, 7.3133596950642765, -69.69557584733964, -6.483037742238985, -2.5662057582429023, 0.698131700815185, 0.0, 0.0, 1.0, 0.0, 0.0, 0.0, 0.3680488624933229, -0.9298064501913131, 0.0, 0.9298064501913131, 0.3680488624933231, 
7.58, -528.2924649228337, 6.3201692423534075, 7.287697637481847, -69.69557584733964, -6.46496470098286, -2.611402262383142, 0.698131700815185, 0.0, 0.0, 1.0, 0.0, 0.0, 0.0, 0.37453100909597103, -0.9272143890306889, 0.0, 0.9272143890306889, 0.3745310090959711, 
7.59, -528.9894206813071, 6.2555195953435785, 7.261583614858016, -69.69557584733964, -6.44657657670565, -2.6564714945965933, 0.698131700815185, 0.0, 0.0, 1.0, 0.0, 0.0, 0.0, 0.3809949021787167, -0.9245771382171583, 0.0, 0.9245771382171583, 0.3809949021787167, 
7.6000000000000005, -529.6863764397806, 6.191053829576522, 7.23501889991205, -69.69557584733964, -6.4278742655894705, -2.701411258343834, 0.698131700815185, 0.0, 0.0, 1.0, 0.0, 0.0, 0.0, 0.3874402267107666, -0.9218948262824289, 0.0, 0.9218948262824289, 0.38744022671076656, 
7.61, -530.383332198254, 6.1267750869206274, 7.208004787328612, -69.69557584733964, -6.408858679128966, -2.746219363395344, 0.698131700815185, 0.0, 0.0, 1.0, 0.0, 0.0, 0.0, 0.39386666856630304, -0.919167583954353, 0.0, 0.919167583954353, 0.39386666856630254, 
7.62, -531.0802879567275, 6.062686500129338, 7.180542593694659, -69.69557584733964, -6.389530744086877, -2.7908936259382577, 0.698131700815185, 0.0, 0.0, 1.0, 0.0, 0.0, 0.0, 0.40027391453979244, -0.9163955441505548, 0.0, 0.9163955441505548, 0.40027391453979205, 
7.63, -531.7772437152009, 5.998791192688469, 7.152633657435276, -69.69557584733964, -6.369891402448886, -2.8354318686827877, 0.698131700815185, 0.0, 0.0, 1.0, 0.0, 0.0, 0.0, 0.40666165236125185, -0.913578841971954, 0.0, 0.913578841971954, 0.4066616523612517, 
7.640000000000001, -532.4741994736744, 5.935092278663981, 7.1242793387484475, -69.69557584733964, -6.349941611377697, -2.879831920968343, 0.698131700815185, 0.0, 0.0, 1.0, 0.0, 0.0, 0.0, 0.41302957071146706, -0.910717614696181, 0.0, 0.910717614696181, 0.41302957071146684, 
7.65, -533.1711552321478, 5.871592862550203, 7.095481019538764, -69.69557584733964, -6.329682343166387, -2.9240916188693316, 0.698131700815185, 0.0, 0.0, 1.0, 0.0, 0.0, 0.0, 0.41937735923716546, -0.9078120017708848, 0.0, 0.9078120017708848, 0.4193773592371658, 
7.66, -533.8681109906213, 5.80829603911854, 7.06624010335007, -69.69557584733964, -6.309114585191031, -2.9682088053005984, 0.698131700815185, 0.0, 0.0, 1.0, 0.0, 0.0, 0.0, 0.4257047085661423, -0.9048621448069402, 0.0, 0.9048621448069402, 0.42570470856614223, 
7.67, -534.5650667490947, 5.74520489326663, 7.036558015297064, -69.69557584733964, -6.288239339862558, -3.0121813301225893, 0.698131700815185, 0.0, 0.0, 1.0, 0.0, 0.0, 0.0, 0.4320113103223373, -0.9018681875715413, 0.0, 0.9018681875715413, 0.4320113103223375, 
7.68, -535.2620225075682, 5.682322499868004, 7.006436201995839, -69.69557584733964, -6.267057624577924, -3.056007050246106, 0.698131700815185, 0.0, 0.0, 1.0, 0.0, 0.0, 0.0, 0.4382968571408652, -0.8988302759811999, 0.0, 0.8988302759811999, 0.4382968571408652, 
7.69, -535.9589782660416, 5.619651923622225, 6.9758761314933775, -69.69557584733964, -6.245570471670503, -3.099683829736783, 0.698131700815185, 0.0, 0.0, 1.0, 0.0, 0.0, 0.0, 0.4445610426829951, -0.8957485580946298, 0.0, 0.8957485580946298, 0.44456104268299496, 
7.7, -536.6559340245151, 5.55719621890552, 6.94487929319601, -69.69557584733964, -6.223778928359786, -3.143209539919175, 0.698131700815185, 0.0, 0.0, 1.0, 0.0, 0.0, 0.0, 0.45080356165108104, -0.8926231841055328, 0.0, 0.8926231841055328, 0.45080356165108115, 
7.71, -537.3528897829885, 5.494958429621922, 6.913447197796819, -69.69557584733964, -6.201684056700346, -3.186582059480493, 0.698131700815185, 0.0, 0.0, 1.0, 0.0, 0.0, 0.0, 0.4570241098034409, -0.8894543063352791, 0.0, 0.8894543063352791, 0.4570241098034408, 
7.72, -538.049845541462, 5.432941589054918, 6.881581377202013, -69.69557584733964, -6.179286933530064, -3.229799274574012, 0.698131700815185, 0.0, 0.0, 1.0, 0.0, 0.0, 0.0, 0.46322238396918425, -0.8862420792254821, 0.0, 0.8862420792254821, 0.4632223839691842, 
7.73, -538.7468012999354, 5.371148719719618, 6.849283384456273, -69.69557584733964, -6.156588650417661, -3.2728590789220733, 0.698131700815185, 0.0, 0.0, 1.0, 0.0, 0.0, 0.0, 0.46939808206298816, -0.8829866593304728, 0.0, 0.8829866593304728, 0.469398082062988, 
7.74, -539.4437570584089, 5.309582833215441, 6.816554793667052, -69.69557584733964, -6.133590313609486, -3.3157593739187528, 0.698131700815185, 0.0, 0.0, 1.0, 0.0, 0.0, 0.0, 0.47555090309981973, -0.8796882053096686, 0.0, 0.8796882053096686, 0.4755509030998198, 
7.75, -540.1407128168823, 5.248246930079347, 6.783397199927864, -69.69557584733964, -6.110293043975614, -3.3584980687321275, 0.698131700815185, 0.0, 0.0, 1.0, 0.0, 0.0, 0.0, 0.48168054720960574, -0.8763468779198423, 0.0, 0.8763468779198423, 0.48168054720960557, 
7.76, -540.8376685753558, 5.1871439996395905, 6.749812219240543, -69.69557584733964, -6.086697976955201, -3.401073080406191, 0.698131700815185, 0.0, 0.0, 1.0, 0.0, 0.0, 0.0, 0.4877867156518463, -0.8729628400072852, 0.0, 0.8729628400072852, 0.48778671565184617, 
7.7700000000000005, -541.5346243338292, 5.126277019870039, 6.715801488436481, -69.69557584733964, -6.062806262501167, -3.4434823339623564, 0.698131700815185, 0.0, 0.0, 1.0, 0.0, 0.0, 0.0, 0.4938691108301758, -0.8695362564998724, 0.0, 0.8695362564998724, 0.49386911083017554, 
7.78, -542.2315800923027, 5.065648957245028, 6.681366665096858, -69.69557584733964, -6.038619065024129, -3.485723762500596, 0.698131700815185, 0.0, 0.0, 1.0, 0.0, 0.0, 0.0, 0.49992743630686576, -0.8660672943990234, 0.0, 0.8660672943990234, 0.49992743630686576, 
7.79, -542.9285358507761, 5.005262766594786, 6.646509427471853, -69.69557584733964, -6.014137563335671, -3.527795307300166, 0.698131700815185, 0.0, 0.0, 1.0, 0.0, 0.0, 0.0, 0.5059613968172736, -0.8625561227715641, 0.0, 0.8625561227715641, 0.5059613968172735, 
7.8, -543.6254916092496, 4.945121390961429, 6.611231474398851, -69.69557584733964, -5.989362950590877, -3.569694917919953, 0.698131700815185, 0.0, 0.0, 1.0, 0.0, 0.0, 0.0, 0.5119706982842318, -0.8590029127414855, 0.0, 0.8590029127414855, 0.5119706982842317, 
7.8100000000000005, -544.322447367723, 4.88522776145552, 6.575534525219651, -69.69557584733964, -5.964296434230188, -3.611420552298397, 0.698131700815185, 0.0, 0.0, 1.0, 0.0, 0.0, 0.0, 0.5179550478323809, -0.8554078374816051, 0.0, 0.8554078374816051, 0.5179550478323809, 
7.82, -545.0194031261965, 4.825584797113218, 6.539420319696667, -69.69557584733964, -5.938939235920555, -3.6529701768530196, 0.698131700815185, 0.0, 0.0, 1.0, 0.0, 0.0, 0.0, 0.5239141538024432, -0.851771072205126, 0.0, 0.851771072205126, 0.5239141538024431, 
7.83, -545.71635888467, 4.766195404754012, 6.502890617928137, -69.69557584733964, -5.91329259149589, -3.6943417665795373, 0.698131700815185, 0.0, 0.0, 1.0, 0.0, 0.0, 0.0, 0.5298477257654377, -0.8480927941570978, 0.0, 0.8480927941570978, 0.5298477257654377, 
7.84, -546.4133146431434, 4.707062478839053, 6.465947200262342, -69.69557584733964, -5.887357750896852, -3.7355333051505446, 0.698131700815185, 0.0, 0.0, 1.0, 0.0, 0.0, 0.0, 0.5357554745368338, -0.8443731826057789, 0.0, 0.8443731826057789, 0.5357554745368338, 
7.8500000000000005, -547.1102704016168, 4.6481889013300846, 6.428591867210836, -69.69557584733964, -5.861135978109912, -3.776542785013796, 0.698131700815185, 0.0, 0.0, 1.0, 0.0, 0.0, 0.0, 0.5416371121906465, -0.8406124188338981, 0.0, 0.8406124188338981, 0.5416371121906465, 
7.86, -547.8072261600903, 4.5895775415489855, 6.390826439360699, -69.69557584733964, -5.834628551105758, -3.817368207490039, 0.698131700815185, 0.0, 0.0, 1.0, 0.0, 0.0, 0.0, 0.5474923520734682, -0.8368106861298208, 0.0, 0.8368106861298208, 0.5474923520734682, 
7.87, -548.5041819185637, 4.531231256037928, 6.3526527572857985, -69.69557584733964, -5.80783676177701, -3.858007582870429, 0.698131700815185, 0.0, 0.0, 1.0, 0.0, 0.0, 0.0, 0.5533209088184399, -0.8329681697786151, 0.0, 0.8329681697786151, 0.5533209088184399, 
7.88, -549.2011376770372, 4.473152888420158, 6.314072681457094, -69.69557584733964, -5.780761915875254, -3.8984589305135, 0.698131700815185, 0.0, 0.0, 1.0, 0.0, 0.0, 0.0, 0.5591224983591583, -0.8290850570530219, 0.0, 0.8290850570530219, 0.5591224983591586, 
7.890000000000001, -549.8980934355106, 4.4153452692614055, 6.275088092151959, -69.69557584733964, -5.753405332947409, -3.9387202789416906, 0.698131700815185, 0.0, 0.0, 1.0, 0.0, 0.0, 0.0, 0.5648968379435217, -0.8251615372043285, 0.0, 0.8251615372043285, 0.5648968379435219, 
7.9, -550.5950491939841, 4.357811215931932, 6.235700889362542, -69.69557584733964, -5.725768346271412, -3.978789665937436, 0.698131700815185, 0.0, 0.0, 1.0, 0.0, 0.0, 0.0, 0.5706436461475088, -0.8211978014531436, 0.0, 0.8211978014531436, 0.5706436461475088, 
7.91, -551.2920049524575, 4.300553532469218, 6.1959129927031675, -69.69557584733964, -5.697852302791237, -4.0186651386387995, 0.698131700815185, 0.0, 0.0, 1.0, 0.0, 0.0, 0.0, 0.5763626428888962, -0.8171940429800788, 0.0, 0.8171940429800788, 0.576362642888896, 
7.92, -551.988960710931, 4.243575009441305, 6.15572634131678, -69.69557584733964, -5.66965856305125, -4.058344753634642, 0.698131700815185, 0.0, 0.0, 1.0, 0.0, 0.0, 0.0, 0.5820535494409069, -0.8131504569163333, 0.0, 0.8131504569163333, 0.582053549440907, 
7.930000000000001, -552.6859164694044, 4.186878423810793, 6.115142893780433, -69.69557584733964, -5.641188501129908, -4.097826577059343, 0.698131700815185, 0.0, 0.0, 1.0, 0.0, 0.0, 0.0, 0.5877160884457966, -0.8090672403341839, 0.0, 0.8090672403341839, 0.5877160884457969, 
7.94, -553.3828722278779, 4.130466538799494, 6.07416462800984, -69.69557584733964, -5.612443504572779, -4.137108684687051, 0.698131700815185, 0.0, 0.0, 1.0, 0.0, 0.0, 0.0, 0.59334998392837, -0.8049445922373806, 0.0, 0.8049445922373806, 0.5933499839283701, 
7.95, -554.0798279863513, 4.074342103753766, 6.032793541162969, -69.69557584733964, -5.583424974324922, -4.176189162025464, 0.698131700815185, 0.0, 0.0, 1.0, 0.0, 0.0, 0.0, 0.5989549613094312, -0.8007827135514467, 0.0, 0.8007827135514467, 0.5989549613094308, 
7.96, -554.7767837448248, 4.018507854010517, 5.991031649542715, -69.69557584733964, -5.554134324662605, -4.215066104409143, 0.698131700815185, 0.0, 0.0, 1.0, 0.0, 0.0, 0.0, 0.6045307474191652, -0.7965818071138866, 0.0, 0.7965818071138866, 0.6045307474191653, 
7.97, -555.4737395032982, 3.962966510763891, 5.948880988498623, -69.69557584733964, -5.524572983124391, -4.253737617092321, 0.698131700815185, 0.0, 0.0, 1.0, 0.0, 0.0, 0.0, 0.6100770705104539, -0.792342077664302, 0.0, 0.792342077664302, 0.6100770705104538, 
7.98, -556.1706952617717, 3.907720780932647, 5.9063436123277, -69.69557584733964, -5.494742390441547, -4.292201815341272, 0.698131700815185, 0.0, 0.0, 1.0, 0.0, 0.0, 0.0, 0.615593660272117, -0.7880637318344104, 0.0, 0.7880637318344104, 0.615593660272117, 
7.99, -556.8676510202451, 3.8527733570282314, 5.863421594174287, -69.69557584733964, -5.464644000467837, -4.330456824526145, 0.698131700815185, 0.0, 0.0, 1.0, 0.0, 0.0, 0.0, 0.6210802478420885, -0.7837469781379768, 0.0, 0.7837469781379768, 0.6210802478420883, 
8.0, -557.5646067787186, 3.798126917023553, 5.820117025929026, -69.69557584733964, -5.434279280108663, -4.3685007802123454, 0.698131700815185, 0.0, 0.0, 1.0, 0.0, 0.0, 0.0, 0.6265365658205186, -0.7793920269606502, 0.0, 0.7793920269606502, 0.6265365658205186, 
8.01, -558.261562537192, 3.7437841242224663, 5.776432018126902, -69.69557584733964, -5.403649709249571, -4.406331828251387, 0.698131700815185, 0.0, 0.0, 1.0, 0.0, 0.0, 0.0, 0.6319623482828074, -0.774999090549711, 0.0, 0.774999090549711, 0.6319623482828077, 
8.02, -558.9585182956655, 3.6897476271299707, 5.732368699844389, -69.69557584733964, -5.372756780684133, -4.443948124871269, 0.698131700815185, 0.0, 0.0, 1.0, 0.0, 0.0, 0.0, 0.6373573307925648, -0.770568383003726, 0.0, 0.770568383003726, 0.637357330792565, 
8.03, -559.655474054139, 3.6360200593231293, 5.687929218595676, -69.69557584733964, -5.34160200004118, -4.4813478367663295, 0.698131700815185, 0.0, 0.0, 1.0, 0.0, 0.0, 0.0, 0.6427212504144977, -0.7661001202621136, 0.0, 0.7661001202621136, 0.6427212504144975, 
8.040000000000001, -560.3524298126124, 3.5826040393227174, 5.643115740228013, -69.69557584733964, -5.310186885711429, -4.518529141186604, 0.698131700815185, 0.0, 0.0, 1.0, 0.0, 0.0, 0.0, 0.6480538457272247, -0.7615945200946199, 0.0, 0.7615945200946199, 0.6480538457272247, 
8.05, -561.0493855710858, 3.5295021704656033, 5.597930448816147, -69.69557584733964, -5.278512968773489, -4.555490226026644, 0.698131700815185, 0.0, 0.0, 1.0, 0.0, 0.0, 0.0, 0.6533548568360186, -0.7570518020907062, 0.0, 0.7570518020907062, 0.6533548568360185, 
8.06, -561.7463413295593, 3.4767170407778685, 5.55237554655588, -69.69557584733964, -5.246581792919224, -4.5922292899138535, 0.698131700815185, 0.0, 0.0, 1.0, 0.0, 0.0, 0.0, 0.6586240253854707, -0.7524721876488452, 0.0, 0.7524721876488452, 0.6586240253854707, 
8.07, -562.4432970880328, 3.4242512228486763, 5.506453253656741, -69.69557584733964, -5.214394914378536, -4.628744542296264, 0.698131700815185, 0.0, 0.0, 1.0, 0.0, 0.0, 0.0, 0.663861094572084, -0.7478558999657319, 0.0, 0.7478558999657319, 0.6638610945720839, 
8.08, -563.1402528465062, 3.372107273704891, 5.4601658082337785, -69.69557584733964, -5.181953901843503, -4.665034203529819, 0.698131700815185, 0.0, 0.0, 1.0, 0.0, 0.0, 0.0, 0.6690658091567878, -0.743203164025405, 0.0, 0.743203164025405, 0.6690658091567877, 
8.09, -563.8372086049797, 3.320287734686456, 5.41351546619848, -69.69557584733964, -5.149260336391936, -4.701096504965093, 0.698131700815185, 0.0, 0.0, 1.0, 0.0, 0.0, 0.0, 0.6742379154773779, -0.7385142065882822, 0.0, 0.7385142065882822, 0.6742379154773781, 
8.1, -564.5341643634531, 3.2687951313225367, 5.366504501148829, -69.69557584733964, -5.11631581141032, -4.736929689033493, 0.698131700815185, 0.0, 0.0, 1.0, 0.0, 0.0, 0.0, 0.6793771614608799, -0.7337892561801089, 0.0, 0.7337892561801089, 0.6793771614608799, 
8.11, -565.2311201219266, 3.2176319732084337, 5.319135204258494, -69.69557584733964, -5.083121932516155, -4.772532009332931, 0.698131700815185, 0.0, 0.0, 1.0, 0.0, 0.0, 0.0, 0.684483296635833, -0.7290285430808197, 0.0, 0.7290285430808197, 0.6844832966358328, 
8.120000000000001, -565.9280758804, 3.166800753883272, 5.271409884165164, -69.69557584733964, -5.049680317479702, -4.807901730712921, 0.698131700815185, 0.0, 0.0, 1.0, 0.0, 0.0, 0.0, 0.6895560721444982, -0.7242322993133152, 0.0, 0.7242322993133152, 0.6895560721444983, 
8.13, -566.6250316388735, 3.116303950708475, 5.223330866858035, -69.69557584733964, -5.015992596145144, -4.843037129359148, 0.698131700815185, 0.0, 0.0, 1.0, 0.0, 0.0, 0.0, 0.6945952407549876, -0.7194007586321559, 0.0, 0.7194007586321559, 0.6945952407549872, 
8.14, -567.3219873973469, 3.0661440247470235, 5.174900495564444, -69.69557584733964, -4.982060410351143, -4.877936492877495, 0.698131700815185, 0.0, 0.0, 1.0, 0.0, 0.0, 0.0, 0.6996005568733112, -0.7145341565121663, 0.0, 0.7145341565121663, 0.6996005568733111, 
8.15, -568.0189431558204, 3.016323420643512, 5.126121130635669, -69.69557584733964, -4.9478854138508295, -4.912598120377485, 0.698131700815185, 0.0, 0.0, 1.0, 0.0, 0.0, 0.0, 0.7045717765553499, -0.7096327301369618, 0.0, 0.7096327301369618, 0.7045717765553499, 
8.16, -568.7158989142938, 2.9668445665050034, 5.076995149431894, -69.69557584733964, -4.913469272231204, -4.94702032255518, 0.698131700815185, 0.0, 0.0, 1.0, 0.0, 0.0, 0.0, 0.7095086575187417, -0.7046967183873875, 0.0, 0.7046967183873875, 0.7095086575187417, 
8.17, -569.4128546727673, 2.9177098737826914, 5.027524946206342, -69.69557584733964, -4.878813662831952, -4.981201421775521, 0.698131700815185, 0.0, 0.0, 1.0, 0.0, 0.0, 0.0, 0.7144109591546914, -0.6997263618298755, 0.0, 0.6997263618298755, 0.7144109591546914, 
8.18, -570.1098104312407, 2.868921737154372, 4.977712931988587, -69.69557584733964, -4.843920274663705, -5.01513975215408, 0.698131700815185, 0.0, 0.0, 1.0, 0.0, 0.0, 0.0, 0.7192784425396965, -0.6947219027047216, 0.0, 0.6947219027047216, 0.7192784425396964, 
8.19, -570.8067661897142, 2.820482534407735, 4.9275615344670465, -69.69557584733964, -4.808790808325719, -5.048833659638261, 0.698131700815185, 0.0, 0.0, 1.0, 0.0, 0.0, 0.0, 0.7241108704471919, -0.6896835849142783, 0.0, 0.6896835849142783, 0.7241108704471916, 
8.2, -571.5037219481876, 2.772394626324478, 4.877073197870664, -69.69557584733964, -4.773426975922991, -5.082281502087905, 0.698131700815185, 0.0, 0.0, 1.0, 0.0, 0.0, 0.0, 0.728908007359111, -0.6846116540110678, 0.0, 0.6846116540110678, 0.7289080073591111, 
8.21, -572.200677706661, 2.724660356565248, 4.826250382849785, -69.69557584733964, -4.737830500982823, -5.1154816493553215, 0.698131700815185, 0.0, 0.0, 1.0, 0.0, 0.0, 0.0, 0.7336696194773655, -0.6795063571858159, 0.0, 0.6795063571858159, 0.7336696194773655, 
8.22, -572.8976334651345, 2.67728205155542, 4.775095566356232, -69.69557584733964, -4.702003118370813, -5.1484324833647515, 0.698131700815185, 0.0, 0.0, 1.0, 0.0, 0.0, 0.0, 0.7383954747352388, -0.6743679432554022, 0.0, 0.6743679432554022, 0.7383954747352388, 
8.23, -573.594589223608, 2.6302620203717115, 4.723611241522584, -69.69557584733964, -4.665946574206311, -5.181132398191209, 0.698131700815185, 0.0, 0.0, 1.0, 0.0, 0.0, 0.0, 0.7430853428086963, -0.6691966626507355, 0.0, 0.6691966626507355, 0.7430853428086963, 
8.24, -574.2915449820814, 2.5836025546296484, 4.671799917540672, -69.69557584733964, -4.629662625777312, -5.213579800138761, 0.698131700815185, 0.0, 0.0, 1.0, 0.0, 0.0, 0.0, 0.7477389951276114, -0.6639927674045479, 0.0, 0.6639927674045479, 0.7477389951276113, 
8.25, -574.9885007405549, 2.5373059283718753, 4.6196641195392845, -69.69557584733964, -4.593153041454815, -5.245773107818196, 0.698131700815185, 0.0, 0.0, 1.0, 0.0, 0.0, 0.0, 0.7523562048869046, -0.6587565111391113, 0.0, 0.6587565111391113, 0.7523562048869046, 
8.26, -575.6854564990283, 2.491374397957327, 4.567206388461103, -69.69557584733964, -4.556419600606639, -5.277710752224096, 0.698131700815185, 0.0, 0.0, 1.0, 0.0, 0.0, 0.0, 0.7569367470575981, -0.6534881490538769, 0.0, 0.6534881490538769, 0.756936747057598, 
8.27, -576.3824122575018, 2.445810201951261, 4.514429280938862, -69.69557584733964, -4.519464093510695, -5.309391176811307, 0.698131700815185, 0.0, 0.0, 1.0, 0.0, 0.0, 0.0, 0.761480398397782, -0.6481879379130372, 0.0, 0.6481879379130372, 0.7614803983977819, 
8.28, -577.0793680159752, 2.4006155610161537, 4.461335369170749, -69.69557584733964, -4.482288321267743, -5.340812837570795, 0.698131700815185, 0.0, 0.0, 1.0, 0.0, 0.0, 0.0, 0.7659869374634958, -0.6428561360330126, 0.0, 0.6428561360330126, 0.7659869374634954, 
8.290000000000001, -577.7763237744487, 2.355792677803476, 4.407927240795042, -69.69557584733964, -4.4448940957136, -5.371974203104904, 0.698131700815185, 0.0, 0.0, 1.0, 0.0, 0.0, 0.0, 0.7704561446195186, -0.6374930032698609, 0.0, 0.6374930032698609, 0.770456144619519, 
8.3, -578.4732795329221, 2.3113437368463403, 4.3542074987639925, -69.69557584733964, -4.407283239330854, -5.402873754701985, 0.698131700815185, 0.0, 0.0, 1.0, 0.0, 0.0, 0.0, 0.7748878020500773, -0.6320988010066148, 0.0, 0.6320988010066148, 0.7748878020500775, 
8.31, -579.1702352913956, 2.267270904453032, 4.300178761216973, -69.69557584733964, -4.369457585160022, -5.433509986410418, 0.698131700815185, 0.0, 0.0, 1.0, 0.0, 0.0, 0.0, 0.779281693769458, -0.6266737921405396, 0.0, 0.6266737921405396, 0.7792816937694582, 
8.32, -579.867191049869, 2.223576328601432, 4.245843661352868, -69.69557584733964, -4.331418976710224, -5.463881405112006, 0.698131700815185, 0.0, 0.0, 1.0, 0.0, 0.0, 0.0, 0.7836376056325356, -0.6212182410703234, 0.0, 0.6212182410703234, 0.7836376056325357, 
8.33, -580.5641468083425, 2.1802621388343297, 4.191204847301748, -69.69557584733964, -4.2931692678693345, -5.493986530594745, 0.698131700815185, 0.0, 0.0, 1.0, 0.0, 0.0, 0.0, 0.7879553253452087, -0.6157324136831893, 0.0, 0.6157324136831893, 0.7879553253452087, 
8.34, -581.2611025668159, 2.1373304461556364, 4.1362649819958, -69.69557584733964, -4.2547103228136285, -5.523823895624963, 0.698131700815185, 0.0, 0.0, 1.0, 0.0, 0.0, 0.0, 0.7922346424747473, -0.6102165773419376, 0.0, 0.6102165773419376, 0.7922346424747475, 
8.35, -581.9580583252894, 2.0947833429275002, 4.08102674303955, -69.69557584733964, -4.216044015916931, -5.553392046018832, 0.698131700815185, 0.0, 0.0, 1.0, 0.0, 0.0, 0.0, 0.7964753484600489, -0.6046710008719154, 0.0, 0.6046710008719154, 0.7964753484600487, 
8.36, -582.6550140837628, 2.0526229027683307, 4.025492822579362, -69.69557584733964, -4.177172231659254, -5.582689540713243, 0.698131700815185, 0.0, 0.0, 1.0, 0.0, 0.0, 0.0, 0.8006772366218009, -0.5990959545479138, 0.0, 0.5990959545479138, 0.8006772366218013, 
8.370000000000001, -583.3519698422363, 2.010851180451738, 3.969665927172229, -69.69557584733964, -4.1380968645349725, -5.611714951836028, 0.698131700815185, 0.0, 0.0, 1.0, 0.0, 0.0, 0.0, 0.8048401021725575, -0.5934917100809977, 0.0, 0.5934917100809977, 0.8048401021725576, 
8.38, -584.0489256007097, 1.9694702118063885, 3.913548777653869, -69.69557584733964, -4.098819818960469, -5.640466864775563, 0.698131700815185, 0.0, 0.0, 1.0, 0.0, 0.0, 0.0, 0.8089637422267164, -0.5878585406052607, 0.0, 0.5878585406052607, 0.8089637422267163, 
8.39, -584.7458813591832, 1.9284820136167837, 3.8571441090061134, -69.69557584733964, -4.059343009181335, -5.668943878249706, 0.698131700815185, 0.0, 0.0, 1.0, 0.0, 0.0, 0.0, 0.8130479558104087, -0.5821967206645152, 0.0, 0.5821967206645152, 0.8130479558104088, 
8.4, -585.4428371176566, 1.8878885835249704, 3.8004546702236164, -69.69557584733964, -4.019668359179075, -5.697144604374089, 0.698131700815185, 0.0, 0.0, 1.0, 0.0, 0.0, 0.0, 0.8170925438712942, -0.5765065261989122, 0.0, 0.5765065261989122, 0.8170925438712943, 
8.41, -586.1397928761301, 1.8476918999331795, 3.7434832241798754, -69.69557584733964, -3.9797978025773295, -5.725067668729764, 0.698131700815185, 0.0, 0.0, 1.0, 0.0, 0.0, 0.0, 0.8210973092882619, -0.5707882345314912, 0.0, 0.5707882345314912, 0.8210973092882617, 
8.42, -586.8367486346035, 1.8078939219074062, 3.686232547492578, -69.69557584733964, -3.9397332825476377, -5.752711710430187, 0.698131700815185, 0.0, 0.0, 1.0, 0.0, 0.0, 0.0, 0.825062056881037, -0.5650421243546652, 0.0, 0.5650421243546652, 0.8250620568810367, 
8.43, -587.533704393077, 1.7684965890819297, 3.628705430388276, -69.69557584733964, -3.8994767517147393, -5.780075382187542, 0.698131700815185, 0.0, 0.0, 1.0, 0.0, 0.0, 0.0, 0.8289865934196934, -0.5592684757166384, 0.0, 0.5592684757166384, 0.8289865934196933, 
8.44, -588.2306601515504, 1.7295018215647824, 3.5709046765664008, -69.69557584733964, -3.8590301720614053, -5.807157350378403, 0.698131700815185, 0.0, 0.0, 1.0, 0.0, 0.0, 0.0, 0.8328707276340717, -0.5534675700077571, 0.0, 0.5534675700077571, 0.8328707276340719, 
8.45, -588.9276159100239, 1.6909115198441684, 3.5128331030626168, -69.69557584733964, -3.818395514832817, -5.833956295108734, 0.698131700815185, 0.0, 0.0, 1.0, 0.0, 0.0, 0.0, 0.8367142702231016, -0.5476396899467958, 0.0, 0.5476396899467958, 0.8367142702231015, 
8.46, -589.6245716684973, 1.6527275646958404, 3.4544935401115295, -69.69557584733964, -3.777574760440491, -5.860470910278215, 0.698131700815185, 0.0, 0.0, 1.0, 0.0, 0.0, 0.0, 0.8405170338640255, -0.5417851195671775, 0.0, 0.5417851195671775, 0.8405170338640254, 
8.47, -590.3215274269708, 1.6149518170914354, 3.3958888310087474, -69.69557584733964, -3.736569898365764, -5.886699903643896, 0.698131700815185, 0.0, 0.0, 1.0, 0.0, 0.0, 0.0, 0.8442788332215303, -0.5359041442031317, 0.0, 0.5359041442031317, 0.8442788332215305, 
8.48, -591.0184831854442, 1.5775861181077777, 3.3370218319723084, -69.69557584733964, -3.695382927062832, -5.912641996883181, 0.698131700815185, 0.0, 0.0, 1.0, 0.0, 0.0, 0.0, 0.8479994849567802, -0.5299970504757883, 0.0, 0.5299970504757883, 0.8479994849567803, 
8.49, -591.7154389439177, 1.5406322888371493, 3.2778954120034767, -69.69557584733964, -3.654015853861347, -5.938295925656124, 0.698131700815185, 0.0, 0.0, 1.0, 0.0, 0.0, 0.0, 0.8516788077363502, -0.5240641262792074, 0.0, 0.5240641262792074, 0.8516788077363502, 
8.5, -592.4123947023911, 1.504092130298536, 3.2185124527469156, -69.69557584733964, -3.61247069486859, -5.963660439667055, 0.698131700815185, 0.0, 0.0, 1.0, 0.0, 0.0, 0.0, 0.8553166222410653, -0.5181056607663491, 0.0, 0.5181056607663491, 0.8553166222410651, 
8.51, -593.1093504608646, 1.46796742334985, 3.158875848350245, -69.69557584733964, -3.5707494748712056, -5.9887343027255096, 0.698131700815185, 0.0, 0.0, 1.0, 0.0, 0.0, 0.0, 0.858912751174739, -0.5121219443349805, 0.0, 0.5121219443349805, 0.858912751174739, 
8.52, -593.806306219338, 1.432259928601138, 3.0989885053229895, -69.69557584733964, -3.528854227236531, -6.013516292806486, 0.698131700815185, 0.0, 0.0, 1.0, 0.0, 0.0, 0.0, 0.8624670192728159, -0.5061132686135231, 0.0, 0.5061132686135231, 0.8624670192728159, 
8.53, -594.5032619778115, 1.3969713863287727, 3.038853342394925, -69.69557584733964, -3.4867869938134857, -6.038005202109991, 0.698131700815185, 0.0, 0.0, 1.0, 0.0, 0.0, 0.0, 0.8659792533109112, -0.5000799264468396, 0.0, 0.5000799264468396, 0.8659792533109113, 
8.540000000000001, -595.2002177362849, 1.3621035163906379, 2.978473290373825, -69.69557584733964, -3.444549824833062, -6.062199837119914, 0.698131700815185, 0.0, 0.0, 1.0, 0.0, 0.0, 0.0, 0.8694492821132551, -0.4940222118819611, 0.0, 0.4940222118819611, 0.8694492821132551, 
8.55, -595.8971734947584, 1.3276580181423072, 2.917851292002626, -69.69557584733964, -3.402144778808403, -6.086099018662194, 0.698131700815185, 0.0, 0.0, 1.0, 0.0, 0.0, 0.0, 0.872876936561034, -0.4879404201537565, 0.0, 0.4879404201537565, 0.8728769365610342, 
8.56, -596.5941292532318, 1.2936365703542232, 2.856990301816004, -69.69557584733964, -3.3595739224344765, -6.109701581962283, 0.698131700815185, 0.0, 0.0, 1.0, 0.0, 0.0, 0.0, 0.8762620496006341, -0.48183484767054363, 0.0, 0.48183484767054363, 0.876262049600634, 
8.57, -597.2910850117053, 1.2600408311298785, 2.795893285996381, -69.69557584733964, -3.316839330487348, -6.133006376701922, 0.698131700815185, 0.0, 0.0, 1.0, 0.0, 0.0, 0.0, 0.8796044562517817, -0.4757057919996428, 0.0, 0.4757057919996428, 0.8796044562517817, 
8.58, -597.9880407701787, 1.226872437825005, 2.734563222229362, -69.69557584733964, -3.273943085723068, -6.156012267075198, 0.698131700815185, 0.0, 0.0, 1.0, 0.0, 0.0, 0.0, 0.8829039936155854, -0.46955355185287506, 0.0, 0.46955355185287506, 0.8829039936155852, 
8.59, -598.6849965286522, 1.1941330069677745, 2.6730030995586103, -69.69557584733964, -3.2308872787761564, -6.178718131843902, 0.698131700815185, 0.0, 0.0, 1.0, 0.0, 0.0, 0.0, 0.8861605008824736, -0.46337842707200283, 0.0, 0.46337842707200283, 0.8861605008824737, 
8.6, -599.3819522871256, 1.1618241341800128, 2.611215918240171, -69.69557584733964, -3.1876740080577233, -6.2011228643921745, 0.698131700815185, 0.0, 0.0, 1.0, 0.0, 0.0, 0.0, 0.8893738193400336, -0.4571807186141178, 0.0, 0.4571807186141178, 0.8893738193400337, 
8.61, -600.0789080455991, 1.1299473940994356, 2.5492046895962495, -69.69557584733964, -3.144305379653185, -6.223225372780439, 0.698131700815185, 0.0, 0.0, 1.0, 0.0, 0.0, 0.0, 0.8925437923807458, -0.4509607285369717, 0.0, 0.4509607285369717, 0.8925437923807457, 
8.620000000000001, -600.7758638040725, 1.0985043403029038, 2.486972435868445, -69.69557584733964, -3.100783507219629, -6.24502457979862, 0.698131700815185, 0.0, 0.0, 1.0, 0.0, 0.0, 0.0, 0.8956702655096158, -0.44471875998425614, 0.0, 0.44471875998425614, 0.8956702655096157, 
8.63, -601.472819562546, 1.0674965052307075, 2.424522190070459, -69.69557584733964, -3.0571105118827977, -6.266519423018642, 0.698131700815185, 0.0, 0.0, 1.0, 0.0, 0.0, 0.0, 0.8987530863517055, -0.43845511717082764, 0.0, 0.43845511717082764, 0.8987530863517053, 
8.64, -602.1697753210194, 1.0369254001118795, 2.3618569958402724, -69.69557584733964, -3.01328852213371, -6.28770885484621, 0.698131700815185, 0.0, 0.0, 1.0, 0.0, 0.0, 0.0, 0.9017921046595576, -0.43217010536788114, 0.0, 0.43217010536788114, 0.9017921046595576, 
8.65, -602.8667310794929, 1.0067925148905423, 2.2989799072918102, -69.69557584733964, -2.969319673724928, -6.308591842571865, 0.698131700815185, 0.0, 0.0, 1.0, 0.0, 0.0, 0.0, 0.9047871723205201, -0.42586403088807256, 0.0, 0.42586403088807256, 0.9047871723205202, 
8.66, -603.5636868379663, 0.9770993181532931, 2.2358939888660916, -69.69557584733964, -2.9252061095664654, -6.329167368421317, 0.698131700815185, 0.0, 0.0, 1.0, 0.0, 0.0, 0.0, 0.9077381433639637, -0.41953720107058934, 0.0, 0.41953720107058934, 0.9077381433639637, 
8.67, -604.2606425964398, 0.9478472570576284, 2.1726023151818783, -69.69557584733964, -2.8809499796213465, -6.349434429605046, 0.698131700815185, 0.0, 0.0, 1.0, 0.0, 0.0, 0.0, 0.9106448739683957, -0.41318992426617185, 0.0, 0.41318992426617185, 0.9106448739683957, 
8.68, -604.9575983549132, 0.9190377572614149, 2.109107970885828, -69.69557584733964, -2.836553440800827, -6.369392038367177, 0.698131700815185, 0.0, 0.0, 1.0, 0.0, 0.0, 0.0, 0.9135072224684702, -0.4068225098220857, 0.0, 0.4068225098220857, 0.9135072224684702, 
8.69, -605.6545541133867, 0.8906722228534066, 2.0454140505021563, -69.69557584733964, -2.7920186568592684, -6.38903922203362, 0.698131700815185, 0.0, 0.0, 1.0, 0.0, 0.0, 0.0, 0.9163250493618924, -0.4004352680670444, 0.0, 0.4004352680670444, 0.9163250493618923, 
8.700000000000001, -606.3515098718601, 0.862752036284814, 1.98152365828182, -69.69557584733964, -2.747347798288687, -6.408375023059473, 0.698131700815185, 0.0, 0.0, 1.0, 0.0, 0.0, 0.0, 0.919098217316217, -0.3940285102960854, 0.0, 0.3940285102960854, 0.9190982173162169, 
8.71, -607.0484656303336, 0.8352785583019271, 1.9174399080512254, -69.69557584733964, -2.702543042212969, -6.427398499075693, 0.698131700815185, 0.0, 0.0, 1.0, 0.0, 0.0, 0.0, 0.9218265911755417, -0.3876025487553982, 0.0, 0.3876025487553982, 0.9218265911755417, 
8.72, -607.745421388807, 0.8082531278797974, 1.8531659230604685, -69.69557584733964, -2.657606572281764, -6.446108722935021, 0.698131700815185, 0.0, 0.0, 1.0, 0.0, 0.0, 0.0, 0.9245100379670945, -0.3811576966271068, 0.0, 0.3811576966271068, 0.9245100379670944, 
8.73, -608.4423771472805, 0.7816770621569797, 1.7887048358311182, -69.69557584733964, -2.61254057856406, -6.464504782757173, 0.698131700815185, 0.0, 0.0, 1.0, 0.0, 0.0, 0.0, 0.9271484269077137, -0.37469426801400557, 0.0, 0.37469426801400557, 0.9271484269077139, 
8.74, -609.1393329057539, 0.7555516563713391, 1.7240597880035464, -69.69557584733964, -2.5673472574414484, -6.482585781973276, 0.698131700815185, 0.0, 0.0, 1.0, 0.0, 0.0, 0.0, 0.9297416294102232, -0.3682125779242516, 0.0, 0.3682125779242516, 0.9297416294102233, 
8.75, -609.8362886642274, 0.7298781837969247, 1.6592339301838137, -69.69557584733964, -2.522028811501074, -6.50035083936957, 0.698131700815185, 0.0, 0.0, 1.0, 0.0, 0.0, 0.0, 0.9322895190896976, -0.361712942256011, 0.0, 0.361712942256011, 0.9322895190896976, 
8.76, -610.5332444227008, 0.704657895681914, 1.594230421790118, -69.69557584733964, -2.4765874494282927, -6.517799089130353, 0.698131700815185, 0.0, 0.0, 1.0, 0.0, 0.0, 0.0, 0.9347919717696231, -0.3551956777820641, 0.0, 0.3551956777820641, 0.9347919717696233, 
8.77, -611.2302001811743, 0.679892021187631, 1.5290524308988145, -69.69557584733964, -2.4310253858990243, -6.534929680880177, 0.698131700815185, 0.0, 0.0, 1.0, 0.0, 0.0, 0.0, 0.9372488654879498, -0.34866110213436635, 0.0, 0.34866110213436635, 0.9372488654879497, 
8.78, -611.9271559396477, 0.6555817673286408, 1.4637031340900126, -69.69557584733964, -2.3853448414718152, -6.551741779725297, 0.698131700815185, 0.0, 0.0, 1.0, 0.0, 0.0, 0.0, 0.9396600805030342, -0.3421095337885679, 0.0, 0.3421095337885679, 0.9396600805030342, 
8.790000000000001, -612.6241116981212, 0.6317283189139227, 1.3981857162927596, -69.69557584733964, -2.339548042479617, -6.568234566294354, 0.698131700815185, 0.0, 0.0, 1.0, 0.0, 0.0, 0.0, 0.9420254992994768, -0.3355412920484921, 0.0, 0.3355412920484921, 0.9420254992994768, 
8.8, -613.3210674565946, 0.6083328384891264, 1.332503370629816, -69.69557584733964, -2.293637220921281, -6.584407236778319, 0.698131700815185, 0.0, 0.0, 1.0, 0.0, 0.0, 0.0, 0.9443450065938483, -0.3289566970305738, 0.0, 0.3289566970305738, 0.9443450065938482, 
8.81, -614.0180232150681, 0.5853964662799136, 1.2666592982620328, -69.69557584733964, -2.2476146143527753, -6.600259002969658, 0.698131700815185, 0.0, 0.0, 1.0, 0.0, 0.0, 0.0, 0.9466184893403085, -0.3223560696482573, 0.0, 0.3223560696482573, 0.9466184893403086, 
8.82, -614.7149789735415, 0.5629203201363858, 1.2006567082323363, -69.69557584733964, -2.2014824657781378, -6.615789092300752, 0.698131700815185, 0.0, 0.0, 1.0, 0.0, 0.0, 0.0, 0.9488458367361166, -0.31573973159635693, 0.0, 0.31573973159635693, 0.9488458367361162, 
8.83, -615.411934732015, 0.5409054954786044, 1.1344988173093287, -69.69557584733964, -2.1552430235401507, -6.630996747881551, 0.698131700815185, 0.0, 0.0, 1.0, 0.0, 0.0, 0.0, 0.9510269402270288, -0.30910800533537724, 0.0, 0.30910800533537724, 0.9510269402270287, 
8.84, -616.1088904904884, 0.5193530652432029, 1.0681888498305132, -69.69557584733964, -2.108898541210773, -6.645881228536458, 0.698131700815185, 0.0, 0.0, 1.0, 0.0, 0.0, 0.0, 0.9531616935125928, -0.30246121407579857, 0.0, 0.30246121407579857, 0.9531616935125928, 
8.85, -616.8058462489619, 0.49826407983109516, 1.0017300375451486, -69.69557584733964, -2.0624512774813013, -6.660441808840457, 0.698131700815185, 0.0, 0.0, 1.0, 0.0, 0.0, 0.0, 0.9552499925513258, -0.2957996817623241, 0.0, 0.2957996817623241, 0.9552499925513257, 
8.86, -617.5028020074353, 0.47763956705628213, 0.935125619456744, -69.69557584733964, -2.0159034960522897, -6.674677779154463, 0.698131700815185, 0.0, 0.0, 1.0, 0.0, 0.0, 0.0, 0.9572917355657851, -0.2891237330580916, 0.0, 0.2891237330580916, 0.9572917355657853, 
8.870000000000001, -618.1997577659088, 0.45748053209575923, 0.8683788416651994, -69.69557584733964, -1.9692574655232242, -6.688588445659909, 0.698131700815185, 0.0, 0.0, 1.0, 0.0, 0.0, 0.0, 0.9592868230475307, -0.2824336933288509, 0.0, 0.2824336933288509, 0.9592868230475308, 
8.88, -618.8967135243822, 0.437787957440527, 0.8014929572086003, -69.69557584733964, -1.9225154592819578, -6.702173130392565, 0.698131700815185, 0.0, 0.0, 1.0, 0.0, 0.0, 0.0, 0.9612351577619722, -0.27572988862710585, 0.0, 0.27572988862710585, 0.9612351577619723, 
8.89, -619.5936692828557, 0.4185628028477074, 0.7344712259046746, -69.69557584733964, -1.8756797553939117, -6.715431171275575, 0.698131700815185, 0.0, 0.0, 1.0, 0.0, 0.0, 0.0, 0.9631366447531098, -0.269012645676224, 0.0, 0.269012645676224, 0.96313664475311, 
8.9, -620.2906250413291, 0.3998060052937683, 0.6673169141919189, -69.69557584733964, -1.8287526364910516, -6.728361922151723, 0.698131700815185, 0.0, 0.0, 1.0, 0.0, 0.0, 0.0, 0.9649911913481617, -0.2622822918545131, 0.0, 0.2622822918545131, 0.9649911913481615, 
8.91, -620.9875807998026, 0.3815184789288578, 0.6000332949704016, -69.69557584733964, -1.7817363896606335, -6.740964752814932, 0.698131700815185, 0.0, 0.0, 1.0, 0.0, 0.0, 0.0, 0.9667987071620792, -0.255539155179265, 0.0, 0.255539155179265, 0.966798707162079, 
8.92, -621.684536558276, 0.3637011150322515, 0.5326236474422523, -69.69557584733964, -1.7346333063337467, -6.753239049040975, 0.698131700815185, 0.0, 0.0, 1.0, 0.0, 0.0, 0.0, 0.9685591041019541, -0.2487835642907701, 0.0, 0.2487835642907701, 0.9685591041019542, 
8.93, -622.3814923167495, 0.346354781968914, 0.46509125695184256, -69.69557584733964, -1.687445682173628, -6.765184212617405, 0.698131700815185, 0.0, 0.0, 1.0, 0.0, 0.0, 0.0, 0.9702722963713113, -0.24201584843629953, 0.0, 0.24201584843629953, 0.9702722963713115, 
8.94, -623.0784480752229, 0.32948032514717773, 0.3974394148256685, -69.69557584733964, -1.6401758169637826, -6.776799661372718, 0.698131700815185, 0.0, 0.0, 1.0, 0.0, 0.0, 0.0, 0.9719382004742894, -0.23523633745405914, 0.0, 0.23523633745405914, 0.9719382004742895, 
8.950000000000001, -623.7754038336964, 0.3130785669775399, 0.32967141821194135, -69.69557584733964, -1.5928260144958974, -6.788084829204722, 0.698131700815185, 0.0, 0.0, 1.0, 0.0, 0.0, 0.0, 0.9735567352197105, -0.22844536175711383, 0.0, 0.22844536175711383, 0.9735567352197104, 
8.96, -624.4723595921698, 0.2971503068325809, 0.26179056991989413, -69.69557584733964, -1.5453985824575622, -6.799039166108131, 0.698131700815185, 0.0, 0.0, 1.0, 0.0, 0.0, 0.0, 0.9751278217250372, -0.2216432523172844, 0.0, 0.2216432523172844, 0.9751278217250375, 
8.97, -625.1693153506433, 0.2816963210080053, 0.19380017825881282, -69.69557584733964, -1.4978958323198002, -6.809662138201364, 0.698131700815185, 0.0, 0.0, 1.0, 0.0, 0.0, 0.0, 0.9766513834202188, -0.21483034064901707, 0.0, 0.21483034064901707, 0.9766513834202188, 
8.98, -625.8662711091167, 0.2667173626848073, 0.12570355687679918, -69.69557584733964, -1.450320079224412, -6.81995322775257, 0.698131700815185, 0.0, 0.0, 1.0, 0.0, 0.0, 0.0, 0.9781273460514193, -0.20800695879322614, 0.0, 0.20800695879322614, 0.9781273460514194, 
8.99, -626.5632268675902, 0.2522141618925632, 0.05750402459927348, -69.69557584733964, -1.4026736418711452, -6.829911933204859, 0.698131700815185, 0.0, 0.0, 1.0, 0.0, 0.0, 0.0, 0.9795556376846404, -0.2011734393011117, 0.0, 0.2011734393011117, 0.9795556376846402, 
