"force_coefficients"
"Time Step" "flow-time etc.."
("Time Step" "flow-time" "cx" "cy" "cz" "cmx" "cmy" "cmz")
0 0 0 0 0 0 0 0
1 0.01 0 0 0 0 0 0
2 0.02 0.8277415295078534 -5.968462773715602e-05 1.948697224581668 -0.0001870553291707842 0.04970278402629166 -0.0001451699237637908
3 0.03 0.1127359146526097 1.354088898102791e-05 1.014808121007429 -0.0001687573571392848 0.3705520125131587 1.931291915506909e-05
4 0.04 0.1056057927234164 5.077892975304261e-06 1.074349275186103 -1.31365573900077e-05 0.6061021872895487 -8.119074800632849e-06
5 0.05 0.1004298156792423 1.223378431737173e-05 1.123288899346071 4.22731379504626e-05 0.8553347600035272 1.94565321909064e-05
6 0.06 0.09677610919201766 7.64865086765686e-06 1.164359737271126 1.169365660625435e-05 1.117712184955186 1.902377229964356e-05
7 0.07000000000000001 0.09352764402318273 -0.0001785665864784492 1.197113820690283 -3.128112216148891e-05 1.390979221427075 0.0002304893312662642
8 0.08 0.09003933281967742 -0.0003955241329239672 1.22040858686618 -0.04798972653574802 1.671587221730713 -0.00195223693861636
9 0.09 0.08690997456085536 -0.0009506495534044401 1.234552373907541 -0.0680674288429207 1.955565881141774 -0.004306518600360717
10 0.09999999999999999 0.08427838304531221 -0.001715749822635232 1.241071270681767 -0.08876458295509633 2.239083103647961 -0.006135733500070194
11 0.11 0.08197125002078422 -0.002680975027268507 1.242375576091712 -0.1097908175894976 2.519269754457996 -0.007399897965468054
12 0.12 0.0796542988045319 -0.003855295806690883 1.240710844948613 -0.1307675699937868 2.793894878010335 -0.008049447157351158
13 0.13 0.0772021969251261 -0.005226442887821549 1.23776679210013 -0.1516501848127059 3.061971840653818 -0.007957925543767412
14 0.14 0.07465866131271578 -0.006792796321578718 1.23504507004894 -0.1724826631214265 3.324196084073899 -0.006931445907227725
15 0.15 0.07212037907481762 -0.008567764439684366 1.233039068387156 -0.1932997581321146 3.581670202610248 -0.004790765964210093
16 0.16 0.06975281119213027 -0.01053758268705585 1.231765579037466 -0.2142670636477459 3.83571596721341 -0.001362755268923484
17 0.17 0.06762480702348592 -0.01270310102728799 1.231358305909509 -0.2352888558051865 4.087953130036032 0.003502476204966501
18 0.18 0.06570136526831724 -0.01508179283501539 1.231388797601898 -0.2562769502489273 4.338394618514463 0.009904359588285231
19 0.19 0.06395163498576424 -0.01765216573471873 1.231666272765308 -0.2771089865696155 4.587402111447652 0.01789091340534514
20 0.2 0.06239499775782516 -0.02042275665862518 1.23208366417552 -0.2978374179753236 4.835389641813401 0.02758822812340992
21 0.21 0.06089870667836948 -0.02339274915451908 1.232517440947636 -0.3186121230850221 5.082389949838838 0.03909634383255391
22 0.2200000000000001 0.05956385584720239 -0.02655405642087901 1.232986241592027 -0.3394394192126516 5.32874943084293 0.052575280938213
23 0.2300000000000001 0.05829555924998846 -0.0299122417799059 1.233306425474233 -0.360241103491085 5.573994902483716 0.06819848246957799
24 0.2400000000000001 0.05711389557124091 -0.03346824641452099 1.233581923637575 -0.3814183620770924 5.818538001606667 0.08598220490721321
25 0.2500000000000001 0.0559961984081702 -0.03720873377174985 1.233752791019989 -0.4027393257745397 6.062264848050219 0.1061164669797762
26 0.2600000000000001 0.05496619418676194 -0.04114323562488946 1.23390307217732 -0.4242894418505057 6.305552437710686 0.1286306776104974
27 0.2700000000000001 0.05394651060714981 -0.04527778970794561 1.234075798114485 -0.4460611230786987 6.548777247404746 0.1537287531235166
28 0.2800000000000001 0.05299079190305242 -0.0496053603806461 1.234215814611139 -0.4680798259054783 6.791682683409604 0.181487252926998
29 0.2900000000000001 0.05207426391154832 -0.0541290122041637 1.23432258559989 -0.4902969781064458 7.034316762442975 0.212054196489742
30 0.3000000000000001 0.05118346757076665 -0.05883283121730953 1.234272054450304 -0.5127677010602537 7.276052841496195 0.2454559250174999
31 0.3100000000000001 0.05034608593399081 -0.06373614423569866 1.234250847891449 -0.5355177360977642 7.517846623414837 0.2818876045757424
32 0.3200000000000001 0.04951782723024658 -0.06881348936568606 1.234122280775033 -0.5583676017253608 7.758990176083385 0.321373695059841
33 0.3300000000000001 0.0487136554431516 -0.07408402283125022 1.233965305848316 -0.5814970808763453 7.999920193592739 0.3641023474270336
34 0.3400000000000001 0.04793132754015593 -0.07954184705908468 1.23368054332562 -0.6047346853200216 8.239957965479606 0.4101272334825818
35 0.3500000000000001 0.04714253272155761 -0.08517841015977974 1.233283162413232 -0.6282493028937004 8.479241768696989 0.4595724058717425
36 0.3600000000000002 0.04642143231260757 -0.09100736259919191 1.232803691168907 -0.6521879207204714 8.717774729049491 0.5125425229657637
37 0.3700000000000002 0.04567219999486794 -0.09701707864781482 1.232245063654869 -0.6763581482200799 8.955695638944606 0.569138713339938
38 0.3800000000000002 0.04495595290603428 -0.1032118796724658 1.231596812277568 -0.7007793231268359 9.192773153528506 0.6295046611861611
39 0.3900000000000002 0.04423521268566245 -0.1095819741451408 1.230817528186609 -0.725529617383374 9.428753203095958 0.6936631503688584
40 0.4000000000000002 0.04349782425173009 -0.116140764665792 1.229944768966993 -0.7504753884710884 9.663784700756159 0.7618292605927319
41 0.4100000000000002 0.04281724330481756 -0.1228673854201756 1.228922411927323 -0.7758797051340459 9.897469761919519 0.8339311086879482
42 0.4200000000000002 0.04211301491797121 -0.1297758305787245 1.22785699586446 -0.8017698930876321 10.13039719228605 0.910181609356164
43 0.4300000000000002 0.0414001312942104 -0.1368496067066992 1.22663305644249 -0.8278860026718872 10.36179166274988 0.9906160892930308
44 0.4400000000000002 0.04070104237039338 -0.1441197770980918 1.225416175098065 -0.8544667374682506 10.59282112051164 1.075549489986312
45 0.4500000000000002 0.03998426582740352 -0.151551390198934 1.224051331498325 -0.8813095120132151 10.82227261311453 1.164832951199611
46 0.4600000000000002 0.03922764241666827 -0.1591482699539978 1.222525194240784 -0.9083596262282937 11.0499179642506 1.258608290746897
47 0.4700000000000003 0.03852455277127532 -0.166917754511831 1.220922449234908 -0.9357891621292594 11.27634935177974 1.356983444608822
48 0.4800000000000003 0.03780020239054456 -0.1748620335431262 1.219252843756476 -0.9637034575085853 11.50168030886348 1.460081051825569
49 0.4900000000000003 0.03707235900933407 -0.1829781979132046 1.217499242299387 -0.9919006923685716 11.72570880306447 1.568027808138395
50 0.5000000000000002 0.03632656887357687 -0.1912679249680261 1.215665597493723 -1.020450321434039 11.9484369075222 1.680932350140091
51 0.5100000000000002 0.03556510646791059 -0.1997360170669084 1.21377779890928 -1.049146832544123 12.17004828532443 1.798995287064242
52 0.5200000000000002 0.03479004059753026 -0.2081689559863202 1.211770228858702 -1.078143741273609 12.38984882788416 1.920046585287617
53 0.5300000000000002 0.03465132061128941 -0.2166330346614075 1.209217941415268 -1.059621684151785 12.60214474623339 2.047911358101616
54 0.5400000000000003 0.03456204055487604 -0.2249376191455238 1.206602615730052 -1.068879929527698 12.8126317704485 2.178163305488477
55 0.5500000000000003 0.03450028890086389 -0.2332300794704931 1.20400654558958 -1.077710985765031 13.02229650291092 2.311607754006862
56 0.5600000000000003 0.03447103126527558 -0.2415029353565586 1.201410221856299 -1.086305900948699 13.23092946432398 2.448196466804343
57 0.5700000000000003 0.03444922642679138 -0.2497486288813456 1.198773776264943 -1.094752955362886 13.43811568644073 2.587836634672988
58 0.5800000000000003 0.03444072044720421 -0.2579812345131763 1.196174436009846 -1.103153809719053 13.64469833473965 2.730619758022319
59 0.5900000000000003 0.03446464385067501 -0.2661797324059403 1.193518557297995 -1.111511519313457 13.84959352594739 2.876309837985206
60 0.6000000000000003 0.03449427239658388 -0.2743476293415679 1.190821152952426 -1.119914735913391 14.05299898437836 3.024932903880439
61 0.6100000000000003 0.0345259485881147 -0.2825046817508298 1.188167853710779 -1.128464942147485 14.25581312128738 3.176682359823011
62 0.6200000000000003 0.03454811843016944 -0.2906209596298858 1.185402710860752 -1.137119349288586 14.45644846595613 3.331227720879118
63 0.6300000000000003 0.03459460107527716 -0.2987202065871704 1.182642116354002 -1.145941949265102 14.65593904838471 3.488787081803891
64 0.6400000000000003 0.03463052941632395 -0.3067967462416622 1.1798768408522 -1.154890086378478 14.85427925851954 3.649297288574935
65 0.6500000000000004 0.03467912756072068 -0.3148460541235817 1.177090336089102 -1.164033061029629 15.05127750046321 3.812689354873242
66 0.6600000000000004 0.03473511157191849 -0.3228709336316835 1.174254986583045 -1.173370860851281 15.246560809694 3.978965053786505
67 0.6700000000000004 0.03479224560746853 -0.3308863514544688 1.171451770600634 -1.182889843847788 15.44115311915091 4.148298864027789
68 0.6800000000000004 0.03485257490236057 -0.3388699056728042 1.168583209231879 -1.192615598566862 15.63380534833742 4.320392337752408
69 0.6900000000000004 0.03487092213399257 -0.346818049112964 1.165645516862264 -1.202499161142329 15.82447262187936 4.49517158384838
70 0.7000000000000004 0.03492333618033609 -0.3547535174268604 1.162702375245782 -1.212630337013909 16.01385131037017 4.672929415489126
71 0.7100000000000004 0.03498542762798643 -0.3626743245170919 1.159744062874345 -1.222992441910713 16.20186923700252 4.853620798223474
72 0.7200000000000004 0.03503592459940837 -0.3705800593657855 1.156777401055423 -1.233579961315459 16.38862808438163 5.037234139845173
73 0.7300000000000004 0.03508228388005147 -0.3784646064047817 1.153777974409988 -1.24437640272461 16.57377231075205 5.223659655858089
74 0.7400000000000004 0.03513327091516184 -0.3863277186311154 1.150725315943816 -1.255380753510919 16.75697167524024 5.412898486443057
75 0.7500000000000004 0.03517443581073088 -0.3941939096292996 1.147695145120619 -1.266607102197141 16.93930231158569 5.605284633106977
76 0.7600000000000005 0.03522603436361927 -0.4020250858008426 1.144592719862219 -1.278006729958908 17.11935016777123 5.800263155748582
77 0.7700000000000005 0.03527607524150837 -0.4098320237705099 1.141450864044427 -1.289530784235279 17.29761614338875 5.997895101761383
78 0.7800000000000005 0.03536109684338692 -0.4176413832358027 1.138298889437216 -1.301213970551089 17.47436804438869 6.198806559398987
79 0.7900000000000005 0.03542668684763003 -0.4254134992100093 1.135069601217854 -1.313084681777717 17.64874574487679 6.402175628322103
80 0.8000000000000005 0.03546717399280976 -0.4331595322774643 1.13178446912668 -1.325179148790179 17.82101815972145 6.608202998961857
81 0.8100000000000005 0.0355638011910458 -0.4409401390344302 1.128558362974804 -1.337602396533424 17.9928851535194 6.817832670209499
82 0.8200000000000005 0.03567432181222962 -0.4487159197316979 1.125355024299376 -1.350265215052605 18.16361261162944 7.030380070375457
83 0.8300000000000005 0.03576116211948594 -0.4564603995980926 1.122060272715484 -1.363184328772562 18.33178328931064 7.245536178949477
84 0.8400000000000005 0.03585464374945389 -0.4641863567113685 1.118728169759287 -1.376304331382884 18.49801802939508 7.463432873625347
85 0.8500000000000005 0.03593829266527611 -0.471905844651377 1.115381409061279 -1.389630015594741 18.66269231129052 7.684254130944692
86 0.8600000000000005 0.03601947805990949 -0.4796064735484126 1.11197777903826 -1.40317039878623 18.82509277988789 7.907791231995505
87 0.8700000000000006 0.03609924286981028 -0.4872081051856433 1.108409643584946 -1.416748427255772 18.98345183874233 8.132753400368651
88 0.8800000000000006 0.0362103365397274 -0.4949314960493479 1.105017505109989 -1.430836572070859 19.14311010864767 8.362603571230251
89 0.8900000000000006 0.03629642056794558 -0.5025484156256215 1.101449256341864 -1.444923436033255 19.29859313112291 8.593780982037561
90 0.9000000000000006 0.03637991628831535 -0.5101413488502681 1.097829980432426 -1.459189206597087 19.45175551115944 8.827514125327955
91 0.9100000000000006 0.03645854505624142 -0.5177221851007219 1.094184231764381 -1.473673767181513 19.60300995629187 9.064045500887373
92 0.9200000000000006 0.03651592904960071 -0.5252987263887599 1.090513552253485 -1.488328416906106 19.75233484093093 9.30344317477706
93 0.9300000000000006 0.03662540367217363 -0.5328242391911656 1.086734655349603 -1.503082960554581 19.89819661505614 9.544929186580333
94 0.9400000000000006 0.03672831857718032 -0.5403256873931822 1.082923246798117 -1.517940011821369 20.04195032630276 9.788927572542462
95 0.9500000000000006 0.03679704443697567 -0.5478085428249562 1.079068664313344 -1.532873858759117 20.18346004995236 10.03552895374324
96 0.9600000000000006 0.03687609388499823 -0.5552467540481165 1.0751313871776 -1.547819391792687 20.32187305061496 10.28423814231579
97 0.9700000000000006 0.03695581915560203 -0.5626069965420986 1.071056486371232 -1.562728309607534 20.45611996661734 10.53441438747342
98 0.9800000000000006 0.03702080717982253 -0.5699872652692156 1.06701563143387 -1.577715418729632 20.58940947226183 10.78786032202993
99 0.9900000000000007 0.03714784568304821 -0.5773407735150738 1.062916856515108 -1.592808634385805 20.71984650105859 11.04367467218561
100 1.000000000000001 0.03724024394793064 -0.5846643092972346 1.058759471546921 -1.60796988278657 20.84757611457812 11.30180324210563
101 1.010000000000001 0.03731229250977815 -0.5919705732128526 1.054601406393894 -1.62335996690228 20.97387507643146 11.56198747250158
102 1.020000000000001 0.03734457044927912 -0.5991947042037327 1.050288612662747 -1.634707889459626 21.09580336379149 11.8233862047711
103 1.030000000000001 0.03747777684130077 -0.6063486075464777 1.045876423427497 -1.645640136468165 21.21353453097527 12.08639913266426
104 1.040000000000001 0.0374637817695579 -0.6134772631974574 1.041470088237261 -1.658444895195657 21.3300265874703 12.35159278220282
105 1.050000000000001 0.0376001726801195 -0.6206135567973098 1.03707181138574 -1.671239428339423 21.44462410573281 12.61975113910472
106 1.060000000000001 0.03759269910112403 -0.6280367865910436 1.033117346992481 -1.686405603107653 21.56721666859316 12.89651966322143
107 1.070000000000001 0.03767981265175596 -0.63499375963335 1.028471086924867 -1.699172883572604 21.67336869555681 13.1665023527659
108 1.080000000000001 0.03772766604533461 -0.6421131190917471 1.024071631729502 -1.7116642678184 21.78297796235755 13.44273177009289
109 1.090000000000001 0.03789763387095797 -0.6492650683168929 1.019691778286156 -1.725377461347059 21.89088878802612 13.72257688783386
110 1.100000000000001 0.03791493477674629 -0.6563193160421642 1.015251879347375 -1.738896852378898 21.99628389253089 14.00294548965681
111 1.110000000000001 0.0379747993277828 -0.6634157991854472 1.010804901323383 -1.753117511982902 22.0996269931674 14.28707293454542
112 1.120000000000001 0.03805561529495318 -0.6702806356220915 1.006052720914973 -1.766102851134196 22.19441357974143 14.56898912039369
113 1.130000000000001 0.03813614079734049 -0.6771143573919829 1.001235088015057 -1.778745994120624 22.28580251708749 14.85303192281518
114 1.140000000000001 0.03817876764889815 -0.6839194346241095 0.9963951505289828 -1.793062689006588 22.37492698323459 15.13902982432479
115 1.150000000000001 0.03821369080362604 -0.6907631192781443 0.9916170571480281 -1.807380789400079 22.46368119507826 15.42842505500841
116 1.160000000000001 0.0383221971324 -0.6974501067655915 0.9865671444863161 -1.821164099665415 22.54399470080994 15.71722219759671
117 1.170000000000001 0.0384167923466715 -0.7042211857680511 0.9816530090297076 -1.8354952956 22.62556244706935 16.01040442924516
118 1.180000000000001 0.03843863720475863 -0.7109260613259548 0.9766637283692671 -1.850703068324275 22.70379414279802 16.30445349927298
119 1.190000000000001 0.03847901041594532 -0.7176778373464836 0.9717085502079095 -1.865100718448981 22.78059174244616 16.60255070895129
120 1.200000000000001 0.03859741333044387 -0.7243949129550437 0.9667076608728875 -1.880420639546748 22.85395814770828 16.90285021767853
121 1.210000000000001 0.0387780746114034 -0.730419873433605 0.9607718950403328 -1.890430000439527 22.90316960397492 17.18912620793673
122 1.220000000000001 0.03886128242796277 -0.737046853013875 0.9556575497168996 -1.90548828563039 22.96986088187706 17.49199192582834
123 1.230000000000001 0.03895679770696842 -0.743419706523027 0.9501993242360494 -1.920105496195414 23.02630558207855 17.79147639402855
124 1.240000000000001 0.03904870030823299 -0.7497408587443847 0.9446785312957211 -1.934241116548168 23.07901297815132 18.09229779812011
125 1.250000000000001 0.03912439157835353 -0.756128876606168 0.9392697341331568 -1.948819414409862 23.1324843816993 18.39706885317128
126 1.260000000000001 0.03926294082877517 -0.7623357645013005 0.9335999224059834 -1.963127335401144 23.17670729532583 18.70043671238202
127 1.270000000000001 0.03924981198102163 -0.7687964233516099 0.9282465154863754 -1.983124724373648 23.22698982422094 19.01258311514733
128 1.280000000000001 0.0392833754767521 -0.7750970826856856 0.9227200652127074 -2.002700829258488 23.27084567454224 19.323098036941
129 1.290000000000001 0.03929663052061223 -0.7814283483198987 0.917227919533731 -2.021891956989138 23.3134639318224 19.63678514263609
130 1.300000000000001 0.03930348130936227 -0.7877283119616014 0.9117023560620157 -2.041254358517668 23.35314626569282 19.95216357188289
131 1.310000000000001 0.03928214131719247 -0.7939756405735235 0.9061252725042582 -2.060695183374763 23.38941371983062 20.26866255494554
132 1.320000000000001 0.03930263394882769 -0.8002428519164757 0.9005492837883154 -2.080326668986136 23.42339877133677 20.58807453357481
133 1.330000000000001 0.03921465654316941 -0.8063689976599243 0.8948749259930406 -2.099725474167287 23.45291754823842 20.90638496608207
134 1.340000000000001 0.03919688074480547 -0.8124763436431515 0.8891636452589869 -2.119155907777034 23.47900859410898 21.22656127936296
135 1.350000000000001 0.03915745651741299 -0.8185384085049471 0.8833943691103596 -2.138610407232827 23.50140249299426 21.54795113044917
136 1.360000000000001 0.03913916837792068 -0.8245506508762477 0.8775871114613489 -2.158067263020703 23.52045240480222 21.87037697530571
137 1.370000000000001 0.03910205240142203 -0.8305329356012039 0.8717338646011565 -2.177676115290001 23.53603544405141 22.19437506876267
138 1.380000000000001 0.03906296857878497 -0.836485077059649 0.8658792246946236 -2.19739948298407 23.5492608452114 22.51991420669521
139 1.390000000000001 0.03905381566849125 -0.8423989346910845 0.859943151204361 -2.217275694247758 23.55786264664179 22.84674298096279
140 1.400000000000001 0.03906143501231621 -0.8483002516761668 0.8540033651158713 -2.237302197569796 23.56395626369253 23.17554240009063
141 1.410000000000001 0.03903889718275109 -0.8541312782701043 0.8479974950098559 -2.257060932308214 23.5660651875374 23.50463690776892
142 1.420000000000001 0.03908124146634206 -0.8599296856838093 0.8419463971073204 -2.277100656872641 23.56413992047264 23.83525625209673
143 1.430000000000001 0.03906797094551467 -0.8656475404434054 0.8358229838693574 -2.297025389433113 23.55802302301437 24.16586119529422
144 1.440000000000001 0.03908889765963579 -0.8713173401062343 0.8296615877107323 -2.317060158475741 23.54832634151743 24.49732184052155
145 1.450000000000001 0.03915569353969073 -0.8769890136121922 0.8234897036813822 -2.337359290019973 23.53574314964971 24.8310177772395
146 1.460000000000001 0.03918811882564387 -0.8826172457427937 0.8172757764190092 -2.357779791961097 23.5195937154158 25.16573671196161
147 1.470000000000001 0.03922041433304307 -0.8881860068162791 0.8110049257494246 -2.378202210969677 23.49934287498085 25.5009573297613
148 1.480000000000001 0.03925948649479023 -0.8936719470632772 0.8046692580612873 -2.39853141802348 23.47471817243187 25.83597053219303
149 1.490000000000001 0.03921984072737122 -0.8990760959146273 0.7982621168959758 -2.4187347169294 23.44573349965029 26.17082432951943
150 1.500000000000001 0.03926891381057711 -0.9044859378809194 0.7918251659279512 -2.439161803649402 23.41315302588411 26.5078274787267
151 1.510000000000001 0.03927793075689755 -0.9098703574330791 0.7853826476968699 -2.45965990902718 23.37802764728247 26.84619686754697
152 1.520000000000001 0.03927259587916368 -0.9152415308232885 0.7789272261222516 -2.480388087809767 23.3400624601933 27.18627747594692
153 1.530000000000001 0.03924985071106436 -0.9205943082285072 0.7724597650118644 -2.50136228188207 23.29925591207146 27.52792467668534
154 1.540000000000001 0.03923069567419321 -0.9259327543199098 0.7659768993169853 -2.522607031890693 23.25546209841765 27.87124970489471
155 1.550000000000001 0.03918254976466973 -0.9312532304301165 0.7594964417306612 -2.544025514754316 23.20921759445378 28.21612901542846
156 1.560000000000001 0.03918361831693543 -0.9365835554866256 0.7529907800969255 -2.565739024974721 23.15948768950734 28.56335806405006
157 1.570000000000001 0.03917915479018957 -0.9418795913843158 0.7464756590486452 -2.58750284266935 23.10690786123661 28.91162233463544
158 1.580000000000001 0.0391812588932789 -0.9471317421468896 0.7399145513252764 -2.609364072590882 23.05032048098486 29.26058400218541
159 1.590000000000001 0.03917334849111545 -0.9523469328888269 0.7333337450130928 -2.631315427369699 22.99055883673885 29.61045309274295
160 1.600000000000001 0.03917594767328369 -0.9575438553928677 0.7267382591998613 -2.65346749675455 22.92770476901581 29.96177534860217
161 1.610000000000001 0.03918598204823699 -0.9627329467110338 0.7201362692417546 -2.675870560248513 22.86196132616905 30.31487395631839
162 1.620000000000001 0.03914421239990049 -0.9677483295626402 0.7134096613631035 -2.697943309348869 22.78982823454698 30.66460335384011
163 1.630000000000001 0.03916894713188344 -0.972755852988777 0.7066654704377077 -2.720182999113465 22.71423413470387 31.01599698849255
164 1.640000000000001 0.03917916144170597 -0.9776904677759799 0.6998654114140562 -2.742368334705714 22.63421317207411 31.36702948048034
165 1.650000000000001 0.03920362017225353 -0.982547821239924 0.6930090927583868 -2.764450365378691 22.54966026800365 31.71748356392591
166 1.660000000000001 0.03924901988688596 -0.9874005110752868 0.6861579837269339 -2.78663930529238 22.4625201567356 32.06963412189744
167 1.670000000000001 0.03920799881337767 -0.9921884626914705 0.6792325364487853 -2.808914075034768 22.37053203046757 32.42166947032711
168 1.680000000000001 0.03922310132907025 -0.996909199782792 0.6722632959224318 -2.83125375136553 22.27421331818648 32.77330249473074
169 1.690000000000001 0.03922907863614209 -1.001562929287877 0.6652572305654739 -2.853664018049458 22.17393643561787 33.12459762402509
170 1.700000000000001 0.03924218365266492 -1.006214462805791 0.6582349074591198 -2.876313673892179 22.07032325574331 33.47763481022196
171 1.710000000000001 0.03925798812420495 -1.010804805154848 0.6511687590564301 -2.899003547078054 21.96245788051039 33.83044693631884
172 1.720000000000001 0.03929192567542821 -1.015385861883957 0.6441005889615636 -2.921821783966766 21.85168423856146 34.1847231254394
173 1.730000000000001 0.03925970938618265 -1.019880977289663 0.6369650100643953 -2.944610590838391 21.73605997312633 34.53794168195152
174 1.740000000000001 0.03925655387641806 -1.024320328042214 0.6298036108303576 -2.967404139730396 21.61670011970761 34.89097149659083
175 1.750000000000001 0.03926262564878608 -1.028752685544428 0.622635273063148 -2.990424754839615 21.49426507205653 35.24546612419595
176 1.760000000000001 0.039296087523274 -1.033157405690063 0.6154401163228869 -3.0135531900727 21.36750237754254 35.60099731803554
177 1.770000000000001 0.03921501517859217 -1.037807968922454 0.6084100061312036 -3.042569583357719 21.24400024458038 35.96695308024898
178 1.780000000000001 0.03920738289697233 -1.042074735886885 0.6011027682544587 -3.069795475902571 21.10772175696852 36.32125198759159
179 1.790000000000001 0.0392005799185032 -1.046411047056941 0.5938678431652851 -3.097838795010659 20.97156377901857 36.6794411662275
180 1.800000000000001 0.03920049544092353 -1.050650023361303 0.5865491830053877 -3.125159993417202 20.82919877096489 37.0360716231998
181 1.810000000000001 0.03920664188875099 -1.054793065484483 0.5791657257929727 -3.152551134634234 20.68193214401869 37.39072445052809
182 1.820000000000001 0.03911943118032932 -1.058927774163647 0.5718124877787595 -3.179566452451483 20.53301659551864 37.74700198597232
183 1.830000000000001 0.03910612443638788 -1.06283985086545 0.5643238361523698 -3.206366551550027 20.37606440680985 38.09678335959492
184 1.840000000000001 0.03908458328015547 -1.066891306764236 0.5569097539282016 -3.23413344913158 20.21892615412165 38.45315562900604
185 1.850000000000001 0.03907636147246606 -1.07071820523252 0.5493707841105252 -3.260949751076251 20.05434297462249 38.80289205807914
186 1.860000000000001 0.03907043071647374 -1.074485668002336 0.5418116885990124 -3.287747906807449 19.88598313132185 39.15197513828821
187 1.870000000000001 0.03898628592800898 -1.078433434483435 0.5343370667167667 -3.315189826486894 19.71802291142835 39.50926367628205
188 1.880000000000001 0.03889460645774179 -1.082508548947359 0.5269170202315486 -3.345414494164052 19.54965905272357 39.87261205818639
189 1.890000000000001 0.03882968543736751 -1.086108074651492 0.519248869570293 -3.370828995296657 19.36856532366852 40.22011775423971
190 1.900000000000001 0.03878776372980561 -1.089732302207484 0.5116127233854005 -3.398874571172739 19.18573484205131 40.56980698004023
191 1.910000000000001 0.0389544658802936 -1.092792871137821 0.5036990054323 -3.420484696097415 18.98782430988236 40.89990490414169
192 1.920000000000001 0.03892027040747965 -1.096312856452133 0.4960179343181825 -3.447634360338452 18.79703935020859 41.2484171441394
193 1.930000000000001 0.03895557345318608 -1.099744295213539 0.4882732788100074 -3.472755275195294 18.60016217975468 41.59506593254002
194 1.940000000000002 0.03894730593050555 -1.103188605520073 0.480552984682144 -3.500751760340854 18.40184352559386 41.9434024264542
195 1.950000000000002 0.0389596030759647 -1.106473086794261 0.4727478089173444 -3.526172402253832 18.19680074981469 42.2870397940189
196 1.960000000000002 0.03890389162584428 -1.109568397240785 0.4649061098223867 -3.550988933237196 17.98757701250227 42.62482717130823
197 1.970000000000002 0.03899891712065569 -1.112177345496368 0.4568788876708286 -3.574624185772554 17.76749178421742 42.94472794854302
198 1.980000000000002 0.03895716020137751 -1.11552256519212 0.4491076638967335 -3.602613862133231 17.55470952303567 43.29457871678901
199 1.990000000000002 0.03903582954707163 -1.118363229688349 0.441160858926672 -3.62840720019162 17.33169180077584 43.62575885457568
200 2.000000000000001 0.03893295767662951 -1.12136465105501 0.4332798100189086 -3.655635201501042 17.10887345996739 43.96466283000713
201 2.010000000000001 0.03897335624336437 -1.124124576775472 0.4253259391166774 -3.68131315641128 16.87947667922131 44.29500935900651
202 2.020000000000001 0.03888678191518129 -1.126954581737345 0.4174137724287229 -3.70783626525791 16.64915974097821 44.62945612265966
203 2.030000000000001 0.03888445837429908 -1.129634419429925 0.409436307212785 -3.733837923488061 16.41270616687243 44.95891188544692
204 2.04 0.03885868261554748 -1.132404631048946 0.4015029771375306 -3.761449653530291 16.17524926125116 45.2929913818203
205 2.05 0.03877990093138825 -1.135117778269607 0.393555293066601 -3.787529601404424 15.93410455606396 45.62602410521571
206 2.06 0.03874043427359188 -1.137930184496448 0.385634888326379 -3.813604697081044 15.69057441678643 45.96416899481788
207 2.07 0.03867355277303208 -1.140256311322325 0.3775510910571669 -3.840525597052887 15.43753865777582 46.28360355732157
208 2.08 0.03867910941480089 -1.142685495957848 0.3695002145171687 -3.86664793213385 15.18235280015263 46.60803673429309
209 2.089999999999999 0.03864107265731639 -1.145247363156011 0.3614950334858011 -3.894228606024503 14.9261764265389 46.93891708142998
210 2.099999999999999 0.03859870735218466 -1.147796484127631 0.3534731696016416 -3.92047434431051 14.66584301047634 47.27039340552422
211 2.109999999999999 0.03853657770173551 -1.150152187177299 0.3453971950513647 -3.947697207491653 14.40052564001164 47.59480335683887
212 2.119999999999999 0.03844323649038005 -1.152445394414295 0.3373209365624067 -3.974356911966796 14.13204459949756 47.91762159733709
213 2.129999999999999 0.03840387405208082 -1.154904452455082 0.3292549199397989 -4.001308834301825 13.86045434540552 48.24822392082879
214 2.139999999999998 0.03839151104965706 -1.156840174882296 0.3210659441539887 -4.027151489000079 13.58053148236823 48.55766539794897
215 2.149999999999998 0.03832218261289497 -1.158999062532586 0.3129372607384881 -4.054308045554778 13.30013968502631 48.87740567823288
216 2.159999999999998 0.03833216912894072 -1.161009744844052 0.3047473714311517 -4.080367163156949 13.01324481728351 49.19167208153131
217 2.169999999999998 0.03825831928219486 -1.163070365723 0.2966050948454271 -4.107526943748701 12.72602347136818 49.5088603343539
218 2.179999999999997 0.03821968231336009 -1.164966009973749 0.2884083973663196 -4.134416399718813 12.43278239106165 49.81980780832951
219 2.189999999999997 0.03816346496712432 -1.166908348224566 0.2802255072620933 -4.161638857349651 12.1371388823513 50.13350363232813
220 2.199999999999997 0.03814820375061407 -1.168684706473293 0.2720099139079156 -4.18937759182628 11.8365910758914 50.44071675541181
221 2.209999999999997 0.03808308328667354 -1.170476000361054 0.2638021780048352 -4.215911171490816 11.53346249010769 50.74936603143555
222 2.219999999999997 0.03801317012843067 -1.172363863748477 0.2556299773685516 -4.244203233133452 11.22867962479601 51.06293124214798
223 2.229999999999996 0.03794648786014902 -1.174005212733042 0.2473949626022898 -4.270320597332477 10.9176698334003 51.36646945304134
224 2.239999999999996 0.03792436818698348 -1.175861853763628 0.239205052648162 -4.298791907110053 10.60556929850242 51.67996907618058
225 2.249999999999996 0.03781317933294527 -1.1777728056709 0.2310239821012526 -4.326524913640903 10.29087591721235 51.99682333377014
226 2.259999999999996 0.03774381303135692 -1.179224016058388 0.2227607334148931 -4.353136051042203 9.969455757517128 52.29382893615475
227 2.269999999999996 0.03765961293517325 -1.180700057012544 0.2145020180109716 -4.375589514089245 9.645207112556584 52.59253619994673
228 2.279999999999995 0.03761398750822934 -1.182194785367434 0.2062389576400779 -4.398971511880085 9.317241393906109 52.89255742079752
229 2.289999999999995 0.03756795069843707 -1.183599361329239 0.1979579692491288 -4.422929746932974 8.985133942430634 53.18911841416161
230 2.299999999999995 0.03755715928157313 -1.184937966124874 0.1896656067948043 -4.446886708754152 8.649146936374965 53.48316795467134
231 2.309999999999995 0.0375864337614169 -1.186269546439488 0.1813644926191609 -4.471104518321408 8.309344501511529 53.77728682499299
232 2.319999999999995 0.03759794098040586 -1.187547346037334 0.1730559093758907 -4.495320502241586 7.965993582462087 54.06951747210498
233 2.329999999999994 0.03761475654904693 -1.188806642086442 0.1647424341058945 -4.519698247718916 7.619108275572834 54.36137779000009
234 2.339999999999994 0.03763055109027474 -1.189982843035731 0.1564146858591462 -4.543975505647197 7.268300982272756 54.64991019998399
235 2.349999999999994 0.0376410101557078 -1.191139411065929 0.1480799367814543 -4.568393815666598 6.913905603726569 54.93798314232492
236 2.359999999999994 0.03765786181300949 -1.192265415064183 0.1397436673191167 -4.592883263103495 6.556140847178927 55.22507292094743
237 2.369999999999993 0.03769187718167771 -1.193282241549255 0.1313941562187308 -4.617233533452625 6.194426775628305 55.50747255182284
238 2.379999999999993 0.03772876725503577 -1.194263615034381 0.1230382836152964 -4.641647967278953 5.829126478566337 55.78859853189843
239 2.389999999999993 0.03775638894601906 -1.195232898080146 0.1146793822160936 -4.666238721875587 5.460427253371284 56.06954723108053
240 2.399999999999993 0.03779166308194885 -1.19615966047371 0.1063123427789884 -4.690894137203644 5.088021580881176 56.34884166968087
241 2.409999999999993 0.03782250529612741 -1.19704380393417 0.0979160123621366 -4.715751732210485 4.710993245105884 56.62660931844219
242 2.419999999999992 0.03787118224741606 -1.197838817618608 0.08954661456356294 -4.740396907185409 4.33181606679795 56.90026230996482
243 2.429999999999992 0.03793854962274051 -1.198599173093442 0.08116119650007261 -4.765194737246291 3.948517847007949 57.17255261454027
244 2.439999999999992 0.03802075529330527 -1.19928936886668 0.07276600185135929 -4.789921747276518 3.561394098965653 57.44173167897693
245 2.449999999999992 0.03808365917939169 -1.199925369023032 0.06436158617292866 -4.814675646355442 3.170591229619959 57.70860650060646
246 2.459999999999992 0.03815830872188102 -1.200390962795029 0.05594519166173589 -4.838730132032907 2.775820093050474 57.96745306148836
247 2.469999999999991 0.03821372620795912 -1.200857640108357 0.04752410509025688 -4.86321637599007 2.377595166656597 58.22659613467608
248 2.479999999999991 0.03828238793109204 -1.201137346992273 0.03910347528681089 -4.887090970670328 1.976012943259194 58.47678467132542
249 2.489999999999991 0.03835691902826616 -1.201342746086235 0.03068166640091924 -4.910854380713211 1.571030724451453 58.72343687055373
250 2.499999999999991 0.03839616525846176 -1.201374965975483 0.02225758243253636 -4.934046342972382 1.162747433139563 58.96179097068917
251 2.50999999999999 0.0384507987640659 -1.201398462383255 0.01382865548726033 -4.957368513004227 0.7508355946586631 59.19967099728319
252 2.51999999999999 0.03848257927337186 -1.201293708388803 0.005410358152268716 -4.980284133366673 0.3362122838863502 59.43128303765072
253 2.52999999999999 0.03850831685043221 -1.201197618438029 -0.003016211541246698 -5.003734101880314 -0.08207925344262627 59.66330285824678
254 2.53999999999999 0.03857678884138846 -1.20092745574146 -0.01143659950373248 -5.026283948445108 -0.5035726748675754 59.8864683886397
255 2.54999999999999 0.03861473118410207 -1.200585199209385 -0.01984891839361377 -5.048813959956981 -0.9278579334985193 60.10601067508803
256 2.559999999999989 0.03866828270132067 -1.200186749450692 -0.02824944932166135 -5.071252547899094 -1.354913516092775 60.32253886168895
257 2.569999999999989 0.03867286005688317 -1.199769206512267 -0.03664827240016742 -5.093788755393392 -1.784999843777787 60.53808416837841
258 2.579999999999989 0.03864407398606855 -1.199220886531144 -0.04502699077406228 -5.115932747559319 -2.217256701809228 60.74693782123384
259 2.589999999999989 0.03869386171599722 -1.198631626412973 -0.05342291843737178 -5.138266323649851 -2.65396040587765 60.95326965408268
260 2.599999999999989 0.03873372020929984 -1.197992166210431 -0.06179603551873259 -5.160544882447916 -3.092770086257008 61.15683283320099
261 2.609999999999988 0.03875299007856078 -1.19733574277237 -0.0701592128297909 -5.182983138739262 -3.534306758851091 61.35925666286359
262 2.619999999999988 0.03877202157352379 -1.196589891276937 -0.07852610085512027 -5.205334594314641 -3.979286928005396 61.5569458584059
263 2.629999999999988 0.0387762558789781 -1.195818418515519 -0.08688016917400582 -5.227780340143557 -4.426870757389976 61.75307880581416
264 2.639999999999988 0.03877169536445795 -1.195018586415308 -0.09523292357368474 -5.250355959636376 -4.877621641975503 61.94745058244928
265 2.649999999999987 0.03873579253017048 -1.194052686154617 -0.103554420590009 -5.272422110037078 -5.329937731282006 62.13300552202786
266 2.659999999999987 0.0387350204169265 -1.19307077840479 -0.1118639007914341 -5.294580697845808 -5.785044951319303 62.31724272690532
267 2.669999999999987 0.03871153717070449 -1.19203535540659 -0.1201663220966145 -5.316697493836741 -6.242993449282046 62.49838025450165
268 2.679999999999987 0.03871475782268984 -1.190957502757274 -0.1284620785605345 -5.338897878330496 -6.703964744130085 62.67676342356203
269 2.689999999999987 0.03868537597503875 -1.18982025029739 -0.1367342764434832 -5.36092287861339 -7.166869777209912 62.85171710238247
270 2.699999999999986 0.03865992268751789 -1.188687967207493 -0.1450150847362589 -5.383203086556574 -7.633520758471942 63.02644981473476
271 2.709999999999986 0.03865884752468658 -1.18741168943481 -0.1532592050058057 -5.405024854936107 -8.101593288973966 63.19301757589287
272 2.719999999999986 0.03865636102052897 -1.186129011746313 -0.1614958930623215 -5.426971973055264 -8.57252402802672 63.35873291365743
273 2.729999999999986 0.03862718862038078 -1.184773101144456 -0.1697114725153956 -5.448757867832137 -9.045490094688743 63.52012470930263
274 2.739999999999986 0.0386114335217619 -1.183404031025992 -0.1779289988167639 -5.4706928681677 -9.521836696405684 63.68018273593261
275 2.749999999999985 0.03855228163809637 -1.18190264656691 -0.1860972629887386 -5.492134588661218 -9.998628063756849 63.83274124771673
276 2.759999999999985 0.03849307481210652 -1.180508462666963 -0.1943157424399266 -5.51440997881984 -10.4808205384281 63.99055793366778
277 2.769999999999985 0.03845024411331507 -1.178939966799514 -0.2024779977112678 -5.531828439236467 -10.96311796984993 64.13834476101465
278 2.779999999999985 0.03844644028881516 -1.177105684626814 -0.2105856132608825 -5.548888744577137 -11.44603441585958 64.27077717675512
279 2.789999999999984 0.03840959798924157 -1.17556973299551 -0.2187558565740614 -5.567447872922804 -11.93555687950651 64.4189556196348
280 2.799999999999984 0.03837466315582214 -1.174058865125816 -0.2269238506649579 -5.587982174948649 -12.42786204407042 64.56797924884408
281 2.809999999999984 0.03833097493253915 -1.172209297571774 -0.2350305669583517 -5.605611938840671 -12.92029171775634 64.6976613754106
282 2.819999999999984 0.03833277251963797 -1.170565218352067 -0.2431754388206338 -5.625865208122732 -13.41799938189747 64.83789125921081
283 2.829999999999984 0.03831823665739061 -1.168878550439043 -0.2513226741888537 -5.644397893757754 -13.91909041418816 64.97513913567846
284 2.839999999999983 0.03834520079039147 -1.166940248566365 -0.2594146747977615 -5.663417569136876 -14.42044397625439 65.09751246320603
285 2.849999999999983 0.03833838923261215 -1.165275265953947 -0.2675707911257292 -5.683614883992316 -14.92842265604659 65.23459080711964
286 2.859999999999983 0.03832883449412879 -1.163267132997315 -0.2756387754404455 -5.701852851832202 -15.43469869232353 65.35170189038594
287 2.869999999999983 0.03827468038026715 -1.161557293634308 -0.2838006074012702 -5.722591357763191 -15.94904600614488 65.48506626507519
288 2.879999999999983 0.03829436297935409 -1.15949298689202 -0.2918551527509904 -5.741088792360904 -16.4611570449677 65.59734380840297
289 2.889999999999982 0.038269618700467 -1.157719439216393 -0.299973954348248 -5.761171452284595 -16.97958818494106 65.72554850916718
290 2.899999999999982 0.03830198725077368 -1.155490848801368 -0.3079930740368034 -5.778933907667421 -17.49602180187445 65.8268216563627
291 2.909999999999982 0.03829664662504854 -1.153599971779767 -0.3160998763997282 -5.79909008329115 -18.02039258192461 65.94671043044583
292 2.919999999999982 0.03830769673925599 -1.151594133564495 -0.324187493963829 -5.819001927065478 -18.54684641625948 66.05914873147974
293 2.929999999999982 0.0382674221006053 -1.149365133250519 -0.3322050167231745 -5.838548769364327 -19.07229772481102 66.15820044805159
294 2.939999999999981 0.03825853013079203 -1.147319963918881 -0.3402994059177523 -5.858312633067953 -19.60566622137 66.26678932264703
295 2.949999999999981 0.03829609474565385 -1.144989101704105 -0.3483005117275581 -5.877916784436681 -20.13665858202549 66.35792018318574
296 2.959999999999981 0.03826202161052626 -1.142855481814588 -0.3563800845772698 -5.898123506612208 -20.67521596706594 66.45987340080664
297 2.969999999999981 0.03827024216849279 -1.140156025693276 -0.3642985555025002 -5.917384320217 -21.20755209830368 66.52776933092269
298 2.97999999999998 0.03829447912523731 -1.137704951828902 -0.3722758673840257 -5.935416403330779 -21.74664483404151 66.60911318683254
299 2.98999999999998 0.0382766025289656 -1.135224597366853 -0.3802770411414279 -5.953803126651954 -22.29042882517576 66.68777641091457
300 2.99999999999998 0.03833934473077986 -1.132704660442888 -0.3882636020297794 -5.973237454058289 -22.83651506745744 66.76291233170114
301 3.00999999999998 0.03839443812205191 -1.130222611370393 -0.3962823957431498 -5.992016621608087 -23.38830117477339 66.83909655038924
302 3.01999999999998 0.03844091666945879 -1.127685264797863 -0.4042719961759383 -6.015758864031094 -23.94127070636416 66.91111404782529
303 3.029999999999979 0.03848391457535314 -1.125008856378017 -0.4122326185287326 -6.038356299628085 -24.49571255935067 66.97383196670899
304 3.039999999999979 0.03853154609153259 -1.122264494537225 -0.4201806245402875 -6.060091226172899 -25.052474500941 67.03144340527039
305 3.049999999999979 0.03856121252716239 -1.119483217338555 -0.428095905270214 -6.081795050665805 -25.61035009919075 67.08579711016965
306 3.059999999999979 0.03861201721356864 -1.116640666296888 -0.4360147593082767 -6.103370598621424 -26.17162648133728 67.13526783224125
307 3.069999999999979 0.03867719013836071 -1.113737567023363 -0.4439156978278777 -6.124763071202578 -26.73498416731788 67.17989551114528
308 3.079999999999978 0.03873662363869307 -1.110759409875061 -0.4517878701531942 -6.145918364165043 -27.29968649448614 67.2188524781338
309 3.089999999999978 0.03879200220314485 -1.107744281845281 -0.4596487968830329 -6.167067845801492 -27.86676585412726 67.25439248879749
310 3.099999999999978 0.03886564813191641 -1.104740577659304 -0.4675392825529987 -6.188618514536487 -28.43876894643411 67.28936520413966
311 3.109999999999978 0.03888799036912995 -1.101604778122907 -0.4753377513763435 -6.209586392040585 -29.00805560922657 67.31530690643676
312 3.119999999999977 0.03892743569600941 -1.098420544427625 -0.4831264439922207 -6.23060493375414 -29.57983669635157 67.33699311615766
313 3.129999999999977 0.03895557734242285 -1.095263184058327 -0.4909346213098877 -6.252025795509384 -30.15578416574017 67.3591176114229
314 3.139999999999977 0.03897196039719068 -1.092051148357317 -0.4987197503010893 -6.273402566836173 -30.73330555539273 67.37668882986554
315 3.149999999999977 0.03897214706356348 -1.088762133881253 -0.5064593183925875 -6.294524201392711 -31.31099350934787 67.38828606128429
316 3.159999999999977 0.03898563965282082 -1.08543047931056 -0.5142013054839791 -6.315725168167504 -31.89193359816166 67.39590561152961
317 3.169999999999976 0.03901284512575406 -1.082032966991619 -0.5219190372126208 -6.336785324543007 -32.47444261781946 67.39802931409804
318 3.179999999999976 0.03904709719907793 -1.078522147853195 -0.5295785898213902 -6.357383377416846 -33.05640223216191 67.39169540597051
319 3.189999999999976 0.03907170687424603 -1.074988391618014 -0.5372330605565174 -6.378066702313702 -33.64104635548286 67.38256005705031
320 3.199999999999976 0.03910333575823709 -1.071373434479797 -0.544850720152683 -6.398494876145482 -34.22642808261067 67.36687767718242
321 3.209999999999976 0.03910961487098732 -1.067620474443799 -0.5523894957126808 -6.41825578442968 -34.80977454362905 67.34116179575666
322 3.219999999999975 0.03916725217224248 -1.063825544211424 -0.5599345206297878 -6.438015901852221 -35.39667960193145 67.31110692551367
323 3.229999999999975 0.03922963106387821 -1.059922763392617 -0.5674102945377808 -6.457179085369385 -35.98216520047698 67.272675088539
324 3.239999999999975 0.0392569281185753 -1.055888731558774 -0.574808751131753 -6.475653387772789 -36.56557415471234 67.22451488231691
325 3.249999999999975 0.03930818737026347 -1.051798910869955 -0.5821894011416058 -6.493930903871792 -37.15084363852935 67.1710949192891
326 3.259999999999974 0.03933357850219445 -1.047606362815831 -0.5895112222571937 -6.511697517744704 -37.73517189707015 67.10961410683836
327 3.269999999999974 0.03937068757032074 -1.043316530908404 -0.5967810358593026 -6.528936935508826 -38.31910155190106 67.04018534260861
328 3.279999999999974 0.03938571937112673 -1.03892816473498 -0.603972097524996 -6.54561968159984 -38.90077920025208 66.96280823681373
329 3.289999999999974 0.03941948979025953 -1.034437966922386 -0.6111034430863571 -6.561837968789948 -39.4815114322628 66.87704713228638
330 3.299999999999974 0.03945618454132781 -1.029891240815808 -0.618197889698649 -6.577839278287795 -40.06269304622496 66.78584006810092
331 3.309999999999973 0.03948863507862996 -1.025288744261645 -0.6252478629221438 -6.593672970686687 -40.64377726254968 66.68924242151103
332 3.319999999999973 0.03951506425714148 -1.020665264259613 -0.6322718900391585 -6.60955224527964 -41.2259284015905 66.58950205968269
333 3.329999999999973 0.03953332238778971 -1.016011452412362 -0.639272239314704 -6.625507138895117 -41.8092631864968 66.48601280831522
334 3.339999999999973 0.03951416235803992 -1.01128846061028 -0.6461864608334041 -6.641139326029799 -42.38960507602394 66.3763363419686
335 3.349999999999973 0.03950679018209254 -1.006539501485455 -0.6530783468699701 -6.656839940307253 -42.97123441200461 66.2630584929866
336 3.359999999999972 0.03950456825534895 -1.001821246556445 -0.6599866357201865 -6.673034766924745 -43.55666947564018 66.14992546549621
337 3.369999999999972 0.0394730713989405 -0.9970305627699595 -0.6668273837236036 -6.688884274014385 -44.14024215646246 66.03027538122517
338 3.379999999999972 0.03938924963946469 -0.992168318395475 -0.6735942185041405 -6.704400619158052 -44.72149742247858 65.90425249087551
339 3.389999999999972 0.03939907634278305 -0.987324848681947 -0.6803932781375871 -6.720333157189934 -45.3078292597929 65.77712065406639
340 3.399999999999971 0.03937713080018673 -0.9824199924889889 -0.6871458778241931 -6.73610910368374 -45.89364422429176 65.64411232734197
341 3.409999999999971 0.03936452732991193 -0.977493389036928 -0.6938581043020168 -6.751896461673097 -46.47953964813845 65.50770263932166
342 3.419999999999971 0.0393391679093139 -0.9725564089892761 -0.7005771201928087 -6.768022231964721 -47.06838033027293 65.36867208768966
343 3.429999999999971 0.03931231821533734 -0.9675869293159297 -0.7072684158023774 -6.784121526971262 -47.65806032596532 65.22553927956163
344 3.439999999999971 0.03924794256170955 -0.9625894826295908 -0.7139061016766783 -6.800145653322725 -48.24664463119515 65.07868578623433
345 3.44999999999997 0.03925018246396735 -0.9575715294406377 -0.7205919017818065 -6.816433864225755 -48.84129751114089 64.92817060748085
346 3.45999999999997 0.03924685102865517 -0.9525024628353567 -0.7272074602324107 -6.832465129707574 -49.43380224037936 64.77220224810836
347 3.46999999999997 0.03923529706188949 -0.9473931322184346 -0.7337926028048138 -6.848401296157897 -50.02681062094978 64.61151275870955
348 3.47999999999997 0.03921103761018974 -0.9422006202060189 -0.7403021183738145 -6.863810349014993 -50.61723818497148 64.44320528347507
349 3.48999999999997 0.03919251034478275 -0.936962618287233 -0.7467850067535072 -6.879041720946858 -51.20839271893998 64.26968025690201
350 3.499999999999969 0.0391760646016354 -0.9316753981694268 -0.75322033043264 -6.893968970931996 -51.79884234888125 64.09069325204391
351 3.509999999999969 0.03912800310364738 -0.9263272242769006 -0.7596190131841573 -6.908622342272465 -52.38922262738439 63.90553475439258
352 3.519999999999969 0.03909800825842236 -0.9227562930701568 -0.7675084184914566 -6.935046266021889 -53.08092273880331 63.8358645979265
353 3.529999999999969 0.03911129600632921 -0.9178703420572971 -0.7743196524484484 -6.953079562848258 -53.70421606387937 63.67719192007376
354 3.539999999999969 0.03912245583118081 -0.9129461390639518 -0.7811548778241447 -6.971251745571474 -54.33167966600798 63.51388369671548
355 3.549999999999968 0.03914420360310965 -0.9080086088955237 -0.7879762707841073 -6.989511274941956 -54.96089031153495 63.3475759484877
356 3.559999999999968 0.03916753958055757 -0.9030653539884879 -0.794809775787371 -7.00801725141741 -55.59354629636549 63.17891413619589
357 3.569999999999968 0.03915530935939823 -0.898093885039561 -0.8016120644522499 -7.026620270911774 -56.22653660224817 63.00642815036903
358 3.579999999999968 0.03914296324282962 -0.8931042983239933 -0.8084216086314869 -7.045423962548347 -56.86259111524578 62.83076158353946
359 3.589999999999967 0.03915796553966589 -0.8881396021766002 -0.815279429601292 -7.064814729266087 -57.50473832917837 62.65470205228459
360 3.599999999999967 0.03914390646371175 -0.8831458410831987 -0.8221204412896208 -7.084347168691712 -58.14823639515696 62.47485349491509
361 3.609999999999967 0.03910760179303439 -0.8781000527567842 -0.8289304183479367 -7.103930321291142 -58.7920825870775 62.2894500935824
362 3.619999999999967 0.03906099941357744 -0.8730513370556905 -0.8357398116604625 -7.123512840983132 -59.43847911788366 62.10194640232193
363 3.629999999999967 0.03902212690218181 -0.8679211169787162 -0.8424880971286925 -7.142902212698635 -60.08325233431212 61.90661762623818
364 3.639999999999966 0.03893485003909844 -0.8626725138083347 -0.8490844746516524 -7.161338904186082 -60.71989686809383 61.70116350925552
365 3.649999999999966 0.03898031242005601 -0.8576519772217445 -0.8561090197725936 -7.182836743497385 -61.38940125129572 61.50898648065527
366 3.659999999999966 0.03892649909840455 -0.8523824724368541 -0.8627711662672862 -7.202015814813644 -62.03587941799596 61.29769387345335
367 3.669999999999966 0.03887880167740851 -0.8471045495004212 -0.8694759502031795 -7.221522655346696 -62.68795834517113 61.08363421214964
368 3.679999999999966 0.03892039093008911 -0.8418510569333817 -0.8762594779794233 -7.241726375844033 -63.34850838971617 60.86872055490541
369 3.689999999999965 0.03895658791280806 -0.8365061778981777 -0.8829619254969212 -7.261493147289054 -64.00587942807732 60.64519146340383
370 3.699999999999965 0.03898921005090949 -0.8310171409495484 -0.8895734314876957 -7.280532123791605 -64.65927467854861 60.40926344513158
371 3.709999999999965 0.03902543706272883 -0.8256616996110305 -0.8962512289672232 -7.300182034528436 -65.31992704750009 60.18060431860616
372 3.719999999999965 0.03906502845160396 -0.8201045054503832 -0.9028212695169489 -7.318936230218979 -65.97543738804933 59.9352860849955
373 3.729999999999964 0.03904598442822602 -0.8144525828038975 -0.9092712845691568 -7.336861441038282 -66.624659003161 59.68117196720992
374 3.739999999999964 0.03911890163087984 -0.8087043381009762 -0.9157020729678471 -7.354493401014978 -67.2751533707936 59.41730336342617
375 3.749999999999964 0.03917507620830794 -0.8029007109297636 -0.9220520563277169 -7.371722308091385 -67.92219646756418 59.14717687805172
376 3.759999999999964 0.03923548243856467 -0.7971048035914617 -0.9284558178088064 -7.389323607781042 -68.57560527118679 58.87524874161976
377 3.769999999999964 0.03914182797162147 -0.7896286864195524 -0.9328937618633527 -7.39330719780201 -69.09082321241259 58.48186139915664
378 3.779999999999963 0.03917153815691973 -0.7831994252305321 -0.9385679677734287 -7.406142299349981 -69.69618450008524 58.15945622617103
379 3.789999999999963 0.03919319253979034 -0.7766961812852768 -0.9441344312306741 -7.418465798815126 -70.29592496622813 57.82920098472059
380 3.799999999999963 0.03923689288779804 -0.7701832065703844 -0.9497413625636507 -7.431277821142976 -70.90094814618372 57.49560842608503
381 3.809999999999963 0.03927902012276301 -0.7636181506791004 -0.9552645581041234 -7.443795358637598 -71.50193784573682 57.15563052581455
382 3.819999999999963 0.03929549248961087 -0.7570323607259193 -0.9607507141606016 -7.456330884514457 -72.10226250469108 56.81167770129326
383 3.829999999999962 0.03931881353471704 -0.7504253069866944 -0.9662322488923092 -7.469059698171454 -72.70437641453564 56.46354847515498
384 3.839999999999962 0.03935262082135069 -0.7438062183384661 -0.971674028942483 -7.481784943921205 -73.30566565457137 56.11185433849766
385 3.849999999999962 0.0393430574178054 -0.7371430190384349 -0.9770859689273117 -7.494449206710128 -73.90672430368329 55.75445021049502
386 3.859999999999962 0.03935593092461574 -0.730412533568911 -0.9823924528771246 -7.506590977232362 -74.50197913877341 55.38918034779517
387 3.869999999999961 0.03937754958558957 -0.7236418312169083 -0.9876589749960121 -7.518583984191727 -75.0963053978262 55.01812924883744
388 3.879999999999961 0.03942202860018446 -0.716828326380787 -0.9928761860315946 -7.530366617144282 -75.68900326464025 54.64100536160083
389 3.889999999999961 0.03945946705863522 -0.7099641209479058 -0.9980356619439312 -7.541908128603901 -76.27933022921984 54.25734092050077
390 3.899999999999961 0.03952409870094078 -0.703068071542986 -1.003141313868072 -7.553217245932856 -76.86762558463795 53.86836700694436
391 3.909999999999961 0.03953548305557639 -0.6960862450859365 -1.008146019234062 -7.563897110278686 -77.45006855043015 53.47035301727384
392 3.91999999999996 0.0395890840265913 -0.6890426439096743 -1.013062163324956 -7.574040293209491 -78.02776682395739 53.06461031461304
393 3.92999999999996 0.03963877146578663 -0.681932503608112 -1.017880610004561 -7.58359615126617 -78.59985982136644 52.65097271357646
394 3.93999999999996 0.03967818957746772 -0.6747530206567574 -1.022578709318781 -7.592353091480171 -79.164524183537 52.22921481698102
395 3.94999999999996 0.03972856142646567 -0.6675165125735372 -1.027202354617346 -7.600696058128308 -79.72530406916312 51.80013456871465
396 3.95999999999996 0.03979039707818516 -0.6602402438931005 -1.031767655031932 -7.608691275932657 -80.28339789913097 51.36504346086829
397 3.969999999999959 0.03981219363664267 -0.6528772500455281 -1.036178525203775 -7.615780128639329 -80.83118221431522 50.92052155735889
398 3.979999999999959 0.03987665521363831 -0.6454772225990163 -1.040531584636049 -7.622594695958408 -81.3762971289301 50.46996630767767
399 3.989999999999959 0.03992246747394101 -0.6380201938210186 -1.044782382980123 -7.628850344764755 -81.9150935860235 50.01212545001588
400 3.999999999999959 0.039978597377861 -0.6305291702055381 -1.048959371534605 -7.634858058550862 -82.44980728400419 49.54860921077817
401 4.009999999999959 0.04000413307583604 -0.6230098416789535 -1.053073447076763 -7.640620162209704 -82.98116246761676 49.08007582967765
402 4.019999999999959 0.04006392994828759 -0.6155036904698825 -1.057162570712013 -7.646575168384141 -83.51222669491898 48.60941584848133
403 4.029999999999959 0.04005878137644911 -0.6079067991111743 -1.061125884332611 -7.651937343744651 -84.03485939034293 48.12912904841088
404 4.039999999999958 0.0400982854550858 -0.6003860929704683 -1.065118738866152 -7.657900930816049 -84.56141975053676 47.6515226666451
405 4.049999999999958 0.04008585951507083 -0.5928267916058564 -1.06905279471468 -7.663723805177495 -85.08480801986637 47.16827072559801
406 4.059999999999958 0.04007186155742485 -0.5852545402044622 -1.072975232810609 -7.669766480020037 -85.60879362248433 46.681076856392
407 4.069999999999958 0.04001517427019738 -0.5776629332962507 -1.076801770674007 -7.675499112223089 -86.1266212664824 46.18954860799285
408 4.079999999999957 0.04000640330313599 -0.5700945845769066 -1.080646274534081 -7.681610475980301 -86.64748611476359 45.69662442550209
409 4.089999999999957 0.04002164666823978 -0.5624764746044028 -1.084415351690744 -7.687428398596369 -87.16386024709257 45.1965789582995
410 4.099999999999957 0.04000620774710122 -0.5547537170090491 -1.088034589734351 -7.692541530800432 -87.66972679655871 44.68536286994249
411 4.109999999999957 0.04004670490143611 -0.5472621407612765 -1.091888850180191 -7.699424803223991 -88.19578508151038 44.18907657886379
412 4.119999999999957 0.04002719740038659 -0.5395713324716572 -1.095496213079109 -7.70488289331352 -88.70355033765567 43.67431034377711
413 4.129999999999956 0.03998208128271333 -0.5318610567064986 -1.099044817748831 -7.710117141574067 -89.20787938760807 43.15502534424878
414 4.139999999999956 0.03998085150186721 -0.5241423065357985 -1.102553115189576 -7.715167645354851 -89.71039877647486 42.63178813144113
415 4.149999999999956 0.03987059314646227 -0.5162208210509998 -1.10552211094594 -7.716971819947605 -90.17088138378108 42.08978276384964
416 4.159999999999956 0.040073813851583 -0.5087181309550581 -1.109596992475446 -7.725814466989584 -90.72158250291616 41.57644392959779
417 4.169999999999956 0.04000372800714468 -0.5008637364998523 -1.112763154768638 -7.729077869640751 -91.2004076654225 41.03336452767639
418 4.179999999999955 0.03999467735209944 -0.4930337090032176 -1.116012948893627 -7.732982208082324 -91.68719115493981 40.48875245482915
419 4.189999999999955 0.03997899832423941 -0.4851879774255414 -1.119253900176561 -7.736900235816144 -92.17446102549057 39.9397636857549
420 4.199999999999955 0.03997104231010637 -0.4773087807600607 -1.122371633348575 -7.740220541633534 -92.65285750369712 39.38488202440512
421 4.209999999999955 0.0399801112687253 -0.4694143528190783 -1.125468289914426 -7.743580438568806 -93.13076686125227 38.82553104097014
422 4.219999999999954 0.03998068370143944 -0.4614975982805652 -1.128519682421237 -7.746862094159016 -93.6061094545633 38.26126354062922
423 4.229999999999954 0.03997108379217851 -0.4535820502879953 -1.131577852192856 -7.75043706812229 -94.08318632229179 37.69405151939798
424 4.239999999999954 0.03996170094863857 -0.4456607002163287 -1.134643947087616 -7.75436057746725 -94.5621232204509 37.123275721201
425 4.249999999999954 0.03989345411142264 -0.4377393284948112 -1.137616364647287 -7.758035020999272 -95.03434356450705 36.54973331833926
426 4.259999999999954 0.03982004625319208 -0.4298026326117409 -1.140591954985716 -7.76199911879302 -95.50797039686127 35.9718553279885
427 4.269999999999953 0.03963371607897026 -0.4210470027380127 -1.141267020338431 -7.752410251849598 -95.79594155950639 35.32512019624228
428 4.279999999999953 0.03957092785594112 -0.4128513350317763 -1.143500909413083 -7.75247134686781 -96.21087040286761 34.71961698546085
429 4.289999999999953 0.03946481912757901 -0.4046774667307159 -1.145648812867004 -7.752269522792829 -96.61953558833535 34.11303456444453
430 4.299999999999953 0.0393471640037537 -0.3964318070038994 -1.147637893436769 -7.751227755770538 -97.01571582561675 33.49725759576884
431 4.309999999999953 0.03924082661268491 -0.3881856828033523 -1.14962526619222 -7.75044044373819 -97.4126513837618 32.8780755560409
432 4.319999999999952 0.03916521901907407 -0.3799337777857923 -1.151535309112665 -7.749343874907952 -97.80381614046851 32.25491333944623
433 4.329999999999952 0.03907152127228782 -0.37166067719025 -1.15330997574397 -7.747657714973697 -98.18428194844022 31.62681111573592
434 4.339999999999952 0.03900277521290262 -0.3633809966320439 -1.155073758693584 -7.746107928122493 -98.56459855359576 30.99467178233911
435 4.349999999999952 0.03893668831704048 -0.3550890048272459 -1.156761008908715 -7.74431405120269 -98.93909221904821 30.35817245513704
436 4.359999999999951 0.03886411952666172 -0.3468158507629834 -1.158444928978063 -7.742642026783813 -99.31386919388692 29.72001630820409
437 4.369999999999951 0.03883145882376078 -0.3385064627467397 -1.160080590490542 -7.740779899543337 -99.68524841883419 29.07518313798569
438 4.379999999999951 0.03877585112256954 -0.3301948271587302 -1.161569070935272 -7.738158346476652 -100.0446020371168 28.42699701174909
439 4.389999999999951 0.03873855427842485 -0.3218740308421956 -1.163036324260586 -7.735462325637179 -100.4027042625826 27.77459341081182
440 4.399999999999951 0.03871972075119098 -0.3135406582188168 -1.164469647750493 -7.732615594846592 -100.7583661241229 27.11767213052515
441 4.40999999999995 0.03867650154489602 -0.3052035064201724 -1.165777220439596 -7.729182535282489 -101.1037878409162 26.45720270072914
442 4.41999999999995 0.03867103822564961 -0.2968485291174923 -1.167061925893962 -7.725692002686956 -101.4477962685909 25.79168564202197
443 4.42999999999995 0.03862425331956365 -0.2884784792353144 -1.168183837966906 -7.721475327960896 -101.7780511288401 25.12174442147708
444 4.43999999999995 0.03861273120645479 -0.2801122108026639 -1.169357472968484 -7.717678885843294 -102.1132726539305 24.44862165370887
445 4.44999999999995 0.03862355171958923 -0.2717605684617571 -1.170522013154583 -7.714161075526727 -102.4481317666762 23.77327164744545
446 4.459999999999949 0.03858576690910834 -0.2634005375660262 -1.171610293344587 -7.710373873709579 -102.7767384804053 23.09424785405971
447 4.469999999999949 0.03858667827245994 -0.2550544461318735 -1.172746371393015 -7.707194804591616 -103.109962515091 22.41287945413333
448 4.479999999999949 0.03851394845338705 -0.2467078392811468 -1.17381422640664 -7.703855491334684 -103.437547639875 21.72870098338019
449 4.489999999999949 0.03848217358665396 -0.2383727546388889 -1.17477672892581 -7.700201875452214 -103.7563752119205 21.04197385964648
450 4.499999999999948 0.03843573703322146 -0.2300200178209513 -1.175769044768709 -7.696912195425805 -104.0781688814352 20.35052468454421
451 4.509999999999948 0.03839492906782895 -0.2216810353018358 -1.17671461945511 -7.693553783627049 -104.3962129090205 19.65690895737725
452 4.519999999999948 0.03837711327510471 -0.2133623207687044 -1.177617571750226 -7.690167845594424 -104.7108854215541 18.96158813348719
453 4.529999999999948 0.03834692530449644 -0.2049866367957551 -1.17841494193988 -7.686351870136831 -105.0165336684064 18.2580733954481
454 4.539999999999948 0.0383342427392582 -0.1966110846290782 -1.179221221746185 -7.6827248685934 -105.3232809247023 17.55108540035446
455 4.549999999999947 0.03831086420021922 -0.1882281796951494 -1.179899570099488 -7.678550987122461 -105.618956833436 16.84017505990984
456 4.559999999999947 0.03839639932607405 -0.1798528337999578 -1.180655670128179 -7.67504732715492 -105.921856837621 16.12593682793004
457 4.569999999999947 0.0384356414046398 -0.1714757518548923 -1.181294547815632 -7.671059463059323 -106.2146179286208 15.4084755672489
458 4.579999999999947 0.03849415620977396 -0.1630926804333657 -1.181906944479843 -7.667047999138254 -106.5052114614912 14.68702769150656
459 4.589999999999947 0.03855521366533009 -0.1547153660246996 -1.182411892600626 -7.662547143277956 -106.7863520196642 13.96270722564463
460 4.599999999999946 0.03861071272580047 -0.1463244627524473 -1.182841637791314 -7.65765508318067 -107.0609207497207 13.23389844062199
461 4.609999999999946 0.03869188333733664 -0.1379205918138203 -1.183101191412489 -7.651794111340956 -107.3203300244032 12.50041226244822
462 4.619999999999946 0.03879269715864663 -0.1295110016862783 -1.183328620594348 -7.645771690961852 -107.5768221594687 11.76296430589342
463 4.629999999999946 0.03881158882511761 -0.1210969684592542 -1.183435905504053 -7.639150696138937 -107.8224393556346 11.02220109520141
464 4.639999999999946 0.03898148342119561 -0.1126895365310101 -1.183430873086873 -7.631941835586679 -108.058004829298 10.2778359642429
465 4.649999999999945 0.03904468406171694 -0.1042616373336633 -1.183388416488806 -7.624568051883757 -108.2900705585624 9.528851418603324
466 4.659999999999945 0.03914941168978329 -0.09586130068808495 -1.183118688057339 -7.616093826457691 -108.501426936642 8.778754050786185
467 4.669999999999945 0.03925402478734189 -0.08744552481294339 -1.182850214193687 -7.607648478269896 -108.7126687573103 8.023949505880084
468 4.679999999999945 0.03935566162404754 -0.07904962461056972 -1.182437700359162 -7.598615020813471 -108.9106410464027 7.267618959298092
469 4.689999999999944 0.03942257519911393 -0.07065969712940606 -1.181959860078747 -7.589377518661397 -109.1024138463829 6.508748348205748
470 4.699999999999944 0.03948668735064222 -0.06228329415383689 -1.181416559545657 -7.579995241167659 -109.2879977330299 5.74784896964257
471 4.709999999999944 0.03957788991078268 -0.05393132123344515 -1.180854145720893 -7.570765793615077 -109.4715817411323 4.985736215588133
472 4.719999999999944 0.03957120001828029 -0.04560301838716461 -1.180026737809983 -7.560209268474996 -109.6304763946416 4.223131354108463
473 4.729999999999944 0.0396493754696481 -0.03726548809727367 -1.179209960374831 -7.549965852484562 -109.7900466647505 3.455865119654434
474 4.739999999999943 0.03966133023866855 -0.02896802211204296 -1.178319760289286 -7.539517171313463 -109.9424140423441 2.6894056474213
475 4.749999999999943 0.03968337364347847 -0.02070113071952834 -1.177326576961875 -7.528641740198551 -110.0848317468616 1.922419306279259
476 4.759999999999943 0.03962191869506981 -0.01245475224864677 -1.176199089030213 -7.517215457270794 -110.2143351143764 1.154468892290531
477 4.769999999999943 0.039550492508017 -0.00423465931518555 -1.177596411806495 -7.520259189992724 -110.5731578658923 0.3856772209103052
478 4.779999999999943 0.03956153605094027 0.004000252698042596 -1.177214594496895 -7.513455907845239 -110.7704419438787 -0.3881673436511366
479 4.789999999999942 0.0395801111978696 0.01221975762588565 -1.176804353848796 -7.506695698919451 -110.9647918794764 -1.163912012722588
480 4.799999999999942 0.03960495605832631 0.0204245438549166 -1.176281877669284 -7.499476396174135 -111.1483532347616 -1.94157993766864
481 4.809999999999942 0.03960075614562621 0.02862094092147501 -1.175862939319424 -7.492971251421749 -111.3414189865558 -2.721595089483085
482 4.819999999999942 0.03956097504927686 0.03678967240589436 -1.17523744095053 -7.485333019407991 -111.5146672852637 -3.502001590405611
483 4.829999999999941 0.03961153298345613 0.04497893127943119 -1.174588992528286 -7.477690692505141 -111.685497267694 -4.288141405475036
484 4.839999999999941 0.03965107652703741 0.05314394050365669 -1.173889173837014 -7.469849612816439 -111.8511089718745 -5.07515254046305
485 4.849999999999941 0.03966984846265018 0.06129729476994109 -1.173123863907257 -7.46173517605651 -112.0101405427166 -5.864175215505623
486 4.859999999999941 0.03970645424981056 0.06943898890432255 -1.172303420987541 -7.453391296379311 -112.1635684617676 -6.655415817633196
487 4.869999999999941 0.03973008100166894 0.07757061454215268 -1.171434207173329 -7.444813543550468 -112.3119552399934 -7.448841687299009
488 4.87999999999994 0.03972371701410962 0.08570724080307109 -1.170501863612628 -7.436029309430732 -112.4538768697019 -8.245792612092981
489 4.88999999999994 0.03973481841101709 0.09381526363968841 -1.169496976238224 -7.427042066665049 -112.5884407138901 -9.043329060028231
490 4.89999999999994 0.03976293790257546 0.1019276639566869 -1.168482863266267 -7.418205337673144 -112.7216881610399 -9.844587431821575
491 4.90999999999994 0.03977766011480205 0.1100247688018382 -1.167431847312326 -7.409415794169399 -112.8509424956298 -10.64747581970017
492 4.91999999999994 0.03978625928860458 0.1181227516268229 -1.166418717322712 -7.401110720647567 -112.9834145168494 -11.45358409458093
493 4.929999999999939 0.0397907616488947 0.1262103234565907 -1.165378054362306 -7.392944074740016 -113.1128100748494 -12.26179298588142
494 4.939999999999939 0.0397259460727756 0.134288404257828 -1.164300451754232 -7.384872500855791 -113.2381716561397 -13.07183423167685
495 4.949999999999939 0.03970479638812453 0.1423724920734293 -1.163275385230669 -7.377394200309997 -113.3682107524947 -13.88583413853462
496 4.959999999999939 0.03964906264679083 0.1504358910542171 -1.162177784556914 -7.369701862560178 -113.4907760270569 -14.70076955317548
497 4.969999999999938 0.03959765579046209 0.1584991781401974 -1.161086417037451 -7.362383735571798 -113.6134930755081 -15.51887198715327
498 4.979999999999938 0.03952887420942765 0.1665592379570864 -1.159953294092221 -7.354968665703009 -113.7316852299292 -16.33974231639061
499 4.989999999999938 0.03945878413440183 0.174583623117205 -1.158760121454833 -7.347419703311086 -113.8435206153291 -17.16030256222517
500 4.999999999999938 0.03941175074429771 0.1826767705162399 -1.157577915770318 -7.340167098378405 -113.9559385628784 -17.99092963275145
501 5.009999999999938 0.03938876670157836 0.1907574738082792 -1.156410631688975 -7.333216145475764 -114.0693130499598 -18.82364177334276
502 5.019999999999937 0.03936080357247838 0.1988127556508372 -1.155140184996144 -7.32585522992184 -114.1720559390506 -19.65704818903811
503 5.029999999999937 0.03933325484818415 0.2068754234498187 -1.153862373375617 -7.318589189863332 -114.2735316641898 -20.49435990815913
504 5.039999999999937 0.03930484059892261 0.2149303500169204 -1.152521146475996 -7.311098164383928 -114.3682137849738 -21.3340769041904
505 5.049999999999937 0.0392564444165819 0.2229468435183744 -1.151061046361524 -7.302938177943452 -114.4505648981862 -22.17304207473473
506 5.059999999999937 0.03924007477902958 0.2309961944718634 -1.14953029981787 -7.294447465073899 -114.5252833161139 -23.01862061452705
507 5.069999999999936 0.03923003414345647 0.2390176394444104 -1.147931828706415 -7.28561770215379 -114.5926281422129 -23.86462828068973
508 5.079999999999936 0.0392222669819517 0.2470346885455602 -1.14627058032634 -7.276519392399229 -114.6530707691949 -24.71337456369123
509 5.089999999999936 0.03920638808501101 0.2550370989252801 -1.144523655732526 -7.267014643429874 -114.7042692921146 -25.56376907418198
510 5.099999999999936 0.03918547366344903 0.263018329915393 -1.142672796096903 -7.256986516697595 -114.7443523312833 -26.41517499598068
511 5.109999999999935 0.03917639120518055 0.271003831380243 -1.140783214348902 -7.246891406364345 -114.7797966612272 -27.27022376531521
512 5.119999999999935 0.03919884238524277 0.2789879790209143 -1.138893864792282 -7.237053462202458 -114.8144811828249 -28.12845926257443
513 5.129999999999935 0.03921707636315426 0.28695722237841 -1.136951687677994 -7.227102225137778 -114.84309106975 -28.98829726439806
514 5.139999999999935 0.03921733499363739 0.2949227541001396 -1.134979662242625 -7.21724356506314 -114.8679243988736 -29.85077389441583
515 5.149999999999935 0.03921372172607317 0.3028875662367198 -1.133004746551535 -7.207651442581619 -114.8916777382988 -30.71625131601902
516 5.159999999999934 0.03919075075856467 0.310872740964905 -1.13102842238966 -7.19833518870795 -114.914514012911 -31.58675985780105
517 5.169999999999934 0.03914232731723506 0.3188147297679729 -1.129046942805566 -7.189176198276662 -114.9360626403247 -32.45583695803298
518 5.179999999999934 0.03912858581509975 0.3267367616364436 -1.126947519369404 -7.179611988963772 -114.9448237920447 -33.32620141981695
519 5.189999999999934 0.03909474584352932 0.3346760699179664 -1.124872182346284 -7.170364924299191 -114.9552001004998 -34.20130970461433
520 5.199999999999934 0.03907768812611978 0.342602989415503 -1.122746134856144 -7.161018992291326 -114.959552371445 -35.07838651145872
521 5.209999999999933 0.03905922724919953 0.3505275719925253 -1.120575035490531 -7.151621991794562 -114.9584534679889 -35.95834572638835
522 5.219999999999933 0.03903002360014786 0.3584223122562315 -1.118296502295146 -7.141829721816756 -114.9454618496018 -36.83835333889097
523 5.229999999999933 0.03906306302867963 0.3663596917959766 -1.116109099790694 -7.132753355185227 -114.9408618289326 -37.72618444167427
524 5.239999999999933 0.0391117089789541 0.3742619055770306 -1.113800411405911 -7.12316556581387 -114.9228706527163 -38.61363228697473
525 5.249999999999932 0.03915898320651338 0.3821645682472935 -1.111458481751849 -7.113517433170475 -114.9005162407176 -39.50423155016966
526 5.259999999999932 0.03914731752372601 0.3900460814128098 -1.109049392667897 -7.10360169771129 -114.8703034754545 -40.39544461580017
527 5.269999999999932 0.03904104482597431 0.3987575805783012 -1.108963808497933 -7.107092253490719 -115.0734276790152 -41.37276751886939
528 5.279999999999932 0.039031867403439 0.4069669547760302 -1.10733175156016 -7.102330267979791 -115.1206667371593 -42.30364491159344
529 5.289999999999932 0.03906733879109604 0.4150763197256772 -1.105407687021407 -7.095227508802243 -115.1367489088942 -43.22752597248764
530 5.299999999999931 0.03909339383370151 0.4231697931149001 -1.10340587841224 -7.087775365936105 -115.143910475623 -44.15285722292145
531 5.309999999999931 0.03917594778036618 0.4313396869849852 -1.101433321440361 -7.080700930674575 -115.1532418327999 -45.08965814407144
532 5.319999999999931 0.03916394929085053 0.4394244536822233 -1.09928537534829 -7.072598314331986 -115.1435688105393 -46.02016347590171
533 5.329999999999931 0.03922239270321556 0.4475148660272854 -1.097076374653667 -7.064246921292844 -115.126544527211 -46.95483260371124
534 5.339999999999931 0.03922652149668211 0.4555833664634762 -1.094776452750731 -7.055463390309443 -115.0990893304498 -47.89006030800865
535 5.34999999999993 0.03927976319690846 0.4636056317311485 -1.092382072914542 -7.046248398473615 -115.0607630168096 -48.82384981522817
536 5.35999999999993 0.03931145947682994 0.4715846899056422 -1.089868695066498 -7.036494255025596 -115.008972834394 -49.75609136772631
537 5.36999999999993 0.03933747342605923 0.4795950662518113 -1.087352455427109 -7.026912869497712 -114.9557555484248 -50.69463667541723
538 5.37999999999993 0.03936577962246422 0.4875914631606454 -1.084822248492015 -7.017581532577508 -114.9001464640067 -51.63490417701641
539 5.38999999999993 0.03929960650476725 0.4955526587063938 -1.082176235057747 -7.007725146773312 -114.8313515001441 -52.57390867942223
540 5.399999999999929 0.03937087592501554 0.5034981756075171 -1.079534231132347 -6.998179301734028 -114.7619075894361 -53.51511009797994
541 5.409999999999929 0.03932805656121141 0.5113354130879737 -1.07666659229694 -6.986703677215257 -114.6673349985813 -54.44746134266661
542 5.419999999999929 0.03930398635711461 0.5192380667163791 -1.073886747119227 -6.976757976741461 -114.581065280396 -55.38971157013869
543 5.429999999999929 0.03929430902291638 0.5271181344438917 -1.071059802886348 -6.966725250312533 -114.4886893594667 -56.33282014926196
544 5.439999999999928 0.03926530406911753 0.5349496127144493 -1.068146850955694 -6.956348661433227 -114.3859966216937 -57.27365811442626
545 5.449999999999928 0.03921227736765986 0.5427184508631753 -1.065118176954006 -6.945465636800771 -114.2698342179808 -58.21080483404103
546 5.459999999999928 0.03922719784157901 0.5505530871762252 -1.062123148699486 -6.935022439580126 -114.1559551194143 -59.15836128974934
547 5.469999999999928 0.03922925626177268 0.5583090057765046 -1.059001414830769 -6.924067949363272 -114.0273562110679 -60.10053224067291
548 5.479999999999928 0.03929031160250988 0.5661112343998624 -1.055925676267171 -6.913569679354427 -113.9023270249375 -61.05100208568984
549 5.489999999999927 0.03925058536196788 0.5738074962830562 -1.052676003657946 -6.902161835552277 -113.757501167159 -61.9925932971142
550 5.499999999999927 0.03926128747164061 0.5815441560161316 -1.049428041020199 -6.890948244792758 -113.6114800289104 -62.94178083787926
551 5.509999999999927 0.03927144903999084 0.5892423619121079 -1.046049192457805 -6.879083468995386 -113.4501195207176 -63.88978083115207
552 5.519999999999927 0.03929062215662725 0.5956663695201164 -1.040535101080095 -6.855018541672396 -113.0615404710126 -64.70607100855251
553 5.529999999999927 0.03929877955115243 0.6028725633176916 -1.036383522187273 -6.838880095300008 -112.8145858041346 -65.6074187207165
554 5.539999999999926 0.03930287031157263 0.6100328689791823 -1.032143479933845 -6.822340670166036 -112.5564964801284 -66.50665290551537
555 5.549999999999926 0.03930317583423996 0.6171708475837195 -1.027856649188097 -6.805653555898055 -112.2916793979852 -67.40627571152162
556 5.559999999999926 0.03934429280134488 0.6243055970812827 -1.023530670709984 -6.788938689753845 -112.0209005330503 -68.30859519244835
557 5.569999999999926 0.03929071001588157 0.6313369298494017 -1.019097781151172 -6.771709223180804 -111.7368322336653 -69.20194896096915
558 5.579999999999925 0.03927947557834669 0.6383192732158743 -1.014559219088264 -6.75407063489064 -111.4394451093547 -70.09295557094494
559 5.589999999999925 0.03928653738283708 0.6452933129636561 -1.010010795496379 -6.736618093957395 -111.1392077547306 -70.98589569422377
560 5.599999999999925 0.0392707787342337 0.6522188621811372 -1.005394910865256 -6.719015414988313 -110.8298288747495 -71.87612256263898
561 5.609999999999925 0.03925334176459418 0.6591692870362039 -1.000787116477553 -6.701838635010672 -110.5196182088496 -72.77177880297731
562 5.619999999999925 0.03919431593711754 0.666064070399163 -0.9961473865033693 -6.684671250564578 -110.2040932400216 -73.6637891633651
563 5.629999999999924 0.03913179465186784 0.6729294382330475 -0.9914446520841977 -6.667404224336056 -109.8798720717572 -74.55522709496223
564 5.639999999999924 0.03909325834834861 0.6797796700569612 -0.9867338785285705 -6.650321788402758 -109.5528969303813 -75.44781099217235
565 5.649999999999924 0.0390279095240312 0.6866098352410285 -0.9819913705391463 -6.633304584397647 -109.2205939818764 -76.34072135087712
566 5.659999999999924 0.03897092588911179 0.6933978667246434 -0.9771914417951547 -6.616127756635005 -108.8800436267941 -77.23168972467867
567 5.669999999999924 0.0389046584504388 0.7001979959452114 -0.9723975256293724 -6.599270459490091 -108.538276287276 -78.12663849926862
568 5.679999999999923 0.03881982575065961 0.7069532492214552 -0.9675566759371718 -6.582310083585495 -108.1893980054238 -79.01917413031684
569 5.689999999999923 0.03880709680976802 0.7137520767559242 -0.962709181011441 -6.565592889028894 -107.8377739289752 -79.91962771359623
570 5.699999999999923 0.03878001560330562 0.7205071067271406 -0.9578168959681919 -6.548747813994408 -107.4792166253289 -80.81777398769242
571 5.709999999999923 0.03875571560386091 0.727231396792171 -0.9528788637528243 -6.531809238986926 -107.113586822911 -81.71515815865006
572 5.719999999999922 0.03873125495707973 0.7339150732859722 -0.9478861674047259 -6.514628145833707 -106.7398586911477 -82.61062284700013
573 5.729999999999922 0.03869449887570431 0.7405433199828587 -0.9428140685302396 -6.497028334062424 -106.3552328018048 -83.50241531314245
574 5.739999999999922 0.03866671863106133 0.7471278971928123 -0.9376872943056607 -6.479169059887961 -105.9624247630513 -84.391934441327
575 5.749999999999922 0.03863748447325953 0.7536666483290366 -0.9324732201908514 -6.460824773373307 -105.5577075806875 -85.27885496094555
576 5.759999999999922 0.03861555780113769 0.7601579458825524 -0.927204105676357 -6.442213205805776 -105.1446905850495 -86.16301472258516
577 5.769999999999921 0.03860317379222934 0.7666119714881404 -0.9218761895168912 -6.423369291520696 -104.7229030106056 -87.04555487186772
578 5.779999999999921 0.03858725998899688 0.7729986386768113 -0.9164641903449798 -6.404125127174836 -104.289466245724 -87.92297322603737
579 5.789999999999921 0.03860125051235769 0.77942331099499 -0.9110616583944897 -6.385145842028519 -103.854911473741 -88.80736651027212
580 5.799999999999921 0.0385802515232053 0.7857994152912429 -0.9056371573887548 -6.366194760782388 -103.4157414002288 -89.68855364950903
581 5.809999999999921 0.03854690839740223 0.7920952557243285 -0.9001160447978352 -6.346843584513342 -102.9634445627489 -90.56305475957809
582 5.81999999999992 0.0385424050441189 0.7984084052303069 -0.8946052377488916 -6.327816407874371 -102.5101204418666 -91.44211886783407
583 5.82999999999992 0.03852761120671779 0.8047226385086798 -0.8890944965939065 -6.30909748600194 -102.0546611315445 -92.32370525694652
584 5.83999999999992 0.0385013589463933 0.8110159624216535 -0.8835554225997568 -6.290475225409529 -101.59382319998 -93.20528199935045
585 5.84999999999992 0.03847955214440178 0.817359532787622 -0.8780482165863995 -6.272389176440091 -101.1344788404506 -94.09508924207256
586 5.859999999999919 0.03841523522338827 0.823597897890656 -0.8724661003941491 -6.253978100244209 -100.6644299379172 -94.97505205759914
587 5.869999999999919 0.03837895567310382 0.8297893159592329 -0.866819474647913 -6.235367888763765 -100.1846902304488 -95.85218561600152
588 5.879999999999919 0.03833691543382146 0.8359851172103636 -0.861162716190585 -6.216889687966098 -99.70155177012001 -96.73223481736775
589 5.889999999999919 0.03831218353611863 0.8421475692163921 -0.8554724504899331 -6.198441775626183 -99.21225434352513 -97.61095684318471
590 5.899999999999919 0.0382899126435316 0.8482661469960909 -0.8497188528119246 -6.179793062088318 -98.71335218421579 -98.48702959582208
591 5.909999999999918 0.03824878102241555 0.8543592140007648 -0.8439476756917721 -6.161220654894221 -98.21013159511119 -99.3624783128587
592 5.919999999999918 0.03828160926041478 0.8604765062549333 -0.838156258691103 -6.142763875885037 -97.70214159490556 -100.2434887242854
593 5.929999999999918 0.03831198571911514 0.8665426661175749 -0.8323167179439548 -6.124165292809462 -97.18623516796079 -101.1209279691701
594 5.939999999999918 0.03835619992447458 0.8725522506282591 -0.8264214764184142 -6.105353112569487 -96.66148492749831 -101.9942187007747
595 5.949999999999918 0.03838552250353065 0.8785550303642081 -0.8205006913549782 -6.086456572965697 -96.13143720643166 -102.8689908356208
596 5.959999999999917 0.03844038156167708 0.884492619140873 -0.8145152056112255 -6.067265884258037 -95.59141265224427 -103.7386004292515
597 5.969999999999917 0.03844231889260572 0.8903451368007115 -0.8084624727557701 -6.04760684901265 -95.04118472876679 -104.6003112943822
598 5.979999999999917 0.03853595487554512 0.8961503874590473 -0.8023240671342406 -6.027500790664129 -94.47836488294817 -105.4592145590363
599 5.989999999999917 0.0386095333654408 0.9018785271114481 -0.796129241103673 -6.007080396030695 -93.90647406445619 -106.3112149947072
600 5.999999999999917 0.038692524024502 0.9075430410255243 -0.7898718225266359 -5.98632808602398 -93.32472626276645 -107.1580149444318
601 6.009999999999916 0.0387582499596079 0.913156858983427 -0.7835538064095349 -5.965311116628006 -92.73336319313648 -108.0009446990508
602 6.019999999999916 0.03883469736219975 0.9177497243543504 -0.7782677182097668 -5.94836386838984 -92.25841787387786 -108.7280571681586
603 6.029999999999916 0.03889996919655998 0.9229470162212952 -0.7721307963246051 -5.927959196894413 -91.68300888819979 -109.5265109282184
604 6.039999999999916 0.03898917073715639 0.9281196756994385 -0.7659708149742115 -5.907604727348451 -91.10228733775533 -110.3241979224086
605 6.049999999999915 0.03906053211798366 0.9332491218936798 -0.7597713411494874 -5.887187761012839 -90.51452943797158 -111.1186159539942
606 6.059999999999915 0.03911425881363385 0.9382932200484947 -0.7535206976806204 -5.866637137951073 -89.91833081281811 -111.9048815192084
607 6.069999999999915 0.03914794866525483 0.9432894491864379 -0.7472445131956338 -5.846057611543088 -89.31665755026168 -112.6872404498409
608 6.079999999999915 0.03917739021047182 0.9482708024850485 -0.7409751308411361 -5.825706406388838 -88.7133686283687 -113.4697789922398
609 6.089999999999915 0.03915664644462388 0.9531753162023041 -0.7346371404601841 -5.80511973104696 -88.09950512514831 -114.244798021254
610 6.099999999999914 0.03916899329655019 0.958016534911048 -0.7282582812930994 -5.784418654280031 -87.47818590951964 -115.0143264552078
611 6.109999999999914 0.03916551121805211 0.9627656023521916 -0.7218231075910748 -5.76345719962773 -86.84765116106531 -115.7746753479997
612 6.119999999999914 0.03917825312959659 0.9674622948397972 -0.7153586491463397 -5.742442618915061 -86.21095712388976 -116.5306525888032
613 6.129999999999914 0.03918847315482285 0.9721424535731737 -0.7088710188077989 -5.721483105304467 -85.56893964262299 -117.2865082456553
614 6.139999999999914 0.03921787345712768 0.9767651470394817 -0.7023743440084189 -5.700569686760707 -84.92318020202082 -118.0373812296898
615 6.149999999999913 0.03922190975164141 0.981273887048708 -0.6957835691006803 -5.679153630034293 -84.26352097097207 -118.7761878616179
616 6.159999999999913 0.0392447932690849 0.9857314143954823 -0.6891828937797008 -5.657693825337019 -83.59995504253655 -119.5106697316732
617 6.169999999999913 0.03928877336642263 0.9901030476729402 -0.6825273806376021 -5.635914494750622 -82.92708931475913 -120.2366155163537
618 6.179999999999913 0.03932378750559711 0.9944302060536108 -0.6758322183546502 -5.61396147731497 -82.24680995397138 -120.9588175587079
619 6.189999999999912 0.0393427919275629 0.998620002538299 -0.6690807375642295 -5.591497067003849 -81.55701349980193 -121.6659641293105
620 6.199999999999912 0.03939415849348921 1.002810100939979 -0.6623282544798201 -5.569113327662491 -80.86434326061345 -122.3749279116219
621 6.209999999999912 0.03943495229122081 1.006893300849798 -0.6555085841865086 -5.546175636766539 -80.16080064162819 -123.0724508471439
622 6.219999999999912 0.03947921045472123 1.010921703639303 -0.6486702883463434 -5.523385670706922 -79.45227697612982 -123.7648740008129
623 6.229999999999912 0.03951840195382894 1.01490932161073 -0.6417863088936198 -5.500389897791157 -78.73547418464877 -124.4538451422588
624 6.239999999999911 0.0395626268962585 1.018820733572681 -0.6348864290453565 -5.477295021835102 -78.01394606072482 -125.1351056726248
625 6.249999999999911 0.03959722027719887 1.022712055833336 -0.6279865113435926 -5.454414845702014 -77.28963756086119 -125.8154194104551
626 6.259999999999911 0.03960328538954392 1.026568754715838 -0.6210792822403488 -5.43162067587053 -76.56177421093024 -126.4927520222299
627 6.269999999999911 0.03952492175581911 1.031095566745785 -0.612892534502633 -5.40399327920901 -75.67724493941283 -127.2516917101624
628 6.279999999999911 0.03952040533026685 1.035073127756864 -0.6055863845351824 -5.380017496835286 -74.89536578694303 -127.9466520555254
629 6.28999999999991 0.03951799188568585 1.039115488112885 -0.5983136483606243 -5.356617696916134 -74.11481036191597 -128.6509997004021
630 6.29999999999991 0.03947619838545327 1.043058382671344 -0.5909917827993875 -5.333068022577702 -73.32550514813981 -129.3445248960533
631 6.30999999999991 0.03940987120992448 1.047014995796381 -0.5836507973221333 -5.309744856352798 -72.53103639634804 -130.0410479752867
632 6.31999999999991 0.03935495563614145 1.050985203138448 -0.5763575467478301 -5.286873211579569 -71.73953916491119 -130.7409801983721
633 6.329999999999909 0.03931543767318187 1.054913155619201 -0.5690287199621173 -5.263996074615071 -70.94071527864583 -131.4372399467572
634 6.339999999999909 0.03928117052232871 1.058760614663246 -0.5616699983737908 -5.241037811775305 -70.13523993772326 -132.1250573926216
635 6.349999999999909 0.03923496072002402 1.062600067900086 -0.5542948740691318 -5.218198060736118 -69.32483051353063 -132.8133314612459
636 6.359999999999909 0.03919795333844342 1.066434888233489 -0.5469121597838446 -5.195571336027824 -68.51052411455568 -133.5025699945763
637 6.369999999999909 0.03913614329324464 1.070238650122185 -0.5395096296201324 -5.172928254453343 -67.69086470217816 -134.1893159909079
638 6.379999999999908 0.03911539807603675 1.073988919629591 -0.5320725369842398 -5.150250740741702 -66.86385658530723 -134.8710273819311
639 6.389999999999908 0.0391013876249099 1.077663581366332 -0.5246009655722386 -5.127316731429954 -66.02956268139003 -135.5447280524888
640 6.399999999999908 0.03907860020561111 1.081326963387875 -0.5171093203865039 -5.104404358440814 -65.18981421624169 -136.218399474548
641 6.409999999999908 0.03906302607445249 1.084824597962759 -0.5095598953102715 -5.081148664301598 -64.33979841648326 -136.8726821516961
642 6.419999999999908 0.03901018300619577 1.088346046409659 -0.5019785904040426 -5.057653203585831 -63.48284933622684 -137.5311596320712
643 6.429999999999907 0.03902616067631266 1.091838021563578 -0.4943973761719722 -5.034196143361597 -62.6227790113293 -138.1875770968085
644 6.439999999999907 0.03900722730813268 1.09517762492093 -0.486736910693214 -5.010200997162696 -61.74975012506589 -138.8259235369023
645 6.449999999999907 0.03900255180989338 1.098499131474781 -0.4790732079107116 -4.986329483638505 -60.87325438552454 -139.4633454275712
646 6.459999999999907 0.03899709467893515 1.101769648771602 -0.4713799110423704 -4.962342404349124 -59.98997476444617 -140.0955868426803
647 6.469999999999906 0.03899695584006428 1.104997212870476 -0.4636610172736132 -4.938345684860435 -59.10040080853013 -140.7236528530281
648 6.479999999999906 0.0389930717171218 1.108209880009267 -0.4559316833586081 -4.914519965381357 -58.20646872892642 -141.3510611343457
649 6.489999999999906 0.03895766387869167 1.111418570518433 -0.4481994812899435 -4.890962625506002 -57.30923189863626 -141.9790769338924
650 6.499999999999906 0.03895216175730059 1.114556649043882 -0.4404499156795867 -4.867434366069532 -56.40669043418252 -142.5994357468334
651 6.509999999999906 0.03892322713469239 1.117710376817388 -0.4327043937584535 -4.844201957455437 -55.50167792013779 -143.2228401677725
652 6.519999999999905 0.03888541983508646 1.12076028046374 -0.4249136913833045 -4.820859957383368 -54.58792728719198 -143.834261454321
653 6.529999999999905 0.03883420510226077 1.12387031187195 -0.4171438171483866 -4.797968742387212 -53.67382063762886 -144.4544843953164
654 6.539999999999905 0.03877700272331538 1.126865775248661 -0.4093289439880594 -4.7748555445643 -52.75089423505391 -145.061174506238
655 6.549999999999905 0.03872550345413047 1.129898896256259 -0.4015182684589083 -4.752041492860751 -51.82540806312527 -145.6738944780427
656 6.559999999999905 0.03870223200159332 1.132875682215273 -0.3936804800333295 -4.729237529137236 -50.89327384944584 -146.2806404799697
657 6.569999999999904 0.03867655836840093 1.135781164113527 -0.3858205676246638 -4.706354276268891 -49.95519033785197 -146.879333345005
658 6.579999999999904 0.03866114968013697 1.138668424870749 -0.3779423923604693 -4.683551142369918 -49.01160579090864 -147.476852037427
659 6.589999999999904 0.0386517120156987 1.14152965870894 -0.3700487666662985 -4.660816789388607 -48.06287769124047 -148.0721449280706
660 6.599999999999904 0.03862583143158384 1.144333651981958 -0.3621298771621436 -4.638036787897791 -47.10778272648889 -148.6610671676327
661 6.609999999999904 0.03864042960981665 1.147131789592445 -0.3541952926774738 -4.615400632765525 -46.14741019400071 -149.2504449211717
662 6.619999999999903 0.03867331472713309 1.149842008568664 -0.3462294871701731 -4.592537743172486 -45.17981936337014 -149.8295568704984
663 6.629999999999903 0.03870657742553262 1.15248716617826 -0.338239673943766 -4.569546019572348 -44.20594051609863 -150.4012328660631
664 6.639999999999903 0.03874704303009558 1.155103354917002 -0.3302306488652749 -4.54646906227261 -43.22637887707051 -150.9701668259457
665 6.649999999999903 0.03880247034992363 1.157667169954727 -0.3221954644841972 -4.52323910750721 -42.24018019251152 -151.5333180472689
666 6.659999999999902 0.03883963584441479 1.160077357097267 -0.3141210995065603 -4.499585226665914 -41.24571974196055 -152.0772965982777
667 6.669999999999902 0.03891022855129527 1.162388833091584 -0.3060030552614016 -4.475644679647399 -40.24225236258052 -152.6093859713542
668 6.679999999999902 0.0389953915163061 1.164696997692361 -0.2978757327376474 -4.45174643441308 -39.23433131925536 -153.1419716836217
669 6.689999999999902 0.03906051354477309 1.166917381791928 -0.289723456366596 -4.427647389247024 -38.21996824228182 -153.663840691351
670 6.699999999999902 0.03913366593365866 1.169052689430328 -0.281544662725817 -4.403422443458587 -37.19889067374238 -154.1754032649621
671 6.709999999999901 0.03921902719512588 1.171164914189931 -0.2733449646775048 -4.379247050626203 -36.17181083561071 -154.6847803971497
672 6.719999999999901 0.03924955602630613 1.173150509621167 -0.2651409972270713 -4.354998018774657 -35.14111133001183 -155.1780763569485
673 6.729999999999901 0.03931572792061513 1.175063682547699 -0.2569146235923005 -4.330751333707568 -34.10416720873705 -155.6626871146299
674 6.739999999999901 0.03934232934798948 1.176952950793524 -0.2486813746802419 -4.30661164310609 -33.06322053547149 -156.1447430438531
675 6.749999999999901 0.0393636111987279 1.178777778935742 -0.2404408483952224 -4.282547480522689 -32.01812323499766 -156.6189793009322
676 6.7599999999999 0.03934433544749855 1.180502337520128 -0.2321860880646397 -4.25838445827997 -30.96801719805168 -157.0804845797741
677 6.7699999999999 0.03922343807923862 1.182386470049344 -0.22249940174388 -4.229098620653295 -29.72841383796939 -157.5627746657376
678 6.7799999999999 0.03920723886390012 1.184033987985304 -0.2137828222185263 -4.203347108881076 -28.6110260879471 -158.0152763458915
679 6.7899999999999 0.03919819916032216 1.185547923085725 -0.2050738190752802 -4.177536858042398 -27.49118312792536 -158.450662201574
680 6.799999999999899 0.03918076397533796 1.186947912193164 -0.196366175546546 -4.151691799738574 -26.36807370307173 -158.8715003168154
681 6.809999999999899 0.03917280895111872 1.188345896150218 -0.1876367345549149 -4.125941649807171 -25.2386010810853 -159.2925966427173
682 6.819999999999899 0.03916137950948345 1.189596675806684 -0.1788949660451556 -4.099970516563247 -24.10401528108187 -159.6945966087399
683 6.829999999999899 0.03912791743685268 1.19074309021163 -0.1701512390140174 -4.073897245564845 -22.9657274857685 -160.0829998184586
684 6.839999999999899 0.03914615875982076 1.191788611728776 -0.1613962738843562 -4.047647693472997 -21.82230828481093 -160.4584880333975
685 6.849999999999898 0.0391662548302633 1.192778413657978 -0.1526449351093977 -4.021395957238357 -20.67590876903055 -160.8268828429605
686 6.859999999999898 0.03918190122613024 1.193656680659886 -0.1438714660090809 -3.994889856891362 -19.52310007509784 -161.1806419780429
687 6.869999999999898 0.0391931779368129 1.194432041356856 -0.1350918265312054 -3.968240024791007 -18.36598764688258 -161.5208879066475
688 6.879999999999898 0.03920781736201281 1.195118155544174 -0.1263262733977158 -3.941517263695652 -17.20723963213079 -161.8493572572413
689 6.889999999999898 0.0392172410750934 1.195708665296879 -0.1175320172276103 -3.914546020215102 -16.0412022674237 -162.1651713264577
690 6.899999999999897 0.03924148157422252 1.196166162295136 -0.1087565924675968 -3.887524581859709 -14.87415688999177 -162.4632322488955
691 6.909999999999897 0.03928577242288293 1.196569158928704 -0.09996778156144555 -3.860498913895385 -13.70180656936008 -162.754157232342
692 6.919999999999897 0.03929902891542807 1.197012983802171 -0.09119344694990918 -3.833990206541442 -12.52800572415805 -163.0506744835168
693 6.929999999999897 0.03931329673741372 1.197330044790619 -0.08241838543862828 -3.807251951072603 -11.35066883306167 -163.3301653637011
694 6.939999999999896 0.03931636793622315 1.197629641413845 -0.07364040245920836 -3.78082639015371 -10.16953404146655 -163.6073402848022
695 6.949999999999896 0.03929761796412019 1.197959219846946 -0.06487186130334578 -3.754777090354264 -8.98634544373772 -163.8886590566655
696 6.959999999999896 0.03929028666427886 1.198191511388466 -0.05613231068991986 -3.728966727833992 -7.803620726193945 -164.1568677561629
697 6.969999999999896 0.03927351538043995 1.198424400883942 -0.04738079555275022 -3.703436520781103 -6.615926745712633 -164.4252461313868
698 6.979999999999896 0.03922311083117593 1.198644292435056 -0.03864025284567071 -3.678195266225905 -5.42637459892414 -164.6918483972294
699 6.989999999999895 0.03916233023463941 1.198815122963188 -0.02989566015291454 -3.653033994343391 -4.232891572994665 -164.9518193383042
700 6.999999999999895 0.03906656962896708 1.19885438765178 -0.02117943490897556 -3.627831601005713 -3.039906487978029 -165.1935896998021
701 7.009999999999895 0.03906307754927931 1.198882589694459 -0.01241388862306007 -3.602621742795304 -1.836482717932627 -165.434179389654
702 7.019999999999895 0.03902185498213173 1.198867385428328 -0.00369383112150663 -3.577870115483683 -0.6358930157893899 -165.6686792501881
703 7.029999999999895 0.03899574569994354 1.198864568569028 0.005055205172517366 -3.55320530934358 0.5721666169517423 -165.9049287913941
704 7.039999999999894 0.03898618946497083 1.198747752651075 0.01380197848309139 -3.528459410583987 1.78340914189617 -166.1254640173481
705 7.049999999999894 0.0389526311425412 1.198690033316783 0.0225563944864405 -3.504060526808477 2.99909631428014 -166.3540652269186
706 7.059999999999894 0.03888669968304306 1.198462446481945 0.03129901833045196 -3.479402343219828 4.21655217585314 -166.5589761772077
707 7.069999999999894 0.03890353643448536 1.198206763014717 0.04005657015322148 -3.454713530096338 5.439756295614128 -166.7601328409333
708 7.079999999999893 0.03892799475933863 1.197859735433047 0.04881851522257412 -3.429920158699672 6.667010716861932 -166.9484802995485
709 7.089999999999893 0.03894016282938133 1.197423345190505 0.05757350231911883 -3.405010630839009 7.896742748811454 -167.124186447967
710 7.099999999999893 0.03894148175902651 1.196962304971856 0.0663359382420997 -3.380081890443672 9.13092928294062 -167.296274916928
711 7.109999999999893 0.03894823136020895 1.19641164508816 0.07509488526766142 -3.355066420500556 10.36810802989298 -167.455650783787
712 7.119999999999893 0.03893145042682783 1.195730343423415 0.08384125916233491 -3.329899593900277 11.60693507785778 -167.5964858912616
713 7.129999999999892 0.03894204571133122 1.194980247573126 0.09259631306677983 -3.304709812398195 12.85049010412295 -167.7274552373211
714 7.139999999999892 0.03896133473401191 1.194208364256463 0.1013461768294891 -3.279740703704506 14.0967812331646 -167.8551003034273
715 7.149999999999892 0.03898886428574867 1.193431382841184 0.1101074008881566 -3.255000063144009 15.34809276825464 -167.9817553278073
716 7.159999999999892 0.03898989226740898 1.192600280138493 0.1188461824282836 -3.230473371570703 16.5996525920421 -168.1004532863989
717 7.169999999999892 0.03901366215457567 1.191824964846485 0.1275953961290943 -3.206347425418609 17.8561176830296 -168.2266921677761
718 7.179999999999891 0.03895985096178063 1.190877315720855 0.1363153799571854 -3.182214487766183 19.11171619333596 -168.3282016167561
719 7.189999999999891 0.03896604878028249 1.190012134293683 0.1450644858846412 -3.158444227207359 20.37491191725252 -168.4410781843361
720 7.199999999999891 0.03894587792489694 1.189115734014123 0.1538021780797139 -3.134873909215969 21.63990938723389 -168.5491818320257
721 7.209999999999891 0.0389301020235521 1.188143757513505 0.162529998412232 -3.111429600541976 22.90692216926424 -168.6462252828177
722 7.219999999999891 0.03891972590604622 1.187136420604451 0.1712659621721659 -3.088059522181115 24.17853181488274 -168.7378814383018
723 7.22999999999989 0.03889173958158974 1.186039819690869 0.1799684207289582 -3.064781976274201 25.44880097379935 -168.8164094794792
724 7.23999999999989 0.03888874335614744 1.184864346801627 0.1887147970665996 -3.041449372928636 26.72883740535168 -168.8834214926257
725 7.24999999999989 0.03892183583456613 1.183717798031576 0.1974714490784651 -3.018352174786564 28.01379411871888 -168.9540146224096
726 7.25999999999989 0.03891108647757299 1.182520850823462 0.2062039264008952 -2.995453236767443 29.2987373487273 -169.016905991917
727 7.269999999999889 0.03883703539812779 1.181511402712272 0.2135145816824535 -2.977331791980814 30.38786207752278 -169.1052492833718
728 7.279999999999889 0.03883176951370886 1.180279886175077 0.2218170493887274 -2.955911243245596 31.61888596998829 -169.1621043832332
729 7.289999999999889 0.03882667121478859 1.178965539729334 0.230099719937144 -2.934453076565031 32.85042099082455 -169.2065667288902
730 7.299999999999889 0.03886087397743016 1.177592441127943 0.2384278368887148 -2.912839392719317 34.09182493152615 -169.2421331888085
731 7.309999999999889 0.03890612360855537 1.176147222846149 0.2467239419794049 -2.891159395567879 35.33194836683128 -169.2668001973135
732 7.319999999999888 0.03895583531370121 1.174630555630187 0.2550118483092852 -2.869407059309052 36.5741784282614 -169.2806011623107
733 7.329999999999888 0.03900124672252567 1.173026765334924 0.2632940786475712 -2.847538186411453 37.81885050407895 -169.2812296945664
734 7.339999999999888 0.03906449911496844 1.171343491654746 0.2715722480034977 -2.825548945857326 39.06625131989431 -169.2697571956893
735 7.349999999999888 0.03911823189618713 1.16952339110679 0.2797926313797373 -2.803443749281548 40.30857056740385 -169.2378212737654
736 7.359999999999888 0.03919927923528443 1.167640283216386 0.2880315671772759 -2.781246272293078 41.55686754611747 -169.1961013005775
737 7.369999999999887 0.0392944666889015 1.165676282379792 0.2962450520435148 -2.759117359608073 42.80476193278563 -169.1419286401513
738 7.379999999999887 0.03937564807215427 1.163707596831026 0.304464745421852 -2.737144104802523 44.05673007895074 -169.0862636252724
739 7.389999999999887 0.03943745357724428 1.161658750041883 0.3126655175334789 -2.715238365530924 45.30911356873188 -169.0181452771657
740 7.399999999999887 0.03949364778130513 1.15955993507095 0.3208644295337373 -2.693501963327399 46.56440144711699 -168.9419507325437
741 7.409999999999886 0.03951256169923723 1.157412463730598 0.3290075926995811 -2.671944967549782 47.81466185202088 -168.8577989436698
742 7.419999999999886 0.03954148479092401 1.155162487898592 0.3371304241355667 -2.650421775815857 49.06516298785954 -168.7578866179732
743 7.429999999999886 0.03955451714167477 1.152804915088944 0.3452193796206802 -2.6289104195006 50.3138575611572 -168.6413742771372
744 7.439999999999886 0.03955628739177048 1.150427837581202 0.3533067251574661 -2.607534712289819 51.56547007198659 -168.5210669365515
745 7.449999999999886 0.03955153800056384 1.147945728888709 0.3613555032573553 -2.586182378771636 52.81461613408846 -168.3844483064147
746 7.459999999999885 0.0395234553154044 1.145304593088897 0.3693548870682075 -2.564717326252814 54.05967207021998 -168.2235064481806
747 7.469999999999885 0.03953746238449243 1.142694294019316 0.3773615661213708 -2.543536560574944 55.30907014093884 -168.0661183241255
748 7.479999999999885 0.03955274975858864 1.139962529064112 0.3853198659228864 -2.522321803842518 56.55455264380323 -167.889842617086
749 7.489999999999885 0.03957859508190344 1.137151753649346 0.3932517969097709 -2.501204151697592 57.7993388763401 -167.700884222376
750 7.499999999999885 0.039598627544929 1.134279144786668 0.4011585527439985 -2.480108610517547 59.04355486355242 -167.5016938662137
751 7.509999999999884 0.03961964273266229 1.131339742004391 0.4090342345340264 -2.459019559790435 60.28632121762325 -167.2915194258876
752 7.519999999999884 0.03958329735610076 1.128261877661207 0.4168494513298084 -2.437883103954031 61.5231405867126 -167.059612416886
753 7.529999999999884 0.03962735762162253 1.125140275226524 0.4246510492081717 -2.416683458673226 62.76125427537188 -166.8201455534632
754 7.539999999999884 0.039670273247834 1.121859021873417 0.4323722297395454 -2.395323611500936 63.99054849522968 -166.5557795548615
755 7.549999999999883 0.03970579696901792 1.118575381891194 0.4400932608177062 -2.37412350597094 65.22286146658371 -166.2897361534688
756 7.559999999999883 0.03972727295693188 1.115171481361827 0.4477538710575058 -2.352821237558544 66.44922950172558 -166.0044796057827
757 7.569999999999883 0.03978503156640659 1.111757817347439 0.455435575264634 -2.331617337780683 67.68184799845503 -165.7165147229853
758 7.579999999999883 0.0397750104713953 1.108229020633889 0.4630257393411129 -2.310438010793513 68.90372362242182 -165.4099017975516
759 7.589999999999883 0.03981766475267537 1.104635636462656 0.4705944491991166 -2.28934257375363 70.1255299032477 -165.0923547636605
760 7.599999999999882 0.03983087806857332 1.10101484557958 0.4781441308856044 -2.268460181207312 71.34740876200161 -164.7692443472484
761 7.609999999999882 0.03985650045668649 1.097351957555381 0.4856684524718719 -2.247779127859919 72.56848816151839 -164.4384238257745
762 7.619999999999882 0.03985567948562112 1.093697039130034 0.4931756077848918 -2.227454810732874 73.78988614966056 -164.1073447340477
763 7.629999999999882 0.03984883936575266 1.090004962837004 0.5006724062354921 -2.207369107522678 75.01261687245774 -163.7692797346118
764 7.639999999999882 0.0398061968035301 1.086373935081857 0.5081719690974995 -2.187703135384108 76.23860167388744 -163.4388176543096
765 7.649999999999881 0.03977329358441965 1.082649381621674 0.5156202066384957 -2.168178110413932 77.45982548660784 -163.0929403327659
766 7.659999999999881 0.03973299778906989 1.078933850723247 0.5230717965342203 -2.148955307419283 78.68446045458123 -162.7469349293839
767 7.669999999999881 0.03967567995222172 1.075179224726496 0.5304946298169687 -2.129903364893742 79.90765174739008 -162.3935506745555
768 7.679999999999881 0.03961830135542331 1.071383713362939 0.537901968076348 -2.111029274515614 81.13143752896944 -162.0325073670596
769 7.68999999999988 0.03954425654447364 1.06751679947987 0.5452550371925732 -2.092254643830864 82.34992691537629 -161.6591416791118
770 7.69999999999988 0.03950522548281544 1.063674730974971 0.5526571999176982 -2.073691319255636 83.57881987139218 -161.2880251845029
771 7.70999999999988 0.03947643596998439 1.059767853734908 0.5600074872257136 -2.055243034136914 84.80280696983486 -160.9055730137191
772 7.71999999999988 0.03944058503285349 1.055816552715777 0.5673374777523343 -2.036911525429371 86.02661103495865 -160.5148117635002
773 7.72999999999988 0.03942513958447838 1.051832794802009 0.5746514423622617 -2.01868132977775 87.25091817649138 -160.1175646453731
774 7.739999999999879 0.03938822006426178 1.047764085122895 0.5819214605635328 -2.000457180598767 88.47138041938651 -159.7057908462144
775 7.749999999999879 0.03934095029679376 1.043698708469751 0.5891930056038915 -1.982305478210937 89.69491762799392 -159.292859618822
776 7.759999999999879 0.03933017935306213 1.039553047482012 0.5964484802643111 -1.964094272510881 90.91892971137528 -158.8661115490948
777 7.769999999999879 0.03924295793607494 1.036035354184833 0.6023981245928375 -1.949820515722931 91.94976694278635 -158.5314501775425
778 7.779999999999879 0.03921379722272825 1.031959455949153 0.6091796210241112 -1.932812541634596 93.1076458295165 -158.1116796833155
779 7.789999999999878 0.03921445396018061 1.027890603380407 0.6160020405913121 -1.915833989744301 94.27443901247165 -157.6912362836128
780 7.799999999999878 0.0392067643238672 1.023738451638624 0.6227888114907469 -1.898827125660284 95.43851903415326 -157.2565134598512
781 7.809999999999878 0.03915084083761529 1.019552116148482 0.6295065247642733 -1.881793701089013 96.59456224216372 -156.8148172592345
782 7.819999999999878 0.03914097420007167 1.015264467808927 0.6362105263331012 -1.86496947874572 97.75117406104101 -156.3559076324709
783 7.829999999999878 0.03910528453704105 1.01095894732763 0.6428904474673462 -1.848345083839223 98.90663689278921 -155.8925353840925
784 7.839999999999877 0.03907158052542951 1.006658073157834 0.6495637614111629 -1.831990480493157 100.0637075832849 -155.4281948532473
785 7.849999999999877 0.0390291837782698 1.002355639955509 0.6562690398637453 -1.815861107721751 101.2281926446063 -154.9619080812794
786 7.859999999999877 0.03897468537232168 0.9981009439614946 0.6629868258573663 -1.800124680213156 102.3972427621494 -154.5013005121449
787 7.869999999999877 0.03889295492000217 0.9937502240375697 0.6696325233522814 -1.784488127363133 103.5576836907883 -154.0241395236064
788 7.879999999999876 0.0388420055831831 0.9893840284310655 0.6762587621424987 -1.769088245885282 104.7178098235223 -153.5428789634268
789 7.889999999999876 0.03878191850432754 0.9849858101213566 0.6828863522146463 -1.753839521727866 105.8806903371277 -153.0549201623341
790 7.899999999999876 0.03874196896652865 0.980578796961991 0.6895120626866479 -1.738731921770665 107.0458982687279 -152.5638342992985
791 7.909999999999876 0.03869520226368026 0.9760977298187266 0.6960816574477403 -1.723725775722667 108.2050119587761 -152.0594668215815
792 7.919999999999876 0.03862932891913071 0.9716355664322772 0.7026508257582788 -1.708917467646523 109.3665966097215 -151.5561729775216
793 7.929999999999875 0.03864795025754342 0.9671075577717702 0.7092429899940332 -1.694116363782399 110.53450917174 -151.0409489360016
794 7.939999999999875 0.03865790919353562 0.9625590110623345 0.7157879568980974 -1.679502451700899 111.6976106929678 -150.520657951579
795 7.949999999999875 0.03865951499483998 0.9579395919087381 0.7222967164527575 -1.664870039279969 112.8576124345345 -149.9874880001397
796 7.959999999999875 0.03866812863916894 0.9533210575399597 0.7288227558155709 -1.650350608328128 114.0228386655561 -149.4525908589924
797 7.969999999999875 0.03869747864946373 0.948631071326014 0.7352923117203501 -1.635775445677575 115.1818262002701 -148.904676547286
798 7.979999999999874 0.03866982127067308 0.9438311951112837 0.7416696116972306 -1.621186100366623 116.3288282709191 -148.3376210098076
799 7.989999999999874 0.03871910645431482 0.9390064950415137 0.7480712517978243 -1.606591791223363 117.4822458378983 -147.7647696991463
800 7.999999999999874 0.03878276129969466 0.9341339239232476 0.7544210297213036 -1.592023323231088 118.6300304364036 -147.1824555550041
801 8.009999999999874 0.03883534339305562 0.9291915729689659 0.7607462692714273 -1.577516128174032 119.7764201809594 -146.5872478740208
802 8.019999999999873 0.03890682050364812 0.9232959195519511 0.7681155294207567 -1.559597919136984 121.0867828573094 -145.8423423480309
803 8.029999999999873 0.03902080429859637 0.918013890562617 0.7747233021542103 -1.544230767839814 122.2823136964648 -145.190040146681
804 8.039999999999873 0.03904956791113824 0.9126917867934309 0.7812510202469561 -1.529087327939404 123.4675602088421 -144.5292918379954
805 8.049999999999873 0.03911230528361308 0.9073007450898873 0.7877416613192524 -1.51407318464595 124.6495613273821 -143.8555650667134
806 8.059999999999873 0.03914880086384426 0.9018521951498396 0.7941777539929552 -1.499208807402922 125.8254084029608 -143.1706083042097
807 8.069999999999872 0.03920416743875891 0.8963702484353833 0.8005927942371404 -1.484551474084464 127.0004363625074 -142.4782484802663
808 8.079999999999872 0.03923036287387404 0.8908766777068319 0.8069854321477711 -1.470140633001105 128.1743494193143 -141.7818795702405
809 8.089999999999872 0.03927327794145564 0.8853623238504246 0.8133845729394411 -1.455905145305477 129.3518212891119 -141.0800703952954
810 8.099999999999872 0.03927580831422055 0.879799798071548 0.8196979109391872 -1.441947557910847 130.5180559409437 -140.3684178683671
811 8.109999999999872 0.03927623195807614 0.8741269829786495 0.8259197323717788 -1.42798670856773 131.6722068414444 -139.6369946739923
812 8.119999999999871 0.03927864416592786 0.8683957721793829 0.8320894078011496 -1.414112927816871 132.8205067892979 -138.8940118298505
813 8.129999999999871 0.03929860010525411 0.8626108084969724 0.8382026766418866 -1.400359255751517 133.9622689071944 -138.1401778534627
814 8.139999999999871 0.03929895469405896 0.8567298716927302 0.8442320165977791 -1.386672517086368 135.092999454288 -137.3686948963469
815 8.149999999999871 0.03929220594193172 0.8507996938745088 0.8501981930110566 -1.373101514577483 136.2160026908021 -136.5869821626821
816 8.15999999999987 0.03931839507806515 0.8447802769057673 0.8560951378322434 -1.359545817532153 137.3303303772526 -135.788631665655
817 8.16999999999987 0.03935663988904613 0.8387223843838143 0.8619347060401504 -1.346095481794179 138.4377868376409 -134.9817277988473
818 8.17999999999987 0.03939570342942642 0.8326080668466965 0.8677095290255595 -1.332703017962401 139.5371612281089 -134.163350731671
819 8.18999999999987 0.03941793734998099 0.8264210621369191 0.8734052224741432 -1.319323705994133 140.6260538717437 -133.330852678611
820 8.19999999999987 0.03942265824426478 0.8201464655023557 0.8790013254077113 -1.305985357559843 141.7011413365046 -132.4817658588893
821 8.209999999999869 0.03944179099609278 0.8138119439832541 0.8845203973524406 -1.292840039025519 142.7660810070213 -131.6205133282406
822 8.219999999999869 0.03949149729967082 0.8074447290085697 0.8899985535378335 -1.279552824772406 143.826625657246 -130.7514780305167
823 8.229999999999869 0.03953550418365591 0.8009945192319003 0.8953735994289307 -1.266417730800904 144.8726585490601 -129.866492585606
824 8.239999999999869 0.03957054174744295 0.794517346554996 0.9007078188002572 -1.253399390867842 145.9141969450546 -128.9745791197723
825 8.249999999999869 0.0396233201611497 0.7879844793828817 0.9059678573915272 -1.240566427409519 146.9458394729442 -128.0710926953994
826 8.259999999999868 0.03963088530968222 0.7814291573145277 0.9111671894806151 -1.227890716332825 147.969637776335 -127.1613592309886
827 8.269999999999868 0.03964445469722327 0.7748695838454404 0.9163992607307153 -1.215537202273958 149.000791477065 -126.2483860939704
828 8.279999999999868 0.03967156693907813 0.7682849999415499 0.9215599549051144 -1.203428266780645 150.0223825628413 -125.3287917385378
829 8.289999999999868 0.03966643372938415 0.7616947091826336 0.9266911636023513 -1.191631887484191 151.0411494714276 -124.4056846933351
830 8.299999999999867 0.03964932085292996 0.7551005678495011 0.931798317271653 -1.180132545579075 152.057977697808 -123.4793719366468
831 8.309999999999867 0.03962049511317024 0.7485038703500776 0.936898197587485 -1.168914311300796 153.0756021769402 -122.5500702864029
832 8.319999999999867 0.0395714914771631 0.7419062792236883 0.9419564205844075 -1.157929260976041 154.0883906580563 -121.6180245796784
833 8.329999999999867 0.03951639292619939 0.7352877616853748 0.9470300016540816 -1.147213513324305 155.1056769488365 -120.6799289320432
834 8.339999999999867 0.0394719550577657 0.7286150764430052 0.9520062794885275 -1.136656615602381 156.1090354470954 -119.7303371913423
835 8.349999999999866 0.03944031099865864 0.7219476052537671 0.9569898475680708 -1.12633359899076 157.1155759128396 -118.7789496626474
836 8.359999999999866 0.03941026261346411 0.7152248948243465 0.9618903636075459 -1.11616210432236 158.1104449060484 -117.81583401356
837 8.369999999999866 0.03937511072273117 0.7084858732525696 0.9667718508576212 -1.106139545061394 159.1041077431341 -116.8473629980878
838 8.379999999999866 0.03935839211609837 0.7017542616102681 0.9716625827056078 -1.096280179874443 160.1012285778067 -115.8774422037229
839 8.389999999999866 0.0393080179990637 0.6949137056552225 0.9764052705987648 -1.086432545740006 161.0758334500889 -114.8868604684408
840 8.399999999999865 0.03928651108041624 0.688045441787516 0.9811072818328966 -1.076648288918967 162.0456243636141 -113.8890013531001
841 8.409999999999865 0.03926921495010469 0.681166635751798 0.9857862272401173 -1.066999351329014 163.0134382969717 -112.8866442131918
842 8.419999999999865 0.03925129698915286 0.6742265502228372 0.9904044725141911 -1.057386568127616 163.9730582276338 -111.8714751242792
843 8.429999999999865 0.0392271001721296 0.667267011322453 0.9949857184583036 -1.047863662417502 164.9283393108093 -110.8503058947801
844 8.439999999999864 0.0392271813395822 0.6602733355149425 0.9995145965464094 -1.038426769789108 165.8767639262367 -109.8207223671062
845 8.449999999999864 0.03921393731975166 0.6532104891039907 1.003966799797635 -1.029112716594749 166.8142024474072 -108.7768701819512
846 8.459999999999864 0.0392131592367496 0.6461428806871351 1.008409501123041 -1.019955625343469 167.7518244717088 -107.7294400717764
847 8.469999999999864 0.03920948822140572 0.6390511422254047 1.012818669175863 -1.011008784844479 168.6855967504476 -106.6752105543144
848 8.479999999999864 0.03920054791960265 0.6319486493595826 1.017208368416837 -1.002262111863627 169.6177985728719 -105.6163807998237
849 8.489999999999863 0.03918337104848946 0.6248167537426198 1.02156784035865 -0.9937686649619974 170.5467099050905 -104.5499152441639
850 8.499999999999863 0.03912372837917204 0.6176848296473835 1.025892135627986 -0.9855669592728076 171.4713591511267 -103.480641210631
851 8.509999999999863 0.03908040964450094 0.6105237852203113 1.030171255885141 -0.9775868960386682 172.390150165178 -102.4037355233616
852 8.519999999999863 0.03901560407865853 0.6033576712515105 1.034413391287687 -0.9698614487747844 173.3044442470884 -101.323179352381
853 8.529999999999863 0.03896337532411896 0.5961732445995417 1.038671276330491 -0.9623722160258735 174.222978609929 -100.2367577332512
854 8.539999999999862 0.03890415140629174 0.5889867899245501 1.042916582625111 -0.9551279189180868 175.141057280423 -99.14714548646187
855 8.549999999999862 0.03882425669689083 0.5817629484161705 1.04710374335691 -0.9480648480077126 176.0510272347472 -98.04842313778909
856 8.559999999999862 0.03876020163504831 0.5744074350544693 1.051134558618903 -0.941135444857764 176.9365123614298 -96.92486601795855
857 8.569999999999862 0.0387724771059566 0.5672947157612462 1.055490371116537 -0.9344855008212425 177.8779171730465 -95.83887231531034
858 8.579999999999862 0.03872599531841873 0.5599829714077644 1.059569101535085 -0.9279951857737561 178.7746523778 -94.71676950305863
859 8.589999999999861 0.03869464577135649 0.5526476658160152 1.063591021951252 -0.9216081875471519 179.6633361042792 -93.58774756994154
860 8.599999999999861 0.03867417254187568 0.545286779590145 1.067590378594075 -0.9153672163809744 180.5497730351039 -92.45148041528925
861 8.609999999999861 0.03862124779680402 0.5378739097396559 1.071510251818836 -0.9091195669907323 181.4243113162172 -91.30351834109025
862 8.619999999999861 0.03864095945502582 0.5304611380286405 1.075416557421216 -0.902974552691145 182.2980922620942 -90.15257911897555
863 8.62999999999986 0.03865483411852706 0.5229886659216865 1.079235561198881 -0.8969265506013271 183.1585944496109 -88.98860932413589
864 8.63999999999986 0.03866518865945494 0.5154746223242621 1.082974818686445 -0.8909286948147195 184.0070436380066 -87.8146265886172
865 8.64999999999986 0.03867730140024242 0.5079495671131804 1.086719511125749 -0.8850484401571191 184.8578712739603 -86.6357904529432
866 8.65999999999986 0.03867499837149962 0.5003524473419989 1.090318003457543 -0.8792763631849798 185.6852699066977 -85.44169368191824
867 8.66999999999986 0.03872799164623018 0.4927711282561538 1.093971105218307 -0.8735656080914269 186.5234177481438 -84.24729735705594
868 8.679999999999859 0.03876141055376143 0.4851272558592126 1.097491164689232 -0.8680544153910305 187.3402706413005 -83.03923907473863
869 8.689999999999859 0.03881489680626637 0.4774761189080336 1.101016100626288 -0.862772100109499 188.159349049187 -81.82690436125964
870 8.699999999999859 0.03886680441758318 0.4698239387148818 1.104532805381301 -0.8577086132051536 188.9783489956913 -80.61140460780284
871 8.709999999999859 0.03890294502706439 0.4621595413285489 1.108033160426886 -0.8529052135891759 189.7959182913924 -79.39082360413104
872 8.719999999999859 0.03893743023025497 0.4544648051915838 1.111487972779795 -0.8483510532985284 190.6070261551568 -78.16205545177804
873 8.729999999999858 0.0389389757550711 0.4467816266889243 1.114926366720169 -0.8440182158995564 191.4166340155456 -76.93227743502185
874 8.739999999999858 0.03896270410795692 0.4390607494697513 1.118300430900928 -0.8399222651167698 192.2165469252961 -75.69303195726094
875 8.749999999999858 0.03897930486428052 0.4313251878932571 1.121633758488792 -0.835996488124212 193.010758197326 -74.44823307500955
876 8.759999999999858 0.03899329914921366 0.4235660657119018 1.12491331127895 -0.8322919516096646 193.7970133200557 -73.19633178476793
877 8.769999999999857 0.03899801946275883 0.4157660145258518 1.128096708090506 -0.8286998688957827 194.5679845271248 -71.9343190539021
878 8.779999999999857 0.03899827335780656 0.4079445471024011 1.131244144415269 -0.8253242541532794 195.3340032400687 -70.66550072247622
879 8.789999999999857 0.03902576738735048 0.4000966800303033 1.134324927263137 -0.8220080964440071 196.0897431292804 -69.38901362060977
880 8.799999999999857 0.03906164821267073 0.3922054999852711 1.13730386338004 -0.818844101062601 196.8290810706567 -68.10192269589373
881 8.809999999999857 0.03910358571907174 0.3842822009649585 1.140227250490728 -0.8158514589284174 197.5599835353806 -66.80618798660961
882 8.819999999999856 0.0391331167372521 0.3763265483124755 1.143000009995142 -0.8129402651778592 198.2659151660805 -65.50169153949368
883 8.829999999999856 0.03915031372064793 0.3683292915647481 1.145678351389485 -0.8100142872568905 198.956561953847 -64.18681404282721
884 8.839999999999856 0.0391565670237525 0.3602942392697477 1.148204758442207 -0.8070642847754942 199.6218906908231 -62.86220601729564
885 8.849999999999856 0.0392009014307301 0.3522206662144955 1.150657423137314 -0.8041613797853293 200.2753817307744 -61.52769317967331
886 8.859999999999856 0.03924653084267074 0.3441232914884539 1.152997166174144 -0.8013832225783691 200.9101862561752 -60.18586320373591
887 8.869999999999855 0.03928332607412507 0.335998131184877 1.155219532154424 -0.7986832705322019 201.5254619955137 -58.83596980827924
888 8.879999999999855 0.03930740905468386 0.3278526266294594 1.157383112817833 -0.7960795336259457 202.1313624118952 -57.47931232734951
889 8.889999999999855 0.03934259511451101 0.3196821428799886 1.159411355638713 -0.7935933297986981 202.7144790243194 -56.11506357701072
890 8.899999999999855 0.03936601455503939 0.3114879318089233 1.161396102074604 -0.7911935388339516 203.2908060295354 -54.74342161126825
891 8.909999999999854 0.03941163059825034 0.303286039077946 1.163267173619378 -0.7891185912944151 203.8479980196388 -53.36719808157287
892 8.919999999999854 0.0394371487221785 0.2950742732930299 1.165076764501772 -0.7872338424080715 204.3951687265883 -51.9860299167656
893 8.929999999999854 0.03946091548327029 0.2868768238773248 1.166903302944273 -0.7856164562420282 204.9460211056214 -50.60416007134111
894 8.939999999999854 0.03946036457659654 0.2786798342026762 1.168671253316278 -0.7842751521200599 205.4872950331072 -49.21917067668345
895 8.949999999999854 0.03946601119710377 0.2704857308302749 1.170432566731042 -0.7831752841259391 206.0280971188054 -47.83151402029586
896 8.959999999999853 0.03940220025892675 0.262300487007814 1.17208815161098 -0.7823950560257837 206.5509678874815 -46.44220362345906
897 8.969999999999853 0.0393702944450838 0.2540974860802585 1.173666208869009 -0.7818060831322499 207.0608425156877 -45.04654417660814
898 8.979999999999853 0.03933521791860406 0.2459007290331546 1.175240065384132 -0.78144051258435 207.5706003259687 -43.64874060757243
899 8.989999999999853 0.03929938135426615 0.237705679747257 1.176801837650074 -0.7812725494987702 208.0788379906063 -42.24799676359734
900 8.999999999999853 0.03925398403000153 0.2295022121145446 1.178328451887324 -0.781354599107414 208.5814724210099 -40.84252793092848
